iso3,iso_num,name,region,income,year,pop,gdp_pc,co2_pc,life_exp,u5_mort,school_mean,school_exp,water,sanitation,electricity,unemp,vuln_emp,pm25,health,education,living,work,environment,wellbeing,expected,gap,gap_health,gap_education,gap_living,gap_work,gap_environment,profile,n_imputed
AFG,4,Afghanistan,South Asia,low_income,2000,20130327,1617.83,0.05,55.0,131.7,1.26,5.86,29.73,22.3,4.4,7.9,94.67,64.77,31.46,20.48,18.81,34.38,14.5,23.93,33.67,-9.74,2.0,-8.13,-7.73,-15.59,-18.59,0.0,0
AFG,4,Afghanistan,South Asia,low_income,2001,20284307,1454.11,0.05,55.51,127.5,1.32,6.15,29.76,22.31,9.3,7.97,94.64,64.6,32.2,21.46,20.46,34.24,14.59,24.59,32.54,-7.94,3.83,-6.3,-2.47,-15.25,-18.66,,0
AFG,4,Afghanistan,South Asia,low_income,2002,21378117,1774.31,0.04,56.22,123.1,1.37,6.44,31.84,23.73,14.1,7.87,94.38,64.42,33.13,22.45,23.22,34.59,14.68,25.62,35.28,-9.66,1.23,-8.79,-5.61,-15.69,-19.2,,0
AFG,4,Afghanistan,South Asia,low_income,2003,22733049,1815.93,0.04,57.17,118.5,1.42,6.73,33.91,25.16,19.0,7.84,94.09,64.18,34.28,23.43,26.02,34.79,14.81,26.66,36.16,-9.49,1.3,-9.06,-4.56,-15.8,-19.6,,0
AFG,4,Afghanistan,South Asia,low_income,2004,23560654,1776.92,0.04,57.81,113.9,1.47,7.6,36.0,26.59,23.8,7.79,93.86,63.83,35.2,26.01,28.8,35.01,14.99,28.0,36.17,-8.17,1.89,-6.8,-1.29,-15.61,-19.87,,0
AFG,4,Afghanistan,South Asia,low_income,2005,24404567,1908.11,0.05,58.25,109.3,1.52,7.86,38.11,28.03,28.7,7.88,93.52,63.32,35.98,26.9,31.61,35.02,15.25,28.95,37.26,-8.3,1.03,-7.35,-0.83,-16.07,-19.87,,0
AFG,4,Afghanistan,South Asia,low_income,2006,25424094,1929.72,0.06,58.55,104.8,1.6,8.12,40.22,29.47,33.5,7.9,93.19,61.51,36.67,27.86,34.4,35.16,16.22,30.06,37.72,-7.65,1.0,-7.28,1.18,-16.01,-19.01,,0
AFG,4,Afghanistan,South Asia,low_income,2007,25909852,2155.35,0.08,58.96,100.4,1.67,8.37,42.43,30.88,38.4,7.84,92.75,58.08,37.45,28.82,37.23,35.5,18.14,31.43,39.14,-7.71,-0.09,-8.01,1.02,-16.24,-17.2,,0
AFG,4,Afghanistan,South Asia,low_income,2008,26482622,2191.5,0.15,59.71,96.1,1.74,8.63,44.65,32.27,42.4,7.88,92.35,54.19,38.5,29.78,39.78,35.64,20.45,32.83,39.6,-6.77,0.54,-7.8,2.72,-16.29,-15.06,0.0,0
AFG,4,Afghanistan,South Asia,low_income,2009,27466101,2565.02,0.22,60.25,91.9,1.82,8.89,46.89,33.67,48.3,7.81,91.24,51.0,39.4,30.75,42.95,36.36,22.48,34.39,41.58,-7.19,-1.51,-9.27,1.1,-16.58,-13.37,,0
AFG,4,Afghanistan,South Asia,low_income,2010,28284089,2848.59,0.28,60.7,88.0,1.89,9.18,49.13,35.06,42.7,7.81,90.04,49.68,40.22,31.8,42.3,36.99,23.35,34.93,43.02,-8.08,-1.99,-9.81,-1.83,-16.33,-12.58,,0
AFG,4,Afghanistan,South Asia,low_income,2011,29347708,2757.05,0.39,61.25,84.3,1.94,9.47,51.39,36.45,43.2,7.83,89.0,61.82,41.11,32.77,43.68,37.5,16.06,34.22,42.63,-8.41,-1.4,-8.63,0.37,-15.46,-17.46,,0
AFG,4,Afghanistan,South Asia,low_income,2012,30560034,2985.32,0.32,61.74,80.8,1.98,9.8,53.66,37.84,69.1,7.88,87.95,70.92,41.94,33.85,53.53,37.96,11.47,35.75,43.45,-7.7,-1.95,-8.56,7.58,-15.28,-20.78,,0
AFG,4,Afghanistan,South Asia,low_income,2013,31622704,3046.58,0.27,62.19,77.6,2.03,10.13,55.93,39.22,68.0,7.92,86.48,73.13,42.73,34.92,54.39,38.64,10.45,36.22,44.65,-8.43,-1.9,-8.01,7.17,-14.93,-24.94,,0
AFG,4,Afghanistan,South Asia,low_income,2014,32792523,3017.94,0.24,62.26,74.6,2.08,10.46,58.22,40.61,89.5,7.92,85.08,77.14,43.21,35.99,62.78,39.39,8.66,38.01,44.62,-6.61,-1.56,-7.1,15.78,-13.98,-26.96,,0
AFG,4,Afghanistan,South Asia,low_income,2015,33831764,2967.69,0.25,62.27,71.9,2.12,10.48,60.52,41.99,71.5,9.03,84.13,73.49,43.62,36.2,58.0,37.66,10.28,37.15,43.83,-6.68,-1.46,-7.08,11.08,-15.43,-20.32,0.0,0
AFG,4,Afghanistan,South Asia,low_income,2016,34700612,2958.79,0.22,62.65,69.4,2.27,10.5,62.82,43.37,97.7,10.12,83.31,72.77,44.3,36.73,67.96,35.92,10.61,39.1,44.45,-5.35,-1.23,-6.85,21.06,-17.37,-21.46,,0
AFG,4,Afghanistan,South Asia,low_income,2017,35688935,2953.0,0.29,62.41,67.1,2.41,10.52,65.14,44.75,97.7,11.18,82.22,65.86,44.48,37.26,69.2,34.36,13.94,39.85,45.0,-5.15,-1.24,-6.52,21.57,-18.99,-19.92,,0
AFG,4,Afghanistan,South Asia,low_income,2018,36743039,2902.39,0.32,62.44,64.8,2.55,10.54,67.48,46.13,93.4,11.19,82.31,67.23,44.88,37.79,69.0,34.29,13.26,39.84,45.23,-5.38,-1.14,-6.12,20.72,-19.26,-20.85,,0
AFG,4,Afghanistan,South Asia,low_income,2019,37856121,2927.25,0.32,62.94,62.7,2.7,10.62,69.82,47.52,97.7,11.19,82.4,58.33,45.63,38.5,71.68,34.26,17.99,41.61,45.8,-4.19,-0.95,-5.87,23.03,-19.14,-17.9,,0
AFG,4,Afghanistan,South Asia,low_income,2020,39068979,2769.69,0.31,61.45,60.7,2.84,10.71,72.18,48.91,97.7,11.71,82.69,46.09,44.83,39.21,72.93,33.06,25.86,43.18,45.54,-2.36,-1.5,-5.68,23.91,-18.4,-9.37,,0
AFG,4,Afghanistan,South Asia,low_income,2021,40000412,2144.17,0.31,60.42,58.7,2.99,10.71,74.55,50.3,97.7,12.01,80.59,46.09,44.4,39.69,74.18,33.57,25.86,43.54,42.56,0.98,1.15,-2.34,31.36,-16.54,-8.29,,1
AFG,4,Afghanistan,South Asia,low_income,2022,40578842,1981.71,0.28,65.62,56.8,2.51,10.71,76.94,51.69,85.3,14.1,81.09,46.09,48.76,38.12,71.31,29.12,25.86,42.63,41.88,0.75,4.77,-2.79,30.04,-21.85,-8.05,0.0,1
AGO,24,Angola,Sub-Saharan Africa,lower_middle_income,2000,16194869,6796.41,1.02,46.5,185.0,3.43,4.82,37.84,33.8,24.2,16.65,81.58,23.51,21.23,24.81,31.95,23.77,48.33,30.02,54.73,-24.71,-31.49,-26.28,-41.57,-34.22,6.6,0.0,0
AGO,24,Angola,Sub-Saharan Africa,lower_middle_income,2001,16747208,6848.68,0.97,47.03,176.3,3.46,5.25,38.34,34.26,20.0,16.67,81.29,23.65,22.16,26.13,30.86,23.88,48.12,30.23,55.14,-24.91,-31.37,-25.61,-42.95,-33.45,6.35,,0
AGO,24,Angola,Sub-Saharan Africa,lower_middle_income,2002,17327699,7523.81,0.92,47.87,166.4,3.51,5.68,38.84,34.71,26.3,16.43,80.89,23.82,23.44,27.45,33.28,24.56,47.89,31.32,56.93,-25.61,-32.31,-26.17,-44.07,-33.34,5.17,,0
AGO,24,Angola,Sub-Saharan Africa,lower_middle_income,2003,17943712,7518.89,0.97,50.22,155.5,3.55,6.1,40.4,35.76,27.4,16.44,80.52,23.98,25.98,28.77,34.52,24.73,47.66,32.33,57.17,-24.84,-30.13,-25.03,-43.08,-33.41,5.02,,0
AGO,24,Angola,Sub-Saharan Africa,lower_middle_income,2004,18600423,8081.76,0.95,51.12,143.7,3.59,6.53,41.98,36.8,28.4,16.31,80.08,24.11,27.53,30.09,35.73,25.22,47.49,33.21,58.1,-24.88,-29.52,-25.1,-43.48,-33.96,4.33,,0
AGO,24,Angola,Sub-Saharan Africa,lower_middle_income,2005,19291161,8895.38,0.81,52.13,131.5,3.63,6.96,43.57,37.85,29.4,16.3,79.52,24.16,29.27,31.41,36.94,25.56,47.41,34.12,59.58,-25.46,-29.73,-25.29,-44.86,-35.17,3.6,,0
AGO,24,Angola,Sub-Saharan Africa,lower_middle_income,2006,20015279,9588.82,0.82,52.96,119.8,3.67,7.38,45.01,38.73,30.5,16.12,78.98,24.17,30.92,32.73,38.08,26.19,47.4,35.06,60.73,-25.67,-29.07,-24.89,-45.6,-36.14,3.35,,0
AGO,24,Angola,Sub-Saharan Africa,lower_middle_income,2007,20778561,10437.59,0.82,54.2,109.0,3.71,7.81,46.47,39.62,37.5,16.07,78.38,24.17,32.9,34.05,41.2,26.62,47.4,36.43,61.98,-25.55,-28.62,-25.0,-44.01,-36.94,2.76,,0
AGO,24,Angola,Sub-Saharan Africa,lower_middle_income,2008,21578655,11134.7,0.89,55.28,99.2,3.75,8.24,47.94,40.51,38.5,16.15,77.61,24.17,34.75,35.38,42.32,26.85,47.4,37.34,63.04,-25.71,-27.85,-24.91,-44.58,-37.98,2.13,0.0,0
AGO,24,Angola,Sub-Saharan Africa,lower_middle_income,2009,22414773,10933.27,0.94,56.22,90.7,3.79,8.66,49.42,41.39,33.8,16.38,76.9,24.17,36.45,36.7,41.54,26.76,47.4,37.77,63.11,-25.34,-26.54,-24.26,-45.55,-36.99,1.76,,0
AGO,24,Angola,Sub-Saharan Africa,lower_middle_income,2010,23294825,11077.13,0.98,57.24,83.4,3.83,9.09,50.92,42.28,35.0,16.6,75.49,24.18,38.14,38.02,42.73,27.08,47.39,38.67,63.38,-24.71,-25.09,-23.29,-44.36,-36.28,1.77,,0
AGO,24,Angola,Sub-Saharan Africa,lower_middle_income,2011,24218352,11037.64,0.98,58.09,77.2,3.87,10.07,52.44,43.16,34.6,16.77,74.34,24.34,39.64,40.88,43.4,27.33,47.17,39.68,63.39,-23.71,-23.65,-20.86,-43.81,-35.98,3.01,,0
AGO,24,Angola,Sub-Saharan Africa,lower_middle_income,2012,25177394,11519.99,0.98,58.92,72.0,3.91,10.49,53.96,44.05,37.3,16.54,71.39,24.48,41.03,42.18,45.1,29.35,46.98,40.93,63.81,-22.89,-22.59,-20.61,-42.59,-34.28,2.11,,0
AGO,24,Angola,Sub-Saharan Africa,lower_middle_income,2013,26165620,11626.19,1.09,59.7,67.9,3.95,10.91,55.5,44.93,38.4,16.46,68.42,24.54,42.27,43.47,46.28,31.06,46.9,42.0,63.95,-21.96,-21.65,-19.73,-41.49,-32.95,2.08,,0
AGO,24,Angola,Sub-Saharan Africa,lower_middle_income,2014,27160769,11721.66,1.14,60.4,64.5,3.99,11.33,57.06,45.81,32.0,16.37,65.39,23.95,43.36,44.77,44.95,32.84,47.71,42.73,64.54,-21.81,-21.0,-18.99,-43.02,-30.42,1.98,,0
AGO,24,Angola,Sub-Saharan Africa,lower_middle_income,2015,28157798,11392.91,1.18,61.04,61.8,5.32,11.75,58.62,46.68,42.0,16.47,65.26,25.0,44.32,50.35,49.1,32.71,46.27,44.55,63.9,-19.35,-19.87,-13.15,-38.32,-29.84,1.94,0.0,0
AGO,24,Angola,Sub-Saharan Africa,lower_middle_income,2016,29183070,10805.71,1.07,61.62,59.6,5.42,12.17,60.19,47.56,41.8,16.57,65.22,25.18,45.16,51.86,49.85,32.53,46.04,45.09,63.15,-18.06,-18.23,-10.82,-35.89,-29.88,1.6,,0
AGO,24,Angola,Sub-Saharan Africa,lower_middle_income,2017,30234839,10414.24,0.93,62.12,57.9,5.52,12.17,61.77,48.42,42.9,16.62,65.22,23.96,45.86,52.2,51.03,32.44,47.7,45.85,62.8,-16.95,-16.96,-9.63,-34.2,-29.19,2.77,,0
AGO,24,Angola,Sub-Saharan Africa,lower_middle_income,2018,31297155,10000.94,0.82,62.62,56.5,5.63,12.17,63.36,49.29,45.3,16.6,65.26,24.27,46.51,52.55,52.65,32.45,47.27,46.29,62.05,-15.76,-15.77,-8.54,-31.17,-29.41,3.48,,0
AGO,24,Angola,Sub-Saharan Africa,lower_middle_income,2019,32375632,9648.01,0.83,63.05,55.3,5.73,12.17,64.16,49.55,45.6,16.5,65.27,24.6,47.07,52.91,53.1,32.65,46.82,46.51,62.04,-15.53,-14.77,-7.86,-29.95,-28.82,2.09,,0
AGO,24,Angola,Sub-Saharan Africa,lower_middle_income,2020,33451132,8960.34,0.61,63.12,54.2,5.84,12.17,64.94,49.8,47.0,16.7,65.94,25.15,47.34,53.28,53.92,31.9,46.08,46.5,61.67,-15.17,-13.77,-7.58,-29.52,-26.85,0.87,,0
AGO,24,Angola,Sub-Saharan Africa,lower_middle_income,2021,34532429,8862.28,0.74,62.96,53.2,5.84,12.17,65.72,50.05,48.2,15.8,65.79,25.15,47.42,53.28,54.66,33.77,46.08,47.04,60.95,-13.9,-12.51,-6.9,-28.17,-25.81,1.58,,1
AGO,24,Angola,Sub-Saharan Africa,lower_middle_income,2022,35635029,8950.14,0.75,64.25,51.9,5.84,12.17,66.48,50.3,48.5,14.12,66.31,25.15,48.68,53.28,55.09,36.85,46.08,48.0,61.81,-13.81,-13.13,-7.07,-28.22,-25.02,1.59,1.0,1
ALB,8,Albania,Europe & Central Asia,upper_middle_income,2000,3089027,6582.02,1.05,74.83,27.0,8.75,10.7,86.4,89.49,99.4,19.02,56.97,22.27,63.92,58.9,91.76,31.97,50.14,59.34,54.21,5.13,11.71,8.33,19.31,-25.77,8.75,1.0,0
ALB,8,Albania,Europe & Central Asia,upper_middle_income,2001,3060173,7232.99,1.12,75.08,25.6,8.82,10.92,86.9,90.03,99.4,18.57,56.46,22.37,64.69,59.74,92.11,33.14,49.99,59.94,56.09,3.85,10.23,7.04,16.36,-24.59,7.59,,0
ALB,8,Albania,Europe & Central Asia,upper_middle_income,2002,3051010,7590.49,1.31,75.3,24.3,8.89,11.02,87.45,90.61,99.4,17.89,55.91,22.48,65.42,60.24,92.49,34.79,49.82,60.55,57.06,3.49,9.54,6.49,14.9,-23.18,7.01,,0
ALB,8,Albania,Europe & Central Asia,upper_middle_income,2003,3039616,8025.28,1.39,75.56,22.9,8.95,11.38,87.99,91.17,99.4,16.98,55.44,22.59,66.27,61.44,92.85,36.85,49.65,61.41,58.22,3.2,9.06,6.57,13.2,-21.72,6.34,,0
ALB,8,Albania,Europe & Central Asia,upper_middle_income,2004,3026939,8483.29,1.46,75.95,21.4,9.02,11.5,88.51,91.71,99.4,16.31,55.46,22.68,67.3,62.01,93.21,38.2,49.53,62.05,58.86,3.19,9.42,6.04,12.48,-21.31,5.89,,0
ALB,8,Albania,Europe & Central Asia,upper_middle_income,2005,3011487,8964.32,1.38,76.43,20.0,9.08,12.23,89.02,92.32,99.4,15.97,55.25,22.71,68.41,64.26,93.58,38.99,49.49,62.94,59.69,3.25,9.29,7.44,11.6,-21.8,5.6,,0
ALB,8,Albania,Europe & Central Asia,upper_middle_income,2006,2992547,9564.03,1.38,76.99,18.5,9.15,12.55,89.52,92.92,99.4,15.63,54.74,22.51,69.69,65.36,93.95,39.94,49.78,63.74,60.69,3.05,9.74,7.78,10.35,-22.37,5.76,,0
ALB,8,Albania,Europe & Central Asia,upper_middle_income,2007,2970017,10262.97,1.43,77.69,17.1,9.21,12.97,90.0,93.51,99.4,15.97,54.92,22.04,71.08,66.74,94.3,39.16,50.48,64.35,61.73,2.62,9.82,7.95,9.52,-24.25,6.01,,0
ALB,8,Albania,Europe & Central Asia,upper_middle_income,2008,2947314,11056.35,1.42,78.25,15.8,9.28,13.18,90.48,94.08,100.0,13.06,58.42,21.48,72.37,67.52,94.85,43.13,51.34,65.84,62.95,2.9,9.86,7.35,8.09,-21.62,6.14,1.0,0
ALB,8,Albania,Europe & Central Asia,upper_middle_income,2009,2927519,11430.62,1.46,78.51,14.5,9.45,13.36,90.93,94.63,99.6,13.67,56.83,21.01,73.5,68.62,95.06,42.74,52.08,66.4,63.71,2.69,9.85,6.95,7.11,-21.36,5.94,,0
ALB,8,Albania,Europe & Central Asia,upper_middle_income,2010,2913021,11829.05,1.57,78.41,13.3,9.63,14.17,91.38,95.17,99.6,14.09,55.13,20.81,74.36,71.46,95.38,42.81,52.39,67.28,64.27,3.01,10.15,9.13,6.84,-21.02,6.07,,0
ALB,8,Albania,Europe & Central Asia,upper_middle_income,2011,2905195,12153.11,1.72,78.3,12.2,9.8,15.0,91.81,95.7,99.7,13.48,59.19,22.8,75.22,74.34,95.74,41.88,49.35,67.31,64.66,2.65,10.52,11.15,6.46,-22.19,4.07,,0
ALB,8,Albania,Europe & Central Asia,upper_middle_income,2012,2860708,12463.57,1.59,78.08,11.2,10.03,15.77,92.23,96.21,99.9,13.38,61.53,20.96,75.98,77.21,96.11,40.86,52.16,68.46,64.88,3.58,11.2,13.24,6.52,-23.39,6.34,,0
ALB,8,Albania,Europe & Central Asia,upper_middle_income,2013,2816902,12873.48,1.69,78.0,10.5,10.02,16.0,92.63,96.71,99.9,15.87,57.78,19.41,76.61,77.82,96.41,37.86,54.73,68.69,65.33,3.35,11.19,12.92,6.24,-27.03,8.75,,0
ALB,8,Albania,Europe & Central Asia,upper_middle_income,2014,2773767,13366.56,1.84,78.03,9.9,10.01,16.24,93.02,97.19,100.0,18.06,55.98,19.37,77.27,78.47,96.74,34.43,54.8,68.34,66.33,2.01,11.0,12.47,6.01,-29.97,7.64,,0
ALB,8,Albania,Europe & Central Asia,upper_middle_income,2015,2731293,13876.82,1.79,78.36,9.6,10.0,15.91,93.39,97.65,100.0,17.19,56.45,19.12,77.86,77.52,97.02,35.9,55.22,68.7,66.65,2.05,10.72,10.63,5.55,-28.36,8.29,3.0,0
ALB,8,Albania,Europe & Central Asia,upper_middle_income,2016,2689469,14643.49,1.69,78.64,9.4,9.99,15.45,93.75,98.11,99.9,15.42,55.9,17.6,78.31,76.2,97.25,39.74,57.99,69.9,67.48,2.42,10.4,8.27,5.06,-25.32,9.56,,0
ALB,8,Albania,Europe & Central Asia,upper_middle_income,2017,2648285,15359.46,2.02,78.9,9.3,9.98,15.33,94.1,98.55,99.9,13.62,52.83,18.56,78.62,75.83,97.52,44.96,56.23,70.63,68.22,2.41,9.95,7.23,4.8,-19.92,6.46,,0
ALB,8,Albania,Europe & Central Asia,upper_middle_income,2018,2607733,16170.99,2.05,79.24,9.3,10.02,15.11,94.44,98.97,100.0,12.3,52.19,19.05,78.88,75.38,97.8,47.93,55.36,71.07,68.89,2.18,9.36,5.98,4.46,-17.86,5.69,,0
ALB,8,Albania,Europe & Central Asia,upper_middle_income,2019,2567801,16761.19,1.94,79.47,9.4,10.07,15.18,94.76,99.18,100.0,11.47,51.2,15.7,78.94,75.74,97.98,50.12,61.79,72.91,69.81,3.11,8.8,5.57,4.13,-15.61,10.05,,0
ALB,8,Albania,Europe & Central Asia,upper_middle_income,2020,2528480,16457.79,1.81,77.82,9.4,10.12,14.76,95.07,99.3,100.0,11.64,50.3,15.71,77.68,74.74,98.12,50.25,61.79,72.52,70.24,2.27,7.58,3.76,3.42,-13.62,8.74,,0
ALB,8,Albania,Europe & Central Asia,upper_middle_income,2021,2489762,18212.87,2.05,76.84,9.5,10.12,14.57,95.08,99.3,100.0,11.47,48.15,15.71,76.81,74.21,98.13,51.71,61.79,72.53,70.93,1.6,6.58,2.32,3.07,-14.32,8.27,,1
ALB,8,Albania,Europe & Central Asia,upper_middle_income,2022,2451636,19388.87,1.85,78.77,9.4,10.12,14.49,95.09,99.3,100.0,10.78,48.98,15.71,78.4,73.98,98.13,52.65,61.79,72.99,72.3,0.69,5.84,1.44,2.64,-16.85,7.81,3.0,1
ARE,784,UAE,Middle East & N. Africa,high_income,2000,3493575,95390.7,25.32,76.35,10.7,8.48,11.03,99.62,99.16,100.0,2.25,0.23,44.18,75.14,58.92,99.59,95.38,27.27,71.26,84.98,-13.72,-12.4,-24.21,-2.73,0.85,-34.2,2.0,0
ARE,784,UAE,Middle East & N. Africa,high_income,2001,3723590,90750.35,27.19,77.62,10.5,8.58,11.14,99.61,99.16,100.0,2.44,0.24,44.19,76.32,59.56,99.59,94.99,27.26,71.54,85.73,-14.19,-11.64,-24.44,-2.5,0.53,-35.45,,0
ARE,784,UAE,Middle East & N. Africa,high_income,2002,3956826,87479.24,26.16,78.72,10.3,8.69,11.25,99.63,99.15,100.0,2.66,0.28,44.19,77.37,60.19,99.6,94.54,27.26,71.79,85.56,-13.77,-10.64,-23.62,-2.22,1.65,-37.3,,0
ARE,784,UAE,Middle East & N. Africa,high_income,2003,4192457,89828.56,25.96,79.6,10.2,8.79,11.35,99.66,99.15,100.0,2.9,0.27,44.17,78.16,60.83,99.6,94.05,27.28,71.98,85.54,-13.56,-10.23,-23.45,-2.1,1.63,-38.3,,0
ARE,784,UAE,Middle East & N. Africa,high_income,2004,4428967,93166.14,25.97,80.27,10.0,8.89,11.46,99.68,99.15,100.0,2.96,0.25,44.13,78.89,61.47,99.61,93.94,27.31,72.24,85.76,-13.52,-10.21,-22.57,-1.99,2.15,-40.02,,0
ARE,784,UAE,Middle East & N. Africa,high_income,2005,4664790,92750.91,26.25,80.78,9.8,8.99,11.57,99.7,99.14,100.0,3.12,0.25,44.06,79.5,62.1,99.61,93.63,27.36,72.44,85.88,-13.44,-9.88,-22.9,-1.84,2.56,-41.34,,0
ARE,784,UAE,Middle East & N. Africa,high_income,2006,5009100,94872.54,25.39,81.16,9.6,9.16,11.67,99.72,99.14,100.0,2.96,0.26,43.83,80.01,62.96,99.62,93.93,27.53,72.81,86.87,-14.06,-10.09,-22.72,-1.78,2.31,-42.51,,0
ARE,784,UAE,Middle East & N. Africa,high_income,2007,5624635,87180.61,24.38,81.44,9.4,9.33,11.78,99.74,99.13,100.0,2.93,0.29,43.42,80.46,63.82,99.63,93.98,27.85,73.15,87.38,-14.23,-9.47,-22.27,-1.46,2.6,-42.24,,0
ARE,784,UAE,Middle East & N. Africa,high_income,2008,6302664,80285.19,26.06,81.59,9.2,9.5,11.89,99.77,99.13,100.0,2.82,0.32,42.96,80.81,64.67,99.63,94.2,28.21,73.5,86.94,-13.44,-8.78,-20.91,-1.1,3.79,-41.61,2.0,0
ARE,784,UAE,Middle East & N. Africa,high_income,2009,6707058,71488.99,24.65,81.68,9.0,9.67,11.99,99.79,99.13,100.0,2.93,0.53,42.58,81.12,65.53,99.64,93.86,28.5,73.73,85.31,-11.58,-8.2,-19.26,-0.78,7.08,-41.27,,0
ARE,784,UAE,Middle East & N. Africa,high_income,2010,6869838,70913.78,25.03,81.89,8.8,9.83,12.1,99.81,99.12,100.0,2.8,0.61,42.42,81.52,66.39,99.64,94.08,28.62,74.05,85.46,-11.41,-7.92,-18.9,-0.61,8.03,-41.38,,0
ARE,784,UAE,Middle East & N. Africa,high_income,2011,7104538,73190.4,24.95,81.9,8.6,10.0,12.21,99.83,99.12,100.0,2.59,0.48,46.49,81.78,67.25,99.65,94.57,25.57,73.76,86.22,-12.46,-8.17,-18.81,-0.52,7.71,-42.77,,0
ARE,784,UAE,Middle East & N. Africa,high_income,2012,7391448,73644.05,25.03,81.91,8.4,10.17,12.31,99.86,99.12,100.0,2.32,0.56,49.86,82.04,68.1,99.66,95.06,23.23,73.62,86.58,-12.96,-8.0,-18.35,-0.52,8.02,-49.15,,0
ARE,784,UAE,Middle East & N. Africa,high_income,2013,7693031,74237.22,25.35,81.95,8.2,10.34,12.42,99.88,99.11,100.0,2.12,0.64,43.67,82.33,68.96,99.67,95.42,27.65,74.81,87.07,-12.26,-7.98,-18.91,-0.48,8.51,-47.26,,0
ARE,784,UAE,Middle East & N. Africa,high_income,2014,8059440,74145.11,24.58,81.99,7.9,10.51,12.53,99.9,99.11,100.0,2.0,0.57,38.44,82.77,69.82,99.67,95.7,31.91,75.97,87.48,-11.51,-7.91,-18.1,-0.36,8.72,-43.84,,0
ARE,784,UAE,Middle East & N. Africa,high_income,2015,8505237,75238.55,24.32,82.08,7.6,10.67,12.63,99.93,99.11,100.0,1.79,0.78,48.35,83.26,70.67,99.68,96.0,24.26,74.77,87.47,-12.7,-7.71,-17.92,-0.3,8.71,-51.02,2.0,0
ARE,784,UAE,Middle East & N. Africa,high_income,2016,8935095,75671.06,23.77,82.2,7.3,10.84,12.74,99.95,99.11,100.0,1.64,0.81,43.08,83.78,71.53,99.69,96.29,28.11,75.88,88.65,-12.76,-7.83,-17.72,-0.28,8.7,-50.52,,0
ARE,784,UAE,Middle East & N. Africa,high_income,2017,9223225,72529.06,22.16,82.39,7.0,12.06,14.21,99.98,99.1,100.0,2.46,0.75,44.25,84.39,79.66,99.69,94.68,27.22,77.13,88.26,-11.13,-7.06,-9.61,-0.12,7.03,-48.89,,0
ARE,784,UAE,Middle East & N. Africa,high_income,2018,9346701,72671.07,20.04,82.45,6.7,12.48,15.48,100.0,99.1,100.0,2.24,0.95,45.99,84.91,84.63,99.7,95.03,25.93,78.04,88.64,-10.61,-6.61,-5.09,-0.06,6.38,-50.69,,0
ARE,784,UAE,Middle East & N. Africa,high_income,2019,9445785,72822.97,20.95,82.6,6.3,12.69,16.76,100.0,99.1,100.0,2.33,1.4,41.96,85.69,88.86,99.7,94.6,28.99,79.57,89.16,-9.59,-6.17,-1.42,-0.01,5.34,-49.53,,0
ARE,784,UAE,Middle East & N. Africa,high_income,2020,9401038,66808.65,20.81,81.94,5.9,12.73,17.21,100.0,99.1,100.0,4.29,1.43,36.31,85.9,90.25,99.7,90.66,33.82,80.06,88.7,-8.64,-5.13,-0.38,0.12,4.05,-44.79,,0
ARE,784,UAE,Middle East & N. Africa,high_income,2021,9575152,68580.15,20.83,79.08,5.6,12.77,17.21,100.0,99.09,100.0,3.1,1.1,36.31,84.27,90.38,99.7,93.21,33.82,80.28,88.18,-7.9,-6.2,0.06,0.2,6.62,-43.81,,1
ARE,784,UAE,Middle East & N. Africa,high_income,2022,10074977,70075.63,19.37,80.49,5.3,12.77,17.21,100.0,99.09,100.0,2.87,1.15,36.31,85.95,90.38,99.7,93.65,33.82,80.7,88.53,-7.83,-4.7,0.32,0.2,5.31,-43.72,2.0,1
ARG,32,Argentina,Americas,upper_middle_income,2000,37213984,22281.38,3.67,73.91,19.4,8.8,15.69,96.28,87.67,95.7,15.0,21.97,17.43,66.8,72.91,93.22,58.43,58.32,69.94,71.18,-1.25,-4.52,4.42,-1.73,-12.21,5.86,3.0,0
ARG,32,Argentina,Americas,upper_middle_income,2001,37624825,21066.46,3.49,74.15,18.8,8.87,16.31,96.52,88.14,95.5,17.32,22.91,17.18,67.33,74.85,93.39,53.3,58.79,69.53,70.99,-1.46,-3.91,6.07,-1.43,-16.23,6.91,,0
ARG,32,Argentina,Americas,upper_middle_income,2002,38029349,18571.7,3.26,74.31,18.3,9.39,16.39,96.76,88.6,96.1,19.59,23.7,16.92,67.74,76.84,93.82,48.34,59.3,69.21,69.57,-0.36,-2.07,9.01,-0.21,-19.11,8.94,,0
ARG,32,Argentina,Americas,upper_middle_income,2003,38424282,20005.14,3.52,74.31,17.8,9.92,16.27,96.98,89.07,96.3,15.36,21.7,16.64,68.04,78.24,94.12,57.86,59.86,71.62,70.68,0.94,-3.06,8.7,-0.46,-10.06,8.57,,0
ARG,32,Argentina,Americas,upper_middle_income,2004,38815916,21591.45,3.86,74.87,17.3,10.01,16.3,97.2,89.54,96.5,13.52,21.6,16.34,68.78,78.63,94.41,61.59,60.47,72.78,71.51,1.27,-3.46,8.15,-0.42,-7.84,8.52,,0
ARG,32,Argentina,Americas,upper_middle_income,2005,39216789,23262.41,3.92,75.23,16.7,10.1,16.02,97.42,90.0,96.7,11.51,21.28,16.02,69.44,78.16,94.71,65.79,61.13,73.85,72.46,1.38,-3.85,6.33,-0.47,-5.31,8.4,,0
ARG,32,Argentina,Americas,upper_middle_income,2006,39622115,24877.25,4.1,75.28,16.2,10.19,16.17,97.63,90.46,97.0,10.08,20.26,15.59,69.81,78.9,95.03,69.18,62.04,74.99,73.4,1.59,-4.15,6.08,-0.44,-3.79,8.58,,0
ARG,32,Argentina,Americas,upper_middle_income,2007,40016763,26850.66,4.33,74.78,15.8,10.3,16.19,97.84,90.93,97.2,8.47,19.18,15.04,69.7,79.3,95.32,72.97,63.23,76.1,74.49,1.61,-5.26,5.5,-0.4,-1.75,8.81,,0
ARG,32,Argentina,Americas,upper_middle_income,2008,40424148,27658.49,4.43,75.43,15.4,10.41,16.38,98.04,91.39,97.5,7.84,19.1,14.5,70.47,80.19,95.64,74.27,64.45,77.01,75.21,1.8,-5.34,5.58,-0.31,-1.42,9.28,3.0,0
ARG,32,Argentina,Americas,upper_middle_income,2009,40854831,25747.2,4.03,75.58,15.0,10.54,16.71,98.24,91.85,97.8,8.64,19.59,14.09,70.88,81.56,95.96,72.4,65.41,77.24,74.5,2.75,-5.26,6.96,-0.01,0.45,10.2,,0
ARG,32,Argentina,Americas,upper_middle_income,2010,41288694,28056.26,4.29,75.68,14.4,10.6,17.03,98.43,92.31,98.8,7.71,19.05,13.93,71.4,82.63,96.52,74.55,65.8,78.18,75.36,2.82,-6.08,6.76,0.1,2.47,9.45,,0
ARG,32,Argentina,Americas,upper_middle_income,2011,41730660,29425.76,4.43,76.1,13.9,10.7,17.26,98.62,92.77,99.0,7.18,18.62,14.24,72.1,83.62,96.8,75.84,65.07,78.69,76.12,2.57,-6.51,6.61,-0.01,2.18,8.83,,0
ARG,32,Argentina,Americas,upper_middle_income,2012,42161721,28825.97,4.48,75.8,13.3,10.79,17.24,98.81,93.23,99.1,7.22,19.03,13.36,72.35,83.83,97.04,75.55,67.2,79.19,75.96,3.24,-6.19,6.81,0.36,2.44,9.74,,0
ARG,32,Argentina,Americas,upper_middle_income,2013,42582455,29227.66,4.54,75.83,12.7,10.89,17.23,98.86,93.62,99.3,7.1,19.69,14.76,72.88,84.19,97.26,75.44,63.86,78.72,76.41,2.31,-6.28,6.13,0.38,1.72,5.97,,0
ARG,32,Argentina,Americas,upper_middle_income,2014,43024071,28200.82,4.42,76.27,12.2,10.91,17.42,98.92,94.02,100.0,7.27,20.18,13.95,73.65,84.76,97.65,74.84,65.75,79.33,76.37,2.96,-5.22,6.89,0.75,1.42,8.15,,0
ARG,32,Argentina,Americas,upper_middle_income,2015,43477012,28669.21,4.51,76.6,11.7,10.92,17.58,98.98,94.42,99.7,7.58,20.6,14.62,74.36,85.24,97.7,74.0,64.17,79.09,76.63,2.46,-4.83,7.04,0.72,0.07,6.39,4.0,0
ARG,32,Argentina,Americas,upper_middle_income,2016,43900313,27802.11,4.42,76.1,11.4,10.93,17.86,99.04,94.82,99.9,8.09,21.08,14.27,74.26,86.03,97.92,72.73,64.99,79.19,76.65,2.54,-4.51,8.19,0.94,-1.34,6.44,,0
ARG,32,Argentina,Americas,upper_middle_income,2017,44288894,28334.9,4.32,76.54,11.0,11.02,17.84,99.04,94.82,100.0,8.35,21.51,13.97,74.99,86.29,97.95,71.99,65.7,79.38,76.93,2.45,-4.15,8.19,0.91,-2.47,7.04,,2
ARG,32,Argentina,Americas,upper_middle_income,2018,44654882,27367.12,4.25,76.77,10.7,11.1,17.86,99.04,94.82,100.0,9.22,21.62,14.19,75.46,86.62,97.95,70.18,65.19,79.08,76.38,2.71,-3.14,8.99,1.06,-4.13,8.16,,2
ARG,32,Argentina,Americas,upper_middle_income,2019,44973465,26629.55,4.08,76.85,10.5,11.12,18.09,99.04,94.82,100.0,9.84,22.72,14.4,75.72,87.08,97.95,68.36,64.69,78.76,76.46,2.3,-2.43,9.72,1.1,-5.2,6.11,,2
ARG,32,Argentina,Americas,upper_middle_income,2020,45191965,23877.09,3.72,75.88,10.3,11.14,18.36,99.04,94.82,100.0,11.46,24.07,14.91,75.19,87.15,97.95,64.41,63.53,77.65,75.53,2.12,-1.31,10.42,0.95,-5.97,5.12,,2
ARG,32,Argentina,Americas,upper_middle_income,2021,45312281,26300.27,4.1,73.95,10.1,11.14,18.98,99.04,94.82,100.0,8.74,24.02,14.91,73.92,87.15,97.95,69.89,63.53,78.49,76.08,2.41,-2.59,9.64,0.84,-2.08,4.5,,3
ARG,32,Argentina,Americas,upper_middle_income,2022,45407904,27825.03,4.3,75.81,9.9,11.14,18.98,99.04,94.82,100.0,6.8,23.28,14.91,75.56,87.15,97.95,74.14,63.53,79.67,77.09,2.58,-2.68,9.28,0.61,-0.67,4.13,4.0,3
ARM,51,Armenia,Europe & Central Asia,upper_middle_income,2000,3221100,4589.01,1.11,72.88,30.6,10.49,10.72,95.67,88.03,98.9,11.11,50.82,27.5,61.06,64.76,94.2,51.04,43.1,62.83,47.91,14.92,15.18,20.31,34.66,-3.61,5.76,1.0,0
ARM,51,Armenia,Europe & Central Asia,upper_middle_income,2001,3211800,5044.12,1.13,72.98,29.1,10.49,10.51,95.88,88.23,100.0,11.01,50.43,27.48,61.68,64.14,94.71,51.43,43.11,63.02,49.65,13.36,13.56,17.83,32.0,-3.47,4.96,,0
ARM,51,Armenia,Europe & Central Asia,upper_middle_income,2002,3199800,5731.35,0.97,72.83,27.7,10.56,10.55,96.11,88.46,98.0,10.89,49.82,27.48,62.1,64.49,94.19,52.0,43.11,63.18,52.29,10.89,11.04,15.57,26.33,-4.0,3.36,,0
ARM,51,Armenia,Europe & Central Asia,upper_middle_income,2003,3182500,6569.26,1.09,72.83,26.4,10.63,10.59,96.35,88.69,99.1,10.77,49.11,27.54,62.62,64.84,94.71,52.61,43.05,63.57,54.96,8.61,8.81,13.29,21.47,-4.61,1.86,,0
ARM,51,Armenia,Europe & Central Asia,upper_middle_income,2004,3164900,7299.4,1.19,73.03,25.1,10.7,10.63,96.58,88.92,99.1,10.68,48.49,27.68,63.32,65.19,94.87,53.12,42.88,63.88,56.62,7.26,7.89,11.51,18.38,-5.32,0.73,,0
ARM,51,Armenia,Europe & Central Asia,upper_middle_income,2005,3146400,8362.9,1.42,73.08,23.9,10.77,10.88,96.82,89.15,99.8,10.58,47.69,27.93,63.89,66.13,95.26,53.73,42.58,64.32,58.67,5.65,5.89,10.39,15.1,-6.53,-0.63,,0
ARM,51,Armenia,Europe & Central Asia,upper_middle_income,2006,3127100,9525.23,1.42,72.82,22.7,10.84,11.34,97.06,89.38,99.1,10.5,46.99,28.4,64.26,67.63,95.18,54.27,42.01,64.67,60.63,4.04,4.38,10.1,11.71,-8.0,-1.97,,0
ARM,51,Armenia,Europe & Central Asia,upper_middle_income,2007,3107400,10898.85,1.66,72.87,21.6,10.91,11.93,97.3,89.61,99.2,10.39,46.25,29.22,64.84,69.51,95.37,54.87,41.07,65.13,62.62,2.51,2.63,9.79,9.03,-9.06,-4.02,,0
ARM,51,Armenia,Europe & Central Asia,upper_middle_income,2008,3087100,11727.48,1.83,73.07,20.6,10.98,11.7,97.54,89.84,99.2,17.1,45.56,30.45,65.5,69.1,95.53,41.82,39.69,62.33,63.74,-1.41,2.19,7.99,7.77,-23.54,-6.13,1.0,0
ARM,51,Armenia,Europe & Central Asia,upper_middle_income,2009,3066000,10143.24,1.47,73.07,19.6,11.05,12.23,97.78,90.07,99.3,19.3,45.5,32.17,66.04,70.82,95.72,37.46,37.86,61.58,62.05,-0.47,4.19,11.06,10.37,-25.71,-6.97,,0
ARM,51,Armenia,Europe & Central Asia,upper_middle_income,2010,3044800,10438.56,1.41,73.17,18.7,11.12,12.43,98.03,90.3,99.8,19.52,46.67,34.45,66.63,71.6,96.04,36.39,35.58,61.25,62.57,-1.32,4.3,11.21,10.33,-26.54,-9.43,,0
ARM,51,Armenia,Europe & Central Asia,upper_middle_income,2011,3027900,10990.18,1.62,73.82,17.8,11.19,12.56,98.27,90.53,99.5,18.88,47.28,41.81,67.66,72.19,96.1,37.35,29.11,60.48,63.32,-2.84,4.45,10.52,9.03,-25.93,-15.01,,0
ARM,51,Armenia,Europe & Central Asia,upper_middle_income,2012,3024100,11796.27,1.87,74.12,16.9,11.29,12.68,98.52,90.76,99.5,17.51,46.73,43.29,68.46,72.85,96.26,40.39,27.95,61.18,64.16,-2.98,4.48,9.69,7.88,-23.42,-17.21,,0
ARM,51,Armenia,Europe & Central Asia,upper_middle_income,2013,3022000,12194.02,1.82,74.62,16.1,11.38,12.8,98.77,91.0,99.4,16.58,45.71,41.05,69.37,73.5,96.39,42.79,29.72,62.36,64.63,-2.28,4.72,9.49,7.24,-21.61,-15.64,,0
ARM,51,Armenia,Europe & Central Asia,upper_middle_income,2014,3013800,12667.38,1.91,74.87,15.4,11.48,13.08,99.02,91.24,99.7,17.5,45.56,38.64,70.05,74.59,96.65,41.02,31.74,62.81,65.63,-2.82,4.54,9.48,6.83,-22.88,-14.82,,0
ARM,51,Armenia,Europe & Central Asia,upper_middle_income,2015,3004600,13112.76,1.87,74.87,14.7,11.57,13.13,99.22,91.48,100.0,18.26,44.71,38.11,70.55,75.05,96.9,39.94,32.2,62.93,65.9,-2.97,4.23,9.1,6.23,-23.73,-14.0,1.0,0
ARM,51,Armenia,Europe & Central Asia,upper_middle_income,2016,2992300,13192.99,1.8,74.87,14.0,11.69,13.36,99.32,91.73,99.8,17.62,43.74,35.86,71.08,76.08,96.95,41.75,34.23,64.02,66.04,-2.02,4.67,9.89,6.35,-22.24,-12.78,,0
ARM,51,Armenia,Europe & Central Asia,upper_middle_income,2017,2979400,14243.87,1.91,75.22,13.3,11.19,13.59,99.42,91.98,99.7,17.7,41.95,34.02,71.9,75.05,97.03,42.51,36.0,64.5,67.19,-2.7,4.35,7.71,5.2,-21.49,-12.78,,0
ARM,51,Armenia,Europe & Central Asia,upper_middle_income,2018,2969000,15037.05,2.0,75.62,12.7,11.24,13.82,99.46,92.24,99.9,18.97,41.66,34.2,72.71,75.84,97.2,40.14,35.81,64.34,67.9,-3.55,4.27,7.68,4.73,-24.88,-12.95,,0
ARM,51,Armenia,Europe & Central Asia,upper_middle_income,2019,2962500,16215.36,2.17,76.22,12.1,11.28,14.0,99.46,92.5,100.0,18.3,38.56,32.66,73.7,76.49,97.32,43.1,37.35,65.59,69.36,-3.76,4.07,6.9,3.81,-22.3,-13.95,,0
ARM,51,Armenia,Europe & Central Asia,upper_middle_income,2020,2961500,15052.94,2.33,73.38,11.6,11.33,14.08,99.46,92.76,100.0,18.18,38.91,30.58,71.97,76.87,97.41,43.17,39.55,65.79,69.03,-3.24,3.27,7.33,3.53,-19.5,-12.3,,0
ARM,51,Armenia,Europe & Central Asia,upper_middle_income,2021,2962300,15921.71,2.52,72.28,11.0,11.33,14.43,99.45,93.03,100.0,15.47,35.85,30.58,71.7,77.85,97.5,50.19,39.55,67.36,69.12,-1.76,3.56,8.09,3.44,-14.1,-12.2,,1
ARM,51,Armenia,Europe & Central Asia,upper_middle_income,2022,2969200,17886.18,2.62,74.77,10.5,11.33,14.41,99.91,93.31,100.0,13.45,35.43,30.58,74.12,77.78,97.74,54.45,39.55,68.73,71.23,-2.5,2.77,6.47,2.7,-13.88,-13.29,3.0,1
AUS,36,Australia,East Asia & Pacific,high_income,2000,19028802,45099.08,18.6,79.23,6.2,11.29,20.78,99.71,99.99,100.0,6.29,12.46,7.46,83.28,87.63,99.9,80.87,86.66,87.67,78.26,9.41,3.65,11.47,1.08,-1.12,29.47,4.0,0
AUS,36,Australia,East Asia & Pacific,high_income,2001,19274701,45428.2,18.7,79.63,6.1,11.34,20.94,99.71,99.99,100.0,6.75,12.33,7.39,83.76,87.81,99.9,80.02,86.96,87.69,79.02,8.67,3.38,10.56,1.03,-2.48,29.15,,0
AUS,36,Australia,East Asia & Pacific,high_income,2002,19495210,46688.39,18.91,79.94,6.0,11.4,21.11,99.71,99.99,100.0,6.38,12.2,7.27,84.18,88.0,99.9,80.83,87.52,88.09,79.53,8.56,2.99,9.89,0.9,-1.54,28.43,,0
AUS,36,Australia,East Asia & Pacific,high_income,2003,19720737,47581.23,18.67,80.24,5.9,11.46,21.27,99.73,99.99,100.0,5.93,11.78,7.13,84.59,88.19,99.91,81.93,88.15,88.55,79.75,8.81,2.96,9.26,0.9,0.12,28.38,,0
AUS,36,Australia,East Asia & Pacific,high_income,2004,19932722,49061.28,19.16,80.49,5.8,11.51,21.44,99.76,99.99,100.0,5.4,12.52,7.03,84.97,88.37,99.92,82.61,88.65,88.9,80.1,8.81,2.62,9.18,0.92,0.83,27.91,,0
AUS,36,Australia,East Asia & Pacific,high_income,2005,20176844,49997.07,19.04,80.84,5.7,11.55,21.6,99.78,99.99,100.0,5.04,11.8,6.99,85.43,88.49,99.92,83.72,88.82,89.28,80.45,8.82,2.65,8.35,0.96,1.75,27.22,,0
AUS,36,Australia,East Asia & Pacific,high_income,2006,20450966,50693.72,19.08,81.04,5.6,11.64,21.77,99.8,99.99,100.0,4.78,11.57,7.05,85.78,88.82,99.93,84.34,88.54,89.48,81.13,8.35,2.61,8.09,1.01,1.51,26.27,,0
AUS,36,Australia,East Asia & Pacific,high_income,2007,20827622,51663.24,19.24,81.29,5.4,11.71,21.93,99.82,99.99,100.0,4.38,10.29,7.17,86.36,89.04,99.94,85.82,87.98,89.83,81.98,7.85,2.74,7.69,1.05,1.77,24.93,,0
AUS,36,Australia,East Asia & Pacific,high_income,2008,21249199,52473.38,19.03,81.4,5.2,11.94,22.1,99.84,99.99,100.0,4.24,9.46,7.3,86.85,89.79,99.95,86.54,87.36,90.1,82.56,7.53,2.44,7.93,0.98,1.93,23.43,4.0,0
AUS,36,Australia,East Asia & Pacific,high_income,2009,21691653,52407.91,18.92,81.54,5.0,11.99,22.26,99.86,100.0,100.0,5.56,10.8,7.41,87.39,89.96,99.95,83.19,86.88,89.47,82.28,7.19,1.79,7.71,0.77,1.03,21.52,,0
AUS,36,Australia,East Asia & Pacific,high_income,2010,22031750,52739.27,18.85,81.7,4.8,12.03,22.43,99.88,100.0,100.0,5.21,10.64,7.45,87.95,90.11,99.96,83.97,86.71,89.74,82.45,7.29,1.97,7.25,0.79,2.48,21.03,,0
AUS,36,Australia,East Asia & Pacific,high_income,2011,22340024,53257.05,18.48,81.9,4.5,12.12,22.59,99.89,100.0,100.0,5.08,10.62,7.32,88.81,90.39,99.96,84.24,87.27,90.13,82.87,7.26,2.33,6.82,0.8,2.02,23.05,,0
AUS,36,Australia,East Asia & Pacific,high_income,2012,22733465,54403.88,18.18,82.05,4.3,12.3,22.75,99.9,100.0,100.0,5.22,10.16,7.53,89.42,90.99,99.97,84.2,86.32,90.18,83.44,6.74,2.51,6.84,0.72,1.7,18.5,,0
AUS,36,Australia,East Asia & Pacific,high_income,2013,23128129,54895.01,17.54,82.15,4.1,12.02,22.92,99.91,100.0,100.0,5.66,10.4,7.43,90.01,90.06,99.97,83.2,86.76,90.0,83.91,6.1,2.74,4.69,0.69,0.65,17.09,,0
AUS,36,Australia,East Asia & Pacific,high_income,2014,23475686,55489.07,16.89,82.3,4.0,12.17,23.08,99.96,100.0,100.0,6.08,10.12,7.39,90.4,90.56,99.99,82.52,86.97,90.09,84.45,5.64,2.67,5.01,0.71,-0.41,16.39,,0
AUS,36,Australia,East Asia & Pacific,high_income,2015,23815995,55880.0,16.82,82.4,3.9,12.25,23.25,99.97,100.0,100.0,6.06,10.2,7.18,90.75,90.82,99.99,82.52,87.9,90.4,84.46,5.94,2.94,4.91,0.76,-0.78,17.73,4.0,0
AUS,36,Australia,East Asia & Pacific,high_income,2016,24190907,56529.95,16.89,82.45,3.8,12.35,22.86,99.97,100.0,100.0,5.71,10.4,7.2,91.07,91.17,99.99,83.1,87.82,90.63,85.5,5.13,2.71,4.77,0.72,-0.78,14.68,,0
AUS,36,Australia,East Asia & Pacific,high_income,2017,24592588,56881.86,16.72,82.5,3.8,12.42,21.95,99.97,100.0,100.0,5.59,9.98,7.43,91.11,91.41,99.99,83.56,86.78,90.57,85.65,4.92,2.48,4.63,0.73,-1.05,14.86,,0
AUS,36,Australia,East Asia & Pacific,high_income,2018,24963258,57647.85,16.39,82.75,3.8,12.55,20.43,99.97,100.0,100.0,5.34,9.76,7.74,91.3,91.85,99.99,84.17,85.41,90.54,86.05,4.49,2.47,4.6,0.73,-1.53,13.12,,0
AUS,36,Australia,East Asia & Pacific,high_income,2019,25334826,58048.62,16.1,82.9,3.8,12.66,21.38,99.97,100.0,100.0,5.14,9.83,9.33,91.42,92.19,99.99,84.54,79.17,89.46,86.64,2.83,2.25,4.47,0.74,-1.64,4.82,,0
AUS,36,Australia,East Asia & Pacific,high_income,2020,25649248,57260.47,15.3,83.2,3.8,12.73,20.94,99.97,100.0,100.0,6.39,9.62,8.25,91.65,92.42,99.99,82.15,83.28,89.9,86.96,2.94,2.47,3.64,0.67,-2.36,7.52,,0
AUS,36,Australia,East Asia & Pacific,high_income,2021,25685412,58327.41,14.98,83.3,3.7,12.73,21.08,99.97,100.0,100.0,5.02,9.6,8.25,92.01,92.42,99.99,84.91,83.28,90.52,86.44,4.08,3.53,3.95,0.74,0.4,8.47,,1
AUS,36,Australia,East Asia & Pacific,high_income,2022,26018721,60029.13,14.53,83.2,3.7,12.73,21.08,99.97,100.0,100.0,3.73,9.38,8.25,91.94,92.42,99.99,87.61,83.28,91.05,86.86,4.19,3.07,4.13,0.73,1.28,8.5,4.0,1
AUT,40,Austria,Europe & Central Asia,high_income,2000,8011566,53534.34,8.32,78.13,5.5,11.11,15.23,100.0,100.0,100.0,4.69,11.79,19.15,83.73,79.33,100.0,84.42,55.17,80.53,79.86,0.67,2.19,1.49,0.32,-0.4,-3.05,4.0,0
AUT,40,Austria,Europe & Central Asia,high_income,2001,8042293,54032.15,8.87,78.58,5.4,11.2,15.31,100.0,100.0,100.0,4.01,11.57,18.95,84.27,79.84,100.0,85.9,55.53,81.11,80.76,0.35,1.91,0.82,0.27,0.43,-3.54,,0
AUT,40,Austria,Europe & Central Asia,high_income,2002,8081957,54565.08,9.06,78.68,5.3,11.29,15.38,100.0,100.0,100.0,4.85,11.49,18.78,84.56,80.35,100.0,84.25,55.83,81.0,81.08,-0.08,1.6,0.76,0.26,-0.73,-4.63,,0
AUT,40,Austria,Europe & Central Asia,high_income,2003,8121423,54919.79,9.63,78.63,5.2,11.38,15.46,100.0,100.0,100.0,4.78,11.02,18.62,84.73,80.86,100.0,84.64,56.12,81.27,81.1,0.17,1.5,0.65,0.35,0.45,-4.96,,0
AUT,40,Austria,Europe & Central Asia,high_income,2004,8171966,55980.23,9.74,79.18,5.0,11.47,15.53,100.0,100.0,100.0,5.97,10.9,18.43,85.57,81.37,100.0,82.33,56.45,81.14,81.31,-0.16,1.77,1.11,0.44,-1.52,-5.63,,0
AUT,40,Austria,Europe & Central Asia,high_income,2005,8227829,56890.28,9.77,79.33,4.9,11.56,15.61,100.0,99.99,100.0,5.68,11.34,18.2,85.91,81.89,100.0,82.67,56.87,81.47,81.63,-0.17,1.69,0.65,0.49,-1.21,-6.19,,0
AUT,40,Austria,Europe & Central Asia,high_income,2006,8268641,58460.24,9.47,79.88,4.8,11.55,15.68,100.0,99.99,100.0,5.32,11.48,17.8,86.56,82.05,100.0,83.32,57.61,81.91,82.48,-0.58,1.75,0.11,0.48,-1.53,-6.39,,0
AUT,40,Austria,Europe & Central Asia,high_income,2007,8295487,60470.91,9.09,80.18,4.6,11.53,15.76,100.0,99.99,100.0,4.91,11.34,17.23,87.25,82.21,100.0,84.21,58.7,82.47,83.65,-1.17,1.68,-0.63,0.42,-2.07,-6.44,,0
AUT,40,Austria,Europe & Central Asia,high_income,2008,8321496,61157.99,9.04,80.43,4.5,11.47,15.86,100.0,99.99,100.0,4.2,11.28,16.64,87.68,82.29,100.0,85.67,59.87,83.1,84.17,-1.08,1.36,-0.97,0.38,-1.05,-6.16,4.0,0
AUT,40,Austria,Europe & Central Asia,high_income,2009,8343323,58810.44,8.16,80.33,4.4,11.67,15.87,100.0,99.99,100.0,5.37,11.19,16.17,87.85,82.99,100.0,83.37,60.81,83.0,83.42,-0.42,0.84,-0.23,0.34,-0.51,-6.18,,0
AUT,40,Austria,Europe & Central Asia,high_income,2010,8363404,59730.55,8.82,80.58,4.3,11.71,16.13,100.0,99.99,100.0,4.88,11.33,15.99,88.29,83.85,100.0,84.27,61.2,83.52,83.73,-0.21,0.83,-0.06,0.36,0.86,-6.29,,0
AUT,40,Austria,Europe & Central Asia,high_income,2011,8391643,61272.26,8.6,80.98,4.2,11.71,16.17,100.0,99.98,100.0,4.64,10.69,16.37,88.85,83.96,99.99,85.1,60.41,83.66,84.36,-0.7,0.8,-0.75,0.38,0.83,-5.62,,0
AUT,40,Austria,Europe & Central Asia,high_income,2012,8429991,61376.72,8.19,80.94,4.0,11.75,16.3,100.0,99.98,100.0,4.91,10.39,14.72,89.35,84.46,99.99,84.71,63.96,84.49,84.71,-0.21,1.15,-0.64,0.37,0.41,-5.67,,0
AUT,40,Austria,Europe & Central Asia,high_income,2013,8479823,60863.05,8.21,81.14,3.9,11.79,16.04,100.0,99.98,100.0,5.37,10.53,14.66,89.78,83.84,99.99,83.72,64.09,84.29,85.0,-0.72,1.43,-2.41,0.41,-0.31,-7.36,,0
AUT,40,Austria,Europe & Central Asia,high_income,2014,8546356,60845.66,7.71,81.49,3.8,12.01,16.02,100.0,99.98,100.0,5.67,10.4,12.95,90.33,84.55,99.99,83.18,68.22,85.26,85.42,-0.17,1.64,-1.77,0.47,-1.04,-3.99,,0
AUT,40,Austria,Europe & Central Asia,high_income,2015,8642699,60951.69,7.79,81.19,3.7,12.08,16.03,100.0,99.98,100.0,5.8,10.21,13.6,90.39,84.79,99.99,83.02,66.6,84.96,85.35,-0.39,1.63,-1.92,0.54,-1.46,-5.06,4.0,0
AUT,40,Austria,Europe & Central Asia,high_income,2016,8736668,61572.71,7.76,81.64,3.6,12.11,15.9,100.0,99.97,100.0,6.06,9.83,12.51,91.03,84.54,99.99,82.7,69.38,85.53,86.43,-0.91,1.7,-2.71,0.51,-2.28,-5.37,,0
AUT,40,Austria,Europe & Central Asia,high_income,2017,8797566,62535.9,7.97,81.64,3.6,12.16,15.94,100.0,99.97,100.0,5.56,9.38,12.16,91.04,84.82,99.99,83.94,70.35,86.03,86.68,-0.65,1.29,-2.95,0.51,-1.88,-3.21,,0
AUT,40,Austria,Europe & Central Asia,high_income,2018,8840521,63778.03,7.61,81.69,3.5,12.21,16.02,100.0,99.97,100.0,4.93,9.12,12.59,91.38,85.2,99.99,85.33,69.18,86.22,87.19,-0.97,1.36,-3.13,0.51,-1.67,-4.99,,0
AUT,40,Austria,Europe & Central Asia,high_income,2019,8879920,64609.37,7.75,81.9,3.5,12.26,16.08,100.0,99.97,100.0,4.56,8.89,11.46,91.54,85.51,99.99,86.2,72.3,87.11,87.84,-0.73,1.08,-3.43,0.52,-1.45,-4.02,,0
AUT,40,Austria,Europe & Central Asia,high_income,2020,8916864,60276.42,7.06,81.19,3.4,12.31,16.12,100.0,99.97,100.0,5.2,8.99,10.93,91.31,85.81,99.99,84.87,73.88,87.17,87.54,-0.37,1.51,-3.59,0.58,-0.35,-2.82,,0
AUT,40,Austria,Europe & Central Asia,high_income,2021,8955797,62968.94,7.39,81.19,3.4,12.31,16.37,100.0,99.97,100.0,6.46,8.77,10.93,91.31,86.48,99.99,82.47,73.88,86.83,87.26,-0.44,1.88,-2.87,0.62,-3.03,-2.26,,1
AUT,40,Austria,Europe & Central Asia,high_income,2022,9041851,65694.55,6.93,81.3,3.3,12.31,16.37,100.0,99.97,100.0,4.99,8.18,10.93,91.71,86.48,99.99,85.71,73.88,87.56,87.84,-0.28,1.8,-2.84,0.59,-1.8,-2.5,4.0,1
AZE,31,Azerbaijan,Europe & Central Asia,upper_middle_income,2000,8048600,5656.93,3.58,65.38,74.3,10.25,11.86,75.56,68.35,98.9,11.78,58.34,19.77,45.66,67.1,80.94,45.73,54.1,58.71,51.58,7.13,-3.99,19.14,13.8,-10.73,14.49,1.0,0
AZE,31,Azerbaijan,Europe & Central Asia,upper_middle_income,2001,8111200,6168.99,3.42,66.04,69.3,10.32,11.94,76.47,69.41,98.6,10.91,58.99,19.59,46.93,67.54,81.49,47.13,54.41,59.5,53.35,6.15,-4.86,17.61,11.25,-9.39,13.85,,0
AZE,31,Azerbaijan,Europe & Central Asia,upper_middle_income,2002,8171950,6701.08,3.36,66.77,64.4,10.38,12.01,77.39,70.46,100.0,10.04,59.73,19.41,48.28,67.98,82.62,48.48,54.72,60.42,55.01,5.41,-5.51,16.34,9.23,-8.66,13.24,,0
AZE,31,Azerbaijan,Europe & Central Asia,upper_middle_income,2003,8234100,7329.41,3.62,67.04,59.9,10.45,12.09,78.3,71.51,98.8,9.17,59.27,19.26,49.27,68.42,82.87,50.47,54.98,61.2,56.8,4.4,-6.44,15.02,5.94,-7.5,12.61,,0
AZE,31,Azerbaijan,Europe & Central Asia,upper_middle_income,2004,8306500,7937.86,3.55,67.49,55.8,10.52,12.17,79.22,72.56,99.0,7.99,58.92,19.18,50.39,68.87,83.59,53.01,55.12,62.2,57.84,4.36,-6.38,13.96,4.84,-6.04,12.13,,0
AZE,31,Azerbaijan,Europe & Central Asia,upper_middle_income,2005,8391850,10054.1,3.72,67.71,52.1,10.58,12.25,80.13,73.9,99.1,7.26,58.29,19.21,51.3,69.32,84.38,54.8,55.06,62.97,61.4,1.58,-9.7,10.69,-0.69,-6.87,10.02,,0
AZE,31,Azerbaijan,Europe & Central Asia,upper_middle_income,2006,8484550,13371.66,3.76,68.49,48.7,10.65,12.33,81.05,75.24,99.5,6.62,57.53,19.43,52.64,69.76,85.27,56.48,54.68,63.77,65.21,-1.45,-12.06,6.82,-4.53,-8.9,7.4,,0
AZE,31,Azerbaijan,Europe & Central Asia,upper_middle_income,2007,8581300,16587.37,3.37,68.66,45.7,10.72,12.42,81.97,76.59,99.5,6.33,56.66,19.91,53.46,70.21,86.02,57.52,53.87,64.22,68.11,-3.89,-14.34,3.7,-5.78,-10.88,4.83,,0
AZE,31,Azerbaijan,Europe & Central Asia,upper_middle_income,2008,8763400,17963.02,3.68,69.36,42.9,10.73,12.5,82.9,77.94,99.7,5.86,56.0,20.67,54.68,70.48,86.85,58.81,52.62,64.69,69.39,-4.71,-14.49,2.31,-5.88,-11.29,2.63,3.0,0
AZE,31,Azerbaijan,Europe & Central Asia,upper_middle_income,2009,8947243,19242.39,3.13,69.87,40.2,10.45,12.58,83.82,79.3,99.9,5.74,55.36,21.73,55.78,69.78,87.67,59.38,50.95,64.71,70.57,-5.86,-15.54,-0.56,-6.27,-9.07,-0.54,,0
AZE,31,Azerbaijan,Europe & Central Asia,upper_middle_income,2010,9054332,19925.39,2.94,70.31,37.8,10.47,12.66,84.75,80.66,99.9,5.63,55.97,23.12,56.79,70.06,88.44,59.28,48.89,64.69,70.85,-6.17,-15.12,-0.84,-5.73,-8.51,-2.73,,0
AZE,31,Azerbaijan,Europe & Central Asia,upper_middle_income,2011,9173082,19358.08,3.21,70.56,35.5,10.47,12.74,85.68,82.02,99.9,5.42,57.54,27.43,57.67,70.29,89.2,58.88,43.18,63.84,70.54,-6.7,-14.16,-0.61,-4.82,-9.45,-7.21,,0
AZE,31,Azerbaijan,Europe & Central Asia,upper_middle_income,2012,9295784,19523.37,3.47,71.08,33.4,10.47,12.83,86.62,83.39,100.0,5.19,57.13,29.18,58.72,70.53,90.0,59.55,41.11,63.99,70.59,-6.6,-13.21,-0.76,-4.08,-8.76,-10.0,,0
AZE,31,Azerbaijan,Europe & Central Asia,upper_middle_income,2013,9416801,20398.65,3.53,71.48,31.4,10.48,12.91,87.56,84.76,100.0,4.97,56.44,28.23,59.71,70.78,90.77,60.36,42.21,64.77,71.36,-6.59,-13.31,-1.88,-3.83,-8.91,-9.38,,0
AZE,31,Azerbaijan,Europe & Central Asia,upper_middle_income,2014,9535079,20709.2,3.64,71.93,29.6,10.48,12.99,88.5,86.14,100.0,4.91,56.72,26.42,60.69,71.01,91.55,60.33,44.43,65.6,72.03,-6.42,-12.81,-2.29,-3.33,-8.82,-7.95,,0
AZE,31,Azerbaijan,Europe & Central Asia,upper_middle_income,2015,9649341,20678.75,3.58,72.35,27.9,10.48,13.07,89.44,87.52,100.0,4.96,55.35,25.19,61.65,71.23,92.32,60.95,46.03,66.44,72.01,-5.57,-11.96,-2.2,-2.64,-8.09,-6.13,3.0,0
AZE,31,Azerbaijan,Europe & Central Asia,upper_middle_income,2016,9757812,19822.41,3.53,72.57,26.5,10.56,13.15,90.39,88.91,100.0,5.0,55.05,24.35,62.38,71.73,93.1,61.03,47.15,67.08,71.7,-4.63,-10.44,-1.1,-1.71,-7.94,-5.44,,0
AZE,31,Azerbaijan,Europe & Central Asia,upper_middle_income,2017,9854033,19659.0,3.47,72.69,25.1,10.54,13.24,91.33,90.3,100.0,5.0,55.12,23.24,63.07,71.92,93.88,60.99,48.71,67.71,71.66,-3.95,-9.62,-0.71,-0.87,-7.38,-4.23,,0
AZE,31,Azerbaijan,Europe & Central Asia,upper_middle_income,2018,9939771,19781.85,3.5,73.02,23.8,10.54,13.32,92.28,91.69,100.0,4.9,55.17,23.24,63.89,72.14,94.66,61.16,48.72,68.11,71.7,-3.59,-8.95,-0.57,-0.22,-7.67,-3.46,,0
AZE,31,Azerbaijan,Europe & Central Asia,upper_middle_income,2019,10024283,20101.49,3.69,73.29,22.7,10.54,13.48,93.22,93.09,100.0,5.0,55.17,22.02,64.62,72.59,95.44,60.97,50.51,68.82,72.39,-3.56,-8.55,-0.5,0.31,-7.67,-3.78,,0
AZE,31,Azerbaijan,Europe & Central Asia,upper_middle_income,2020,10093121,19126.1,3.51,70.31,21.5,10.56,12.63,94.16,94.49,100.0,7.24,54.97,21.73,62.92,70.28,96.21,56.59,50.96,67.39,72.36,-4.96,-9.71,-3.07,0.53,-9.85,-4.21,,0
AZE,31,Azerbaijan,Europe & Central Asia,upper_middle_income,2021,10137750,20111.38,3.69,71.0,20.5,10.56,12.68,95.1,95.87,100.0,6.04,54.47,21.73,63.96,70.4,96.99,59.25,50.96,68.31,72.28,-3.97,-7.88,-3.04,1.33,-8.26,-3.88,,1
AZE,31,Azerbaijan,Europe & Central Asia,upper_middle_income,2022,10141756,21051.24,3.91,74.12,19.6,10.56,12.71,96.0,96.91,100.0,5.65,54.34,21.73,66.85,70.49,97.64,60.1,50.96,69.21,73.33,-4.12,-6.87,-3.27,1.64,-10.45,-4.0,3.0,1
BDI,108,Burundi,Sub-Saharan Africa,low_income,2000,6470194,1033.47,0.05,47.62,152.4,2.0,4.6,49.9,45.88,2.5,3.14,87.05,30.38,24.19,19.43,32.76,47.91,39.77,32.82,28.75,4.06,0.95,-3.03,17.95,-0.6,6.54,0.0,0
BDI,108,Burundi,Sub-Saharan Africa,low_income,2001,6634365,1028.62,0.04,48.51,147.5,2.05,4.62,50.61,45.98,2.8,3.15,87.16,30.26,25.24,19.66,33.13,47.82,39.9,33.15,28.75,4.4,1.71,-3.51,19.38,-0.63,6.45,,0
BDI,108,Burundi,Sub-Saharan Africa,low_income,2002,6824132,1044.48,0.03,49.92,142.3,2.1,5.06,51.31,46.07,3.1,3.17,87.15,30.0,26.71,21.06,33.5,47.79,40.19,33.85,29.39,4.47,2.18,-3.18,19.2,-0.68,6.03,,0
BDI,108,Burundi,Sub-Saharan Africa,low_income,2003,7043154,999.62,0.03,51.0,136.6,2.16,5.52,52.02,46.17,3.4,3.14,87.17,29.68,27.98,22.54,33.86,47.83,40.55,34.55,29.65,4.9,2.96,-2.47,19.55,-0.54,5.92,,0
BDI,108,Burundi,Sub-Saharan Africa,low_income,2004,7310656,1009.59,0.03,52.22,130.4,2.21,5.99,52.73,46.07,3.7,3.18,87.18,29.41,29.43,24.01,34.17,47.76,40.85,35.24,29.96,5.29,3.28,-1.74,19.67,-0.43,5.94,,0
BDI,108,Burundi,Sub-Saharan Africa,low_income,2005,7587299,981.53,0.02,53.05,123.7,2.27,6.37,53.45,45.98,3.2,3.16,87.16,29.29,30.64,25.24,34.21,47.8,40.98,35.78,29.91,5.86,3.95,-1.07,20.73,-0.06,5.82,,0
BDI,108,Burundi,Sub-Saharan Africa,low_income,2006,7865547,998.07,0.03,53.96,116.6,2.32,7.86,54.17,45.88,2.7,3.18,87.15,29.29,31.98,29.55,34.25,47.76,40.99,36.91,30.29,6.62,4.39,1.94,20.19,0.29,5.88,,0
BDI,108,Burundi,Sub-Saharan Africa,low_income,2007,8161874,994.96,0.05,54.83,109.5,2.37,8.63,54.89,45.78,4.7,2.4,87.1,29.3,33.33,31.88,35.12,49.35,40.98,38.13,30.31,7.83,5.25,3.84,21.39,2.17,6.26,,0
BDI,108,Burundi,Sub-Saharan Africa,low_income,2008,8505637,1001.62,0.03,55.58,102.6,2.43,9.34,55.61,45.68,4.8,1.63,87.08,29.32,34.62,34.04,35.36,50.9,40.95,39.17,30.34,8.84,6.24,5.22,21.93,3.74,6.38,0.0,0
BDI,108,Burundi,Sub-Saharan Africa,low_income,2009,8947646,988.2,0.02,56.42,96.1,2.36,10.05,56.34,45.57,5.4,1.62,87.02,29.37,35.97,35.78,35.77,50.95,40.9,39.88,29.92,9.96,6.23,6.45,23.13,3.68,6.55,,0
BDI,108,Burundi,Sub-Saharan Africa,low_income,2010,9376444,991.04,0.03,57.09,90.2,2.29,10.52,57.06,45.46,5.3,1.62,87.0,29.44,37.17,36.86,35.94,50.98,40.82,40.35,30.25,10.11,7.63,6.9,24.16,3.94,6.93,,0
BDI,108,Burundi,Sub-Saharan Africa,low_income,2011,9717978,994.69,0.04,57.8,84.7,2.23,10.7,57.8,45.35,6.2,1.6,86.94,30.47,38.41,37.14,36.45,51.04,39.67,40.54,30.09,10.45,7.56,7.18,23.96,3.96,8.64,,0
BDI,108,Burundi,Sub-Saharan Africa,low_income,2012,10071028,1002.27,0.04,58.5,79.6,2.16,10.88,58.53,45.24,6.5,1.59,86.83,30.61,39.62,37.42,36.76,51.12,39.51,40.89,30.3,10.59,7.71,7.25,23.85,4.0,10.17,,0
BDI,108,Burundi,Sub-Saharan Africa,low_income,2013,10439341,1014.52,0.04,59.18,74.9,2.09,11.0,59.27,45.13,6.9,1.58,86.7,29.75,40.8,37.52,37.1,51.2,40.47,41.42,32.41,9.01,8.15,6.06,21.74,3.62,5.91,,0
BDI,108,Burundi,Sub-Saharan Africa,low_income,2014,10799785,1022.29,0.04,59.76,70.6,2.03,11.13,60.01,45.01,7.0,1.57,86.55,31.21,41.89,37.66,37.34,51.3,38.87,41.41,32.12,9.3,9.65,5.72,21.57,3.83,5.41,,0
BDI,108,Burundi,Sub-Saharan Africa,low_income,2015,11047580,995.32,0.04,60.11,66.9,2.29,11.15,60.75,44.88,7.9,1.45,86.18,30.12,42.74,38.6,37.85,51.75,40.06,42.2,31.09,11.1,9.25,6.44,22.74,4.45,12.98,0.0,0
BDI,108,Burundi,Sub-Saharan Africa,low_income,2016,11239451,1009.64,0.04,60.79,63.7,2.55,11.12,61.5,44.76,8.5,1.35,85.8,30.76,43.8,39.36,38.25,52.14,39.35,42.58,32.26,10.32,9.84,6.58,21.98,4.87,10.57,,0
BDI,108,Burundi,Sub-Saharan Africa,low_income,2017,11506762,1023.97,0.05,61.34,60.9,2.8,10.48,62.25,44.63,9.3,1.25,85.44,29.3,44.71,38.47,38.73,52.53,40.97,43.08,32.88,10.2,10.66,5.24,21.83,5.21,10.08,,0
BDI,108,Burundi,Sub-Saharan Africa,low_income,2018,11859446,1046.6,0.07,61.81,58.5,2.96,10.25,63.0,44.5,9.5,1.15,85.09,28.34,45.51,38.34,39.0,52.92,42.09,43.57,34.23,9.34,10.26,4.5,19.27,5.35,9.9,,0
BDI,108,Burundi,Sub-Saharan Africa,low_income,2019,12255336,1057.95,0.06,62.18,56.2,3.13,10.11,63.76,44.36,9.8,1.04,84.74,28.77,46.23,38.5,39.31,53.32,41.58,43.79,34.33,9.46,9.7,4.09,19.42,5.82,7.49,,0
BDI,108,Burundi,Sub-Saharan Africa,low_income,2020,12617036,1030.77,0.07,62.57,54.3,3.31,9.97,64.4,44.45,9.1,1.03,84.33,29.65,46.9,38.7,39.32,53.56,40.58,43.81,34.52,9.29,11.18,3.78,18.99,7.16,8.46,,0
BDI,108,Burundi,Sub-Saharan Africa,low_income,2021,12965481,1035.54,0.07,62.1,52.3,3.31,9.97,65.05,44.55,10.2,1.12,83.78,29.65,46.95,38.7,39.93,53.67,40.58,43.97,34.53,9.44,11.23,3.97,17.4,7.72,8.64,,1
BDI,108,Burundi,Sub-Saharan Africa,low_income,2022,13321097,1031.25,0.07,62.88,50.3,3.31,9.97,65.7,44.66,10.3,0.91,83.78,29.65,47.97,38.7,40.22,54.09,40.58,44.31,34.32,9.99,10.45,4.54,16.93,7.19,8.67,0.0,1
BEL,56,Belgium,Europe & Central Asia,high_income,2000,10251250,50455.73,12.18,77.72,5.9,10.54,17.77,100.0,99.48,100.0,6.59,12.99,19.49,82.66,84.51,99.83,79.99,54.59,80.31,79.31,1.0,1.78,7.25,0.44,-3.85,-3.28,4.0,0
BEL,56,Belgium,Europe & Central Asia,high_income,2001,10286570,50835.4,12.23,77.97,5.7,10.64,18.31,100.0,99.48,100.0,6.18,12.28,19.08,83.22,85.47,99.83,81.18,55.3,81.0,80.15,0.85,1.55,7.07,0.4,-3.24,-3.33,,0
BEL,56,Belgium,Europe & Central Asia,high_income,2002,10332785,51471.85,11.47,78.08,5.5,10.74,18.48,100.0,99.48,100.0,6.91,12.39,18.59,83.69,85.79,99.83,79.66,56.16,81.03,80.5,0.53,1.39,6.75,0.36,-4.35,-3.78,,0
BEL,56,Belgium,Europe & Central Asia,high_income,2003,10376133,51788.84,11.89,78.13,5.3,10.84,18.7,100.0,99.49,100.0,7.68,12.11,18.11,84.13,86.12,99.83,78.27,57.04,81.08,80.55,0.53,1.56,6.43,0.44,-4.96,-3.5,,0
BEL,56,Belgium,Europe & Central Asia,high_income,2004,10421137,53406.69,11.7,78.88,5.2,10.93,18.48,100.0,99.49,100.0,7.36,11.74,17.7,84.92,86.44,99.83,79.1,57.8,81.62,80.88,0.74,1.63,6.56,0.47,-4.02,-3.8,,0
BEL,56,Belgium,Europe & Central Asia,high_income,2005,10478617,54346.89,11.36,78.98,5.0,11.03,18.84,100.0,99.49,100.0,8.44,12.12,17.45,85.42,86.77,99.83,76.74,58.28,81.41,81.22,0.19,1.7,5.91,0.51,-6.46,-4.25,,0
BEL,56,Belgium,Europe & Central Asia,high_income,2006,10547958,55367.62,11.0,79.38,4.9,11.05,19.05,100.0,99.49,100.0,8.25,11.94,17.33,85.95,86.84,99.83,77.22,58.51,81.67,81.97,-0.3,1.76,5.36,0.54,-6.86,-4.83,,0
BEL,56,Belgium,Europe & Central Asia,high_income,2007,10625700,56983.46,10.63,79.78,4.8,11.12,19.1,100.0,99.49,100.0,7.46,11.65,17.26,86.48,87.06,99.83,78.95,58.64,82.19,83.02,-0.83,1.64,4.77,0.51,-6.49,-5.71,,0
BEL,56,Belgium,Europe & Central Asia,high_income,2008,10709973,56787.74,10.67,79.68,4.7,11.18,19.14,100.0,99.49,100.0,6.98,11.15,17.21,86.63,87.27,99.83,80.18,58.74,82.53,83.4,-0.87,1.23,4.68,0.53,-5.52,-6.27,4.0,0
BEL,56,Belgium,Europe & Central Asia,high_income,2009,10796493,55258.71,9.94,80.03,4.6,11.32,19.17,100.0,99.49,100.0,7.91,11.62,17.12,87.14,87.72,99.83,78.07,58.91,82.33,82.81,-0.48,0.88,5.03,0.43,-4.88,-7.2,,0
BEL,56,Belgium,Europe & Central Asia,high_income,2010,10895586,56240.2,10.55,80.18,4.5,11.42,19.22,100.0,99.49,100.0,8.29,11.22,16.97,87.49,88.05,99.83,77.51,59.2,82.42,83.12,-0.7,0.74,4.64,0.42,-4.97,-7.41,,0
BEL,56,Belgium,Europe & Central Asia,high_income,2011,11038264,56585.3,9.47,80.59,4.4,11.47,19.05,100.0,99.49,100.0,7.14,11.2,16.37,88.04,88.23,99.83,79.83,60.42,83.27,83.52,-0.25,0.88,4.16,0.47,-3.28,-4.58,,0
BEL,56,Belgium,Europe & Central Asia,high_income,2012,11106932,56356.83,9.27,80.39,4.3,11.5,19.16,100.0,99.49,100.0,7.54,11.18,15.22,88.14,88.33,99.83,79.03,62.85,83.64,83.81,-0.17,0.85,3.9,0.47,-4.0,-5.49,,0
BEL,56,Belgium,Europe & Central Asia,high_income,2013,11159407,56263.18,9.35,80.59,4.2,11.54,19.35,100.0,99.49,100.0,8.43,11.77,14.37,88.55,88.47,99.83,76.96,64.76,83.71,84.17,-0.46,1.02,2.88,0.48,-5.95,-5.34,,0
BEL,56,Belgium,Europe & Central Asia,high_income,2014,11209057,57002.91,8.72,81.29,4.1,11.64,19.71,100.0,99.49,100.0,8.52,11.41,12.9,89.35,88.8,99.83,76.95,68.36,84.66,84.73,-0.08,1.34,3.03,0.48,-6.35,-2.69,,0
BEL,56,Belgium,Europe & Central Asia,high_income,2015,11274196,57509.02,9.08,80.99,4.1,11.89,19.79,100.0,99.49,100.0,8.48,11.83,13.34,89.12,89.65,99.83,76.81,67.24,84.53,84.75,-0.22,0.99,3.47,0.52,-6.89,-3.42,4.0,0
BEL,56,Belgium,Europe & Central Asia,high_income,2016,11331422,57901.5,8.94,81.44,4.1,11.99,19.66,100.0,99.49,100.0,7.83,11.53,12.39,89.47,89.95,99.83,78.27,69.7,85.44,85.76,-0.32,0.83,3.31,0.5,-5.92,-3.89,,0
BEL,56,Belgium,Europe & Central Asia,high_income,2017,11375158,58529.33,8.77,81.49,4.0,12.24,19.76,100.0,99.49,100.0,7.09,11.25,12.77,89.78,90.79,99.83,79.9,68.7,85.8,85.96,-0.16,0.81,3.71,0.5,-5.08,-3.71,,0
BEL,56,Belgium,Europe & Central Asia,high_income,2018,11427054,59357.69,8.79,81.6,4.0,12.31,19.56,100.0,99.49,100.0,5.94,11.32,12.49,89.86,91.02,99.83,82.16,69.43,86.46,86.38,0.08,0.68,3.46,0.51,-3.92,-3.4,,0
BEL,56,Belgium,Europe & Central Asia,high_income,2019,11488980,60479.98,8.73,82.0,3.9,12.38,19.57,100.0,99.49,100.0,5.36,11.43,11.21,90.44,91.25,99.83,83.26,73.04,87.56,87.1,0.46,0.78,3.06,0.5,-3.49,-2.07,,0
BEL,56,Belgium,Europe & Central Asia,high_income,2020,11538604,57333.54,7.97,80.7,3.9,12.53,19.28,100.0,99.49,100.0,5.54,12.01,11.22,89.44,91.76,99.83,82.59,73.03,87.33,86.97,0.36,0.25,2.97,0.51,-1.94,-2.75,,0
BEL,56,Belgium,Europe & Central Asia,high_income,2021,11586195,60669.21,8.29,81.79,3.8,12.53,18.95,100.0,99.49,100.0,6.25,11.13,11.22,90.56,91.76,99.83,81.65,73.03,87.37,86.86,0.5,1.59,2.84,0.52,-3.37,-2.46,,1
BEL,56,Belgium,Europe & Central Asia,high_income,2022,11680210,62561.78,7.68,81.75,3.8,12.53,18.95,100.0,99.49,100.0,5.57,11.63,11.22,90.53,91.76,99.83,82.74,73.03,87.58,87.31,0.27,1.19,3.0,0.5,-4.13,-2.48,4.0,1
BEN,204,Benin,Sub-Saharan Africa,low_income,2000,7221619,2536.17,0.21,56.59,135.0,2.29,6.52,61.05,8.53,21.5,0.86,85.1,60.6,32.42,25.73,30.36,53.48,16.72,31.74,38.92,-7.18,-3.49,-9.32,-8.57,1.95,-16.69,0.0,0
BEN,204,Benin,Sub-Saharan Africa,low_income,2001,7445596,2591.06,0.25,56.65,131.7,2.37,7.12,61.41,8.94,21.9,0.77,84.94,58.96,32.73,27.69,30.75,53.76,17.64,32.51,39.29,-6.78,-4.0,-8.12,-8.38,2.37,-15.84,,0
BEN,204,Benin,Sub-Saharan Africa,low_income,2002,7675426,2630.18,0.28,56.85,128.5,2.46,7.58,61.78,9.37,23.4,0.69,84.77,55.05,33.15,29.25,31.52,54.0,19.92,33.57,39.94,-6.37,-4.45,-7.42,-8.65,2.3,-14.08,,0
BEN,204,Benin,Sub-Saharan Africa,low_income,2003,7913070,2639.04,0.3,57.09,125.4,2.47,7.99,62.18,9.84,24.3,0.75,84.62,50.38,33.6,30.42,32.11,53.97,22.88,34.6,40.48,-5.89,-4.57,-6.95,-9.13,1.91,-11.62,,0
BEN,204,Benin,Sub-Saharan Africa,low_income,2004,8159094,2672.84,0.31,57.35,122.5,2.48,8.38,62.57,10.32,25.2,0.79,84.5,46.45,34.05,31.55,32.7,53.95,25.6,35.57,40.96,-5.39,-4.7,-6.63,-9.18,1.49,-9.53,,0
BEN,204,Benin,Sub-Saharan Africa,low_income,2005,8426144,2632.47,0.33,57.74,119.7,2.5,8.76,62.96,10.8,26.1,0.86,84.39,44.76,34.6,32.66,33.29,53.87,26.84,36.25,41.05,-4.8,-4.58,-5.65,-8.69,1.13,-8.51,,0
BEN,204,Benin,Sub-Saharan Africa,low_income,2006,8693242,2652.22,0.44,57.97,117.0,2.51,9.15,63.34,11.3,27.9,0.89,84.3,44.7,35.03,33.78,34.18,53.85,26.88,36.74,41.54,-4.79,-4.78,-5.2,-8.6,0.82,-8.63,,0
BEN,204,Benin,Sub-Saharan Africa,low_income,2007,8953969,2729.14,0.49,58.25,114.4,2.52,9.53,63.72,11.82,28.0,0.9,84.19,44.68,35.49,34.89,34.51,53.89,26.89,37.13,42.02,-4.88,-5.11,-4.78,-8.79,0.67,-8.78,,0
BEN,204,Benin,Sub-Saharan Africa,low_income,2008,9228466,2777.62,0.47,58.1,112.0,2.54,9.92,64.1,12.34,29.0,0.9,84.07,44.7,35.6,36.0,35.15,53.96,26.88,37.52,42.57,-5.05,-5.45,-4.39,-9.21,0.49,-9.08,0.0,0
BEN,204,Benin,Sub-Saharan Africa,low_income,2009,9509423,2758.07,0.49,58.26,109.7,2.55,10.3,64.47,12.87,30.0,0.95,83.96,44.75,35.95,37.12,35.78,53.91,26.84,37.92,42.51,-4.59,-5.86,-3.77,-8.34,0.51,-9.17,,0
BEN,204,Benin,Sub-Saharan Africa,low_income,2010,9797484,2733.57,0.52,58.39,107.4,2.56,10.69,64.84,13.42,34.2,1.04,83.86,44.85,36.28,38.23,37.49,53.78,26.77,38.51,42.49,-3.98,-5.41,-2.9,-5.35,0.72,-9.06,,0
BEN,204,Benin,Sub-Saharan Africa,low_income,2011,10093623,2732.01,0.49,58.46,105.1,2.57,11.08,65.2,13.98,36.9,2.65,83.76,47.39,36.57,39.34,38.69,50.62,24.93,38.03,42.51,-4.48,-5.83,-1.95,-4.33,-2.28,-8.56,,0
BEN,204,Benin,Sub-Saharan Africa,low_income,2012,10397657,2779.73,0.45,58.56,102.9,2.59,11.59,65.57,14.54,38.4,2.46,83.64,51.56,36.88,40.82,39.5,51.06,22.11,38.07,42.53,-4.46,-6.19,-0.74,-4.24,-1.74,-9.87,,0
BEN,204,Benin,Sub-Saharan Africa,low_income,2013,10708834,2893.05,0.46,58.86,100.6,2.6,12.11,65.92,15.12,34.7,2.2,83.45,42.09,37.36,42.29,38.58,51.68,28.89,39.76,44.04,-4.28,-6.68,-0.06,-7.1,-1.58,-6.41,,0
BEN,204,Benin,Sub-Saharan Africa,low_income,2014,11030004,2987.38,0.5,59.01,98.4,2.61,12.13,66.27,15.71,34.1,1.95,83.24,42.01,37.71,42.39,38.7,52.29,28.95,40.01,44.5,-4.49,-6.94,-0.59,-7.99,-1.03,-6.65,,0
BEN,204,Benin,Sub-Saharan Africa,low_income,2015,11360681,2952.0,0.51,59.12,96.1,2.62,12.35,66.62,16.32,29.6,1.89,83.06,66.66,38.05,43.05,37.51,52.51,13.54,36.93,43.77,-6.83,-6.97,-0.18,-9.25,-0.54,-17.04,0.0,0
BEN,204,Benin,Sub-Saharan Africa,low_income,2016,11697842,2962.66,0.61,59.28,94.0,2.64,12.16,66.97,16.93,37.0,1.83,82.83,59.48,38.42,42.58,40.3,52.74,17.34,38.27,44.47,-6.19,-7.12,-1.01,-6.64,-0.57,-14.73,,0
BEN,204,Benin,Sub-Saharan Africa,low_income,2017,12039780,3041.78,0.6,59.53,91.8,2.65,11.7,67.31,17.56,34.5,1.69,82.57,58.39,38.86,41.33,39.79,53.16,17.96,38.22,45.35,-7.13,-7.2,-2.76,-8.71,-0.36,-16.01,,0
BEN,204,Benin,Sub-Saharan Africa,low_income,2018,12383347,3155.45,0.67,59.71,89.4,2.84,11.23,67.65,18.19,39.0,1.43,82.25,54.06,39.29,40.68,41.61,53.86,20.53,39.19,46.18,-6.98,-7.66,-4.11,-9.05,-0.21,-13.8,,0
BEN,204,Benin,Sub-Saharan Africa,low_income,2019,12726755,3281.1,0.64,59.89,87.0,3.03,10.77,67.98,18.84,40.0,1.21,81.91,46.56,39.72,40.02,42.28,54.46,25.52,40.4,47.14,-6.74,-8.04,-5.52,-9.66,0.36,-10.66,,0
BEN,204,Benin,Sub-Saharan Africa,low_income,2020,13070169,3317.86,0.67,60.15,84.6,3.14,10.3,68.31,19.5,41.0,1.52,82.17,51.05,40.23,39.08,42.94,53.72,22.45,39.68,47.64,-7.96,-8.09,-7.72,-11.38,1.3,-13.46,,0
BEN,204,Benin,Sub-Saharan Africa,low_income,2021,13413417,3464.29,0.5,59.61,82.2,3.14,10.3,68.64,20.17,42.0,1.83,80.76,51.05,40.12,39.08,43.6,53.83,22.45,39.81,48.11,-8.3,-8.25,-8.05,-12.81,0.84,-13.57,,1
BEN,204,Benin,Sub-Saharan Africa,low_income,2022,13759501,3588.33,0.51,60.48,79.6,3.14,10.3,68.96,20.85,56.5,1.68,79.53,51.05,41.14,39.08,48.77,54.77,22.45,41.24,49.08,-7.84,-9.07,-8.34,-9.06,-0.09,-13.81,0.0,1
BFA,854,Burkina Faso,Sub-Saharan Africa,low_income,2000,11925546,1428.57,0.07,50.81,176.0,1.47,3.37,55.64,8.84,9.1,2.69,82.31,62.38,25.09,14.25,24.53,51.3,15.76,26.19,32.26,-6.07,-2.63,-12.62,1.32,1.76,-17.32,0.0,0
BFA,854,Burkina Faso,Sub-Saharan Africa,low_income,2001,12295001,1477.28,0.08,51.19,171.9,1.44,3.45,55.83,9.13,9.5,2.75,82.05,62.34,25.63,14.4,24.82,51.32,15.78,26.39,32.72,-6.33,-2.96,-13.58,1.46,1.77,-17.47,,0
BFA,854,Burkina Faso,Sub-Saharan Africa,low_income,2002,12680897,1494.68,0.09,51.45,167.3,1.42,3.61,55.61,10.06,9.9,2.86,81.81,62.22,26.13,14.75,25.19,51.22,15.84,26.62,33.3,-6.68,-3.35,-14.18,1.19,1.55,-18.05,,0
BFA,854,Burkina Faso,Sub-Saharan Africa,low_income,2003,13082532,1561.83,0.09,51.96,162.3,1.39,3.76,55.39,11.01,11.4,2.78,81.52,62.06,26.85,15.09,25.93,51.53,15.93,27.07,34.44,-7.37,-4.07,-15.45,-0.41,1.54,-18.46,,0
BFA,854,Burkina Faso,Sub-Saharan Africa,low_income,2004,13500533,1581.26,0.08,52.6,156.8,1.37,4.13,55.17,11.98,10.7,3.48,81.3,61.86,27.72,16.03,25.95,50.25,16.03,27.2,34.83,-7.63,-4.06,-15.27,-0.82,0.15,-18.77,,0
BFA,854,Burkina Faso,Sub-Saharan Africa,low_income,2005,13932123,1665.0,0.08,53.27,150.8,1.34,4.5,54.95,12.96,11.1,4.0,81.05,61.67,28.66,16.98,26.34,49.34,16.14,27.49,35.68,-8.18,-4.53,-15.58,-2.1,-1.06,-18.91,,0
BFA,854,Burkina Faso,Sub-Saharan Africa,low_income,2006,14373707,1714.76,0.08,53.78,144.4,1.32,4.78,54.74,13.96,11.6,3.67,80.79,61.44,29.52,17.67,26.77,50.14,16.26,28.07,36.32,-8.25,-4.64,-16.07,-2.92,-0.34,-18.88,,0
BFA,854,Burkina Faso,Sub-Saharan Africa,low_income,2007,14816307,1731.93,0.11,54.38,138.1,0.98,5.23,54.48,14.92,12.0,3.3,80.77,61.09,30.46,17.79,27.13,50.89,16.45,28.54,36.51,-7.97,-4.28,-16.46,-2.56,0.51,-18.59,,0
BFA,854,Burkina Faso,Sub-Saharan Africa,low_income,2008,15258093,1779.33,0.12,55.2,132.1,1.02,5.7,54.17,15.84,12.5,3.5,80.8,60.59,31.58,19.25,27.5,50.47,16.72,29.11,37.02,-7.91,-3.71,-15.9,-3.15,-0.11,-18.41,0.0,0
BFA,854,Burkina Faso,Sub-Saharan Africa,low_income,2009,15710066,1779.32,0.12,55.79,126.5,1.07,6.13,53.86,16.77,12.6,3.72,80.84,59.89,32.51,20.58,27.74,50.01,17.11,29.59,36.91,-7.32,-3.91,-15.16,-2.71,-0.63,-17.94,,0
BFA,854,Burkina Faso,Sub-Saharan Africa,low_income,2010,16176498,1873.97,0.12,56.34,121.3,1.11,6.56,53.55,17.72,13.1,3.72,80.81,58.95,33.39,21.91,28.12,50.02,17.64,30.22,37.7,-7.49,-3.55,-14.85,-2.92,-0.65,-17.21,,0
BFA,854,Burkina Faso,Sub-Saharan Africa,low_income,2011,16661908,1939.87,0.13,57.0,116.6,1.15,7.0,53.23,18.68,14.8,3.83,80.77,55.57,34.32,23.3,28.9,49.83,19.61,31.19,38.09,-6.89,-3.96,-13.96,-3.55,-0.94,-12.78,,0
BFA,854,Burkina Faso,Sub-Saharan Africa,low_income,2012,17172287,2003.66,0.15,57.46,112.3,1.2,7.3,52.92,19.65,15.1,3.85,80.77,61.76,35.08,24.27,29.22,49.79,16.09,30.89,38.37,-7.48,-4.21,-13.44,-4.43,-1.01,-14.7,,0
BFA,854,Burkina Faso,Sub-Saharan Africa,low_income,2013,17695409,2057.06,0.17,57.9,108.2,1.24,7.54,52.6,20.63,15.4,4.05,80.79,48.61,35.83,25.1,29.54,49.37,24.08,32.78,40.05,-7.26,-4.32,-13.51,-6.08,-1.89,-10.72,,0
BFA,854,Burkina Faso,Sub-Saharan Africa,low_income,2014,18229461,2083.2,0.15,58.33,104.3,1.29,7.68,52.28,21.62,19.2,4.26,80.8,49.92,36.55,25.61,31.03,48.97,23.19,33.07,40.12,-7.05,-3.75,-13.46,-5.08,-2.24,-11.43,,0
BFA,854,Burkina Faso,Sub-Saharan Africa,low_income,2015,18777487,2101.7,0.21,58.78,100.8,1.44,8.04,51.97,22.62,16.2,4.47,80.82,71.87,37.27,27.14,30.26,48.52,11.02,30.84,39.6,-8.75,-3.97,-12.43,-6.43,-2.6,-18.14,0.0,0
BFA,854,Burkina Faso,Sub-Saharan Africa,low_income,2016,19334856,2162.73,0.2,59.17,97.4,1.6,8.27,51.65,23.64,16.6,4.6,80.83,66.09,37.94,28.31,30.63,48.26,13.82,31.79,40.73,-8.93,-4.06,-11.95,-7.16,-3.18,-17.02,,0
BFA,854,Burkina Faso,Sub-Saharan Africa,low_income,2017,19894407,2232.29,0.23,59.58,94.1,1.76,8.62,51.33,24.66,17.0,4.66,80.82,60.31,38.63,29.8,31.0,48.14,16.88,32.89,41.66,-8.77,-3.89,-11.04,-8.38,-3.54,-15.98,,0
BFA,854,Burkina Faso,Sub-Saharan Africa,low_income,2018,20438288,2316.39,0.26,59.97,91.0,1.92,8.95,51.01,25.68,14.4,4.7,80.8,58.1,39.3,31.25,30.37,48.09,18.12,33.43,42.68,-9.26,-4.26,-10.31,-11.5,-4.08,-15.38,,0
BFA,854,Burkina Faso,Sub-Saharan Africa,low_income,2019,20961952,2391.54,0.27,60.18,88.1,2.1,8.91,50.7,26.72,17.6,4.49,80.8,50.71,39.81,31.77,31.67,48.49,22.67,34.88,43.43,-8.54,-4.68,-10.52,-11.17,-3.67,-12.72,,0
BFA,854,Burkina Faso,Sub-Saharan Africa,low_income,2020,21478690,2380.93,0.27,60.45,85.1,2.32,8.78,50.39,27.76,18.5,4.59,82.1,58.47,40.4,32.11,32.22,47.61,17.91,34.05,43.78,-9.73,-4.27,-11.18,-12.36,-3.04,-16.74,,0
BFA,854,Burkina Faso,Sub-Saharan Africa,low_income,2021,21995243,2486.43,0.29,60.05,82.4,2.32,8.73,50.08,28.81,19.0,4.51,81.31,58.47,40.43,31.99,32.63,48.18,17.91,34.23,44.27,-10.04,-4.4,-11.61,-14.39,-2.81,-16.81,,1
BFA,854,Burkina Faso,Sub-Saharan Africa,low_income,2022,22509038,2469.2,0.29,60.7,79.8,2.32,8.09,49.77,29.86,19.5,3.83,80.8,58.47,41.28,30.21,33.04,49.82,17.91,34.45,44.54,-10.08,-4.99,-13.11,-14.36,-2.58,-16.86,0.0,1
BGD,50,Bangladesh,South Asia,lower_middle_income,2000,134544304,2712.94,0.2,62.05,85.5,4.28,7.57,94.56,23.69,32.0,3.27,66.22,53.21,41.57,35.29,50.08,58.6,21.06,41.32,39.75,1.57,4.66,-0.76,9.18,6.85,-12.49,0.0,0
BGD,50,Bangladesh,South Asia,lower_middle_income,2001,136805810,2803.55,0.24,62.84,80.2,4.4,7.77,94.73,25.18,35.0,3.61,65.9,53.54,42.87,36.24,51.64,58.1,20.86,41.94,40.27,1.67,4.95,-0.72,10.18,6.46,-12.76,,0
BGD,50,Bangladesh,South Asia,lower_middle_income,2002,138933658,2866.43,0.25,63.59,75.3,4.48,7.97,94.91,26.68,37.8,3.97,65.57,54.0,44.14,37.07,53.13,57.56,20.57,42.49,41.0,1.5,5.25,-0.82,10.4,5.56,-13.55,,0
BGD,50,Bangladesh,South Asia,lower_middle_income,2003,140970351,2958.92,0.26,64.29,70.8,4.56,8.17,95.08,28.18,40.5,4.32,65.25,54.44,45.34,37.9,54.59,57.02,20.3,43.03,41.83,1.2,5.53,-0.95,10.05,4.55,-14.3,,0
BGD,50,Bangladesh,South Asia,lower_middle_income,2004,142902856,3071.84,0.27,64.91,66.8,4.64,8.38,95.25,29.66,40.6,4.32,64.89,54.71,46.45,38.73,55.17,57.21,20.13,43.54,42.6,0.94,5.82,-1.26,9.28,4.16,-15.13,,0
BGD,50,Bangladesh,South Asia,lower_middle_income,2005,144715786,3231.61,0.28,65.51,63.0,4.72,8.58,95.46,31.44,44.2,4.25,64.49,54.66,47.55,39.56,57.03,57.56,20.16,44.37,43.47,0.9,5.63,-1.31,9.01,3.83,-15.36,,0
BGD,50,Bangladesh,South Asia,lower_middle_income,2006,146405973,3407.43,0.3,66.05,59.6,4.8,8.66,95.67,33.23,50.5,3.59,64.18,53.2,48.57,40.04,59.8,59.04,21.07,45.7,44.57,1.13,5.47,-1.95,9.5,4.58,-14.72,,0
BGD,50,Bangladesh,South Asia,lower_middle_income,2007,147989278,3608.92,0.31,66.46,56.5,4.88,8.67,95.87,35.03,46.5,4.01,63.69,50.08,49.46,40.34,59.13,58.45,23.09,46.1,45.45,0.64,5.2,-2.68,7.47,3.53,-13.06,,0
BGD,50,Bangladesh,South Asia,lower_middle_income,2008,149474264,3787.94,0.34,67.05,53.6,4.96,8.41,96.07,36.86,54.3,4.49,63.16,46.44,50.49,39.89,62.41,57.78,25.61,47.23,46.51,0.72,5.35,-4.22,8.55,2.27,-11.07,0.0,0
BGD,50,Bangladesh,South Asia,lower_middle_income,2009,150873714,3942.14,0.37,67.53,51.1,5.04,8.95,96.27,38.7,57.1,5.0,62.64,43.42,51.37,41.65,64.02,57.03,27.85,48.39,47.21,1.18,5.03,-3.56,8.78,1.35,-9.13,,0
BGD,50,Bangladesh,South Asia,lower_middle_income,2010,152201981,4125.46,0.4,68.01,48.7,5.12,9.2,96.46,40.55,55.3,3.38,62.11,42.16,52.27,42.6,64.1,60.55,28.83,49.67,47.86,1.81,5.25,-3.45,8.42,4.86,-8.24,,0
BGD,50,Bangladesh,South Asia,lower_middle_income,2011,153591076,4352.43,0.43,68.5,46.5,5.2,9.44,96.66,42.42,59.6,3.74,61.28,52.3,53.15,43.56,66.22,60.28,21.64,48.97,48.75,0.22,4.89,-3.47,8.8,4.43,-13.65,,0
BGD,50,Bangladesh,South Asia,lower_middle_income,2012,155070101,4592.05,0.45,68.99,44.4,5.3,9.69,96.85,44.3,65.5,4.07,60.43,65.16,54.03,44.59,68.88,60.05,14.3,48.37,49.29,-0.92,4.81,-3.28,9.65,4.03,-20.15,,0
BGD,50,Bangladesh,South Asia,lower_middle_income,2013,156532141,4822.73,0.46,69.49,42.4,5.06,9.93,97.04,46.19,61.5,4.43,59.57,64.38,54.91,44.48,68.24,59.79,14.7,48.42,50.52,-2.1,4.75,-4.0,7.17,3.28,-22.14,,0
BGD,50,Bangladesh,South Asia,lower_middle_income,2014,157964929,5068.64,0.49,70.02,40.5,5.19,10.18,97.22,48.09,62.4,4.42,58.75,68.33,55.81,45.59,69.24,60.25,12.71,48.72,51.44,-2.72,4.61,-3.73,6.79,3.61,-25.18,,0
BGD,50,Bangladesh,South Asia,lower_middle_income,2015,159383179,5352.71,0.54,70.54,38.5,5.99,10.43,97.4,50.01,74.0,4.4,57.9,64.11,56.77,48.92,73.8,60.73,14.84,51.01,51.88,-0.87,4.47,-1.61,9.14,3.97,-19.94,1.0,0
BGD,50,Bangladesh,South Asia,lower_middle_income,2016,160811932,5682.54,0.58,71.08,36.7,6.11,10.67,97.58,51.93,75.9,4.35,57.04,63.68,57.7,50.03,75.14,61.28,15.07,51.84,53.14,-1.3,4.19,-1.65,9.03,3.76,-21.66,,0
BGD,50,Bangladesh,South Asia,lower_middle_income,2017,162186147,6005.71,0.62,71.61,35.0,6.27,10.92,97.76,53.86,88.0,4.37,56.18,58.34,58.62,51.23,79.87,61.69,17.99,53.88,54.41,-0.53,4.16,-1.3,11.3,3.81,-20.82,,0
BGD,50,Bangladesh,South Asia,lower_middle_income,2018,163523103,6392.59,0.64,72.12,33.5,6.39,11.4,97.93,55.8,86.9,4.44,56.29,59.51,59.49,52.95,80.21,61.49,17.32,54.29,55.36,-1.06,3.87,-0.77,9.51,2.79,-21.82,,0
BGD,50,Bangladesh,South Asia,lower_middle_income,2019,164913055,6838.33,0.66,72.62,32.3,6.55,11.67,98.1,57.75,92.2,4.5,56.39,50.36,60.28,54.26,82.69,61.31,22.9,56.29,56.91,-0.62,3.45,-0.86,9.78,2.34,-18.29,,0
BGD,50,Bangladesh,South Asia,lower_middle_income,2020,166298024,7015.2,0.63,71.42,31.4,7.38,11.95,98.27,59.71,96.2,5.54,57.4,42.38,59.66,57.78,84.73,58.71,28.66,57.91,57.99,-0.09,1.93,1.08,8.38,1.6,-13.82,,0
BGD,50,Bangladesh,South Asia,lower_middle_income,2021,167658854,7441.07,0.7,71.1,30.9,7.38,11.95,98.44,61.68,99.0,5.46,57.71,42.38,59.59,57.78,86.37,58.71,28.66,58.22,58.41,-0.18,1.95,0.46,8.47,0.37,-13.96,,1
BGD,50,Bangladesh,South Asia,lower_middle_income,2022,169384897,7888.16,0.71,74.26,30.7,7.38,11.95,98.58,63.65,99.4,4.59,57.84,42.38,62.09,57.78,87.21,60.37,28.66,59.22,60.03,-0.8,1.98,-0.51,7.28,-0.49,-14.53,1.0,1
BGR,100,Bulgaria,Europe & Central Asia,upper_middle_income,2000,8170172,12563.89,5.9,71.66,17.5,9.74,12.81,99.74,85.83,88.1,16.22,11.17,25.02,66.19,68.04,91.22,61.69,46.25,66.68,63.45,3.23,4.05,7.94,2.42,-1.57,-0.64,3.0,0
BGR,100,Bulgaria,Europe & Central Asia,upper_middle_income,2001,8009142,13306.56,6.3,71.77,16.7,10.04,12.8,99.71,85.84,88.6,19.92,10.44,25.15,66.78,69.0,91.38,54.66,46.08,65.58,64.7,0.88,2.95,7.08,1.42,-8.53,-1.32,,0
BGR,100,Bulgaria,Europe & Central Asia,upper_middle_income,2002,7837161,14397.06,6.07,71.87,16.0,10.11,13.2,99.68,85.85,89.1,18.11,10.4,25.3,67.32,70.38,91.54,58.31,45.87,66.68,66.01,0.68,1.65,6.6,0.41,-5.68,-2.2,,0
BGR,100,Bulgaria,Europe & Central Asia,upper_middle_income,2003,7775327,15271.55,6.88,72.07,15.1,10.19,13.66,99.65,85.86,89.6,13.73,10.89,25.45,68.1,71.92,91.7,66.8,45.68,68.84,67.05,1.79,1.24,6.69,-0.15,2.45,-3.15,,0
BGR,100,Bulgaria,Europe & Central Asia,upper_middle_income,2004,7716860,16389.03,6.67,72.56,14.2,10.26,13.87,99.62,85.87,90.1,12.04,10.84,25.57,69.15,72.75,91.86,70.22,45.53,69.9,67.83,2.08,1.34,6.45,-0.47,4.48,-3.75,,0
BGR,100,Bulgaria,Europe & Central Asia,upper_middle_income,2005,7658972,17678.11,6.85,72.56,13.3,10.34,14.02,99.6,85.88,90.6,10.08,9.39,25.61,69.86,73.41,92.02,74.89,45.47,71.13,68.86,2.27,0.89,5.71,-0.91,7.37,-4.44,,0
BGR,100,Bulgaria,Europe & Central Asia,upper_middle_income,2006,7601022,19024.62,7.11,72.61,12.5,10.42,14.08,99.57,85.89,91.2,8.95,8.52,25.33,70.57,73.84,92.22,77.62,45.83,72.02,69.89,2.13,0.85,5.01,-1.28,8.18,-4.61,,0
BGR,100,Bulgaria,Europe & Central Asia,upper_middle_income,2007,7545338,20440.34,7.64,72.66,11.9,10.54,14.25,99.54,85.9,91.7,6.88,7.96,24.67,71.15,74.73,92.38,82.05,46.72,73.41,70.88,2.52,0.37,4.92,-1.44,11.12,-4.34,,0
BGR,100,Bulgaria,Europe & Central Asia,upper_middle_income,2008,7492561,21846.05,7.28,72.96,11.4,10.59,14.18,99.52,85.91,92.3,5.61,7.73,23.87,71.84,74.69,92.58,84.71,47.81,74.33,72.05,2.28,-0.26,3.45,-1.88,12.26,-4.2,3.0,0
BGR,100,Bulgaria,Europe & Central Asia,upper_middle_income,2009,7444443,21251.31,6.25,73.41,11.1,10.64,14.23,99.49,85.92,92.9,6.82,7.7,23.21,72.48,75.01,92.77,82.32,48.76,74.27,71.93,2.34,-0.52,3.14,-1.98,12.79,-3.84,,0
BGR,100,Bulgaria,Europe & Central Asia,upper_middle_income,2010,7395599,21724.38,6.69,73.51,10.9,10.72,14.48,99.47,85.93,93.5,10.28,7.9,22.93,72.75,75.97,92.97,75.29,49.16,73.23,71.99,1.23,-0.58,3.74,-1.91,6.64,-3.44,,0
BGR,100,Bulgaria,Europe & Central Asia,upper_middle_income,2011,7348328,22321.13,7.46,74.16,10.4,10.78,14.59,99.44,85.94,94.1,11.26,7.43,26.19,73.76,76.46,93.16,73.57,44.72,72.34,72.4,-0.07,-0.38,3.36,-2.05,3.76,-7.36,,0
BGR,100,Bulgaria,Europe & Central Asia,upper_middle_income,2012,7305888,22618.9,6.83,74.31,9.9,10.9,14.57,99.42,85.95,94.7,12.27,7.03,23.09,74.42,76.79,93.36,71.76,48.93,73.05,72.57,0.48,-0.09,3.23,-1.9,1.93,-4.17,,0
BGR,100,Bulgaria,Europe & Central Asia,upper_middle_income,2013,7160005,22954.49,6.21,74.86,9.3,11.01,14.96,99.4,85.96,95.3,12.94,7.04,21.49,75.51,78.24,93.55,70.41,51.33,73.81,72.99,0.82,0.38,3.72,-1.95,-0.14,-1.94,,0
BGR,100,Bulgaria,Europe & Central Asia,upper_middle_income,2014,7073572,23455.58,6.69,74.47,8.7,11.05,15.17,99.38,85.97,95.9,11.42,7.58,21.99,75.93,78.99,93.75,73.16,50.55,74.48,73.75,0.73,0.21,3.75,-2.09,2.42,-3.6,,0
BGR,100,Bulgaria,Europe & Central Asia,upper_middle_income,2015,6984225,24562.75,7.14,74.61,8.2,11.19,15.08,99.35,85.98,96.6,9.14,7.34,20.79,76.69,79.18,93.98,77.85,52.43,76.03,74.47,1.56,0.03,3.13,-2.19,6.29,-2.36,3.0,0
BGR,100,Bulgaria,Europe & Central Asia,upper_middle_income,2016,6894139,25636.85,6.84,74.81,7.7,11.23,14.83,99.33,85.99,97.3,7.58,6.88,19.98,77.53,78.63,94.21,81.23,53.76,77.07,75.48,1.59,0.11,1.92,-2.38,8.4,-3.04,,0
BGR,100,Bulgaria,Europe & Central Asia,upper_middle_income,2017,6803468,26691.87,7.24,74.81,7.3,11.24,14.65,99.31,86.0,98.1,6.16,7.08,20.03,78.11,78.16,94.47,83.95,53.67,77.67,76.08,1.59,-0.03,0.9,-2.27,10.5,-3.81,,0
BGR,100,Bulgaria,Europe & Central Asia,upper_middle_income,2018,6710798,27691.01,6.9,74.96,7.0,11.3,14.5,99.29,86.01,98.7,5.21,7.24,19.72,78.68,77.94,94.67,85.77,54.2,78.25,76.55,1.7,-0.12,0.13,-2.27,11.25,-3.09,,0
BGR,100,Bulgaria,Europe & Central Asia,upper_middle_income,2019,6616726,29150.04,6.75,75.11,6.7,11.36,14.25,99.27,86.02,99.2,4.15,6.87,17.54,79.27,77.45,94.83,88.09,58.11,79.55,77.8,1.75,-0.44,-1.23,-2.45,12.89,-2.33,,0
BGR,100,Bulgaria,Europe & Central Asia,upper_middle_income,2020,6550696,28521.33,6.02,73.36,6.5,11.41,14.04,99.25,86.04,99.7,5.04,6.48,17.15,78.25,77.03,95.0,86.52,58.86,79.13,78.1,1.03,-1.31,-2.34,-2.72,12.96,-3.05,,0
BGR,100,Bulgaria,Europe & Central Asia,upper_middle_income,2021,6507301,30959.11,7.05,71.21,6.3,11.41,13.87,99.24,86.05,99.8,5.17,6.77,17.15,76.94,76.57,95.03,86.1,58.86,78.7,78.43,0.27,-2.44,-3.35,-2.77,11.33,-3.45,,1
BGR,100,Bulgaria,Europe & Central Asia,upper_middle_income,2022,6465097,32433.79,7.65,74.16,6.1,11.41,13.87,99.22,86.06,100.0,4.15,6.97,17.15,79.55,76.57,95.09,88.04,58.86,79.62,79.21,0.41,-1.16,-3.55,-2.84,10.82,-3.58,4.0,1
BHR,48,Bahrain,Middle East & N. Africa,high_income,2000,637582,57969.0,27.87,74.67,12.5,8.04,11.62,99.96,99.94,100.0,1.08,1.81,68.65,72.16,59.07,99.97,96.89,12.56,68.13,80.6,-12.47,-10.25,-19.54,-0.1,10.75,-46.14,2.0,0
BHR,48,Bahrain,Middle East & N. Africa,high_income,2001,661316,57280.7,27.83,74.94,12.0,8.34,12.07,99.96,99.94,100.0,1.12,1.64,70.06,72.81,61.32,99.97,96.9,11.88,68.57,81.34,-12.76,-10.21,-18.29,-0.04,10.43,-47.62,,0
BHR,48,Bahrain,Middle East & N. Africa,high_income,2002,710553,55096.66,27.06,75.21,11.6,8.3,12.53,99.95,99.95,100.0,1.14,2.27,71.96,73.38,62.47,99.97,96.53,10.99,68.67,81.17,-12.5,-9.68,-17.22,0.18,11.39,-49.55,,0
BHR,48,Bahrain,Middle East & N. Africa,high_income,2003,764517,54431.88,26.02,75.49,11.3,8.27,12.98,99.95,99.95,100.0,1.13,2.21,73.88,73.88,63.62,99.97,96.58,10.11,68.83,81.02,-12.19,-9.24,-16.52,0.35,12.53,-50.89,,0
BHR,48,Bahrain,Middle East & N. Africa,high_income,2004,823741,54045.09,24.18,75.79,11.0,8.23,12.57,99.95,99.96,100.0,1.06,2.04,75.37,74.4,62.35,99.97,96.8,9.44,68.59,80.99,-12.39,-9.01,-17.62,0.56,13.5,-52.28,,0
BHR,48,Bahrain,Middle East & N. Africa,high_income,2005,888822,53478.27,26.29,76.12,10.6,8.2,12.15,99.95,99.96,100.0,1.02,2.15,75.97,75.07,61.09,99.97,96.82,9.17,68.42,81.07,-12.65,-8.47,-19.63,0.72,13.86,-53.18,,0
BHR,48,Bahrain,Middle East & N. Africa,high_income,2006,960424,52691.93,26.5,76.51,10.3,8.17,12.41,99.95,99.96,100.0,1.02,2.17,74.65,75.67,61.69,99.97,96.82,9.76,68.78,81.5,-12.72,-7.94,-19.37,0.88,13.44,-52.98,,0
BHR,48,Bahrain,Middle East & N. Africa,high_income,2007,1039295,52731.79,24.87,76.95,9.8,8.13,12.65,99.95,99.97,100.0,1.01,2.05,71.51,76.55,62.26,99.97,96.91,11.19,69.38,82.2,-12.83,-7.33,-19.29,1.0,12.56,-52.13,,0
BHR,48,Bahrain,Middle East & N. Africa,high_income,2008,1103496,52765.39,25.07,77.46,9.4,8.1,12.9,99.94,99.97,100.0,1.01,2.01,67.76,77.4,62.83,99.97,96.91,12.99,70.02,82.62,-12.6,-7.09,-19.09,0.99,12.23,-51.02,2.0,0
BHR,48,Bahrain,Middle East & N. Africa,high_income,2009,1178415,50665.75,23.47,78.02,9.0,8.07,13.14,99.94,99.98,100.0,1.07,1.96,64.62,78.3,63.4,99.97,96.83,14.58,70.61,81.94,-11.33,-6.89,-18.55,0.93,15.17,-50.3,,0
BHR,48,Bahrain,Middle East & N. Africa,high_income,2010,1228543,50704.85,23.47,78.59,8.6,8.03,13.39,99.94,99.98,100.0,1.13,1.06,63.3,79.23,63.97,99.97,97.18,15.26,71.12,82.04,-10.92,-6.27,-18.55,0.96,16.29,-49.84,,0
BHR,48,Bahrain,Middle East & N. Africa,high_income,2011,1195020,53132.33,24.27,79.14,8.3,8.25,13.64,99.94,99.98,100.0,1.21,0.97,66.73,80.04,65.37,99.97,97.07,13.5,71.19,82.85,-11.66,-6.41,-18.18,0.82,14.88,-50.69,,0
BHR,48,Bahrain,Middle East & N. Africa,high_income,2012,1208964,54516.84,24.99,79.62,8.1,8.46,14.05,99.94,99.99,100.0,1.2,1.0,70.06,80.68,67.22,99.97,97.07,11.88,71.36,83.46,-12.09,-6.25,-16.94,0.72,14.54,-55.97,,0
BHR,48,Bahrain,Middle East & N. Africa,high_income,2013,1253191,55376.4,25.64,80.0,7.9,8.68,14.66,99.93,99.99,100.0,1.18,0.97,68.14,81.24,69.65,99.98,97.12,12.8,72.16,84.0,-11.84,-6.12,-15.79,0.67,14.45,-57.03,,0
BHR,48,Bahrain,Middle East & N. Africa,high_income,2014,1314562,55065.82,25.32,80.21,7.8,8.89,14.45,99.93,100.0,100.0,1.14,0.99,59.15,81.54,69.77,99.98,97.19,17.53,73.2,84.37,-11.17,-6.1,-15.71,0.72,14.37,-52.92,,0
BHR,48,Bahrain,Middle East & N. Africa,high_income,2015,1370322,54149.91,24.42,80.34,7.7,9.11,16.07,99.93,100.0,100.0,1.16,1.0,71.56,81.78,74.99,99.98,97.15,11.17,73.01,84.13,-11.12,-5.69,-10.62,0.83,14.26,-58.47,2.0,0
BHR,48,Bahrain,Middle East & N. Africa,high_income,2016,1423726,54107.08,23.5,80.41,7.6,9.32,16.05,99.93,100.0,100.0,1.19,0.99,64.22,81.97,75.65,99.98,97.1,14.78,73.9,85.02,-11.12,-5.87,-10.31,0.81,13.78,-57.54,,0
BHR,48,Bahrain,Middle East & N. Africa,high_income,2017,1501116,53859.77,22.48,80.41,7.7,9.59,16.06,99.93,100.0,100.0,1.18,0.94,61.24,81.83,76.57,99.98,97.15,16.37,74.38,85.05,-10.67,-6.14,-9.64,0.84,13.23,-54.62,,0
BHR,48,Bahrain,Middle East & N. Africa,high_income,2018,1503091,54893.07,22.5,80.41,7.7,10.55,16.07,99.92,100.0,100.0,1.19,0.86,71.89,81.83,79.79,99.97,97.17,11.02,73.96,85.49,-11.53,-6.41,-6.92,0.83,12.12,-60.37,,0
BHR,48,Bahrain,Middle East & N. Africa,high_income,2019,1483756,56749.96,24.83,80.47,7.8,10.8,16.44,99.92,100.0,100.0,1.22,0.79,59.97,81.74,81.65,99.97,97.15,17.07,75.52,86.38,-10.86,-7.15,-5.81,0.78,11.28,-56.87,,0
BHR,48,Bahrain,Middle East & N. Africa,high_income,2020,1472204,53814.25,25.02,78.68,8.0,11.05,16.39,99.92,100.0,100.0,1.76,1.15,58.5,80.09,82.35,99.97,95.87,17.9,75.24,86.25,-11.01,-8.32,-5.68,0.76,12.22,-56.72,,0
BHR,48,Bahrain,Middle East & N. Africa,high_income,2021,1504365,54954.68,24.83,78.08,8.2,11.05,16.35,99.92,100.0,100.0,1.55,1.06,58.5,79.36,82.23,99.97,96.35,17.9,75.16,85.79,-10.63,-8.38,-5.55,0.81,12.64,-55.87,,1
BHR,48,Bahrain,Middle East & N. Africa,high_income,2022,1524693,57573.0,25.47,80.99,8.4,11.05,16.3,99.92,100.0,100.0,1.26,0.9,58.5,81.34,82.1,99.97,97.0,17.9,75.66,86.4,-10.74,-7.04,-5.71,0.78,11.22,-56.13,2.0,1
BIH,70,Bosnia and Herzegovina,Europe & Central Asia,upper_middle_income,2000,4159771,7830.53,3.43,75.29,9.5,6.12,11.28,97.4,95.08,99.0,25.45,25.95,36.9,75.61,51.73,97.16,36.34,33.28,58.83,56.97,1.86,20.62,-1.62,18.85,-22.7,-9.88,1.0,0
BIH,70,Bosnia and Herzegovina,Europe & Central Asia,upper_middle_income,2001,4179438,7982.55,3.37,75.57,8.9,6.13,11.44,97.32,95.09,99.4,26.48,25.35,37.36,76.54,52.2,97.27,36.66,32.86,59.11,57.67,1.44,20.47,-2.1,18.21,-21.8,-10.56,,0
BIH,70,Bosnia and Herzegovina,Europe & Central Asia,upper_middle_income,2002,4188002,8366.73,3.54,75.99,8.4,6.13,11.6,97.23,95.1,98.5,27.48,24.86,37.92,77.49,52.68,96.94,36.92,32.37,59.28,58.53,0.75,20.05,-2.63,16.51,-21.71,-11.39,,0
BIH,70,Bosnia and Herzegovina,Europe & Central Asia,upper_middle_income,2003,4178523,8709.99,3.63,76.45,8.0,6.14,11.77,97.14,95.11,99.0,28.42,24.39,38.46,78.37,53.16,97.08,37.16,31.9,59.54,59.43,0.1,19.86,-3.03,15.24,-21.97,-12.21,,0
BIH,70,Bosnia and Herzegovina,Europe & Central Asia,upper_middle_income,2004,4140987,9344.87,3.87,76.49,7.6,6.15,11.94,97.05,95.12,99.1,29.28,24.06,38.86,78.96,53.65,97.09,37.34,31.55,59.72,60.27,-0.55,19.55,-3.83,13.9,-22.88,-13.04,,0
BIH,70,Bosnia and Herzegovina,Europe & Central Asia,upper_middle_income,2005,4096493,9814.51,4.11,76.42,7.4,6.15,12.11,96.96,95.14,99.1,30.22,23.88,39.03,79.2,54.15,97.06,37.43,31.41,59.85,61.03,-1.18,18.62,-4.1,12.7,-24.06,-13.38,,0
BIH,70,Bosnia and Herzegovina,Europe & Central Asia,upper_middle_income,2006,4063272,10430.46,4.6,76.03,7.2,6.16,12.28,96.86,95.15,99.4,31.11,23.45,38.63,79.19,54.65,97.14,37.66,31.75,60.08,61.98,-1.9,17.84,-4.28,11.21,-25.36,-13.16,,0
BIH,70,Bosnia and Herzegovina,Europe & Central Asia,upper_middle_income,2007,4013424,11178.73,4.91,76.16,7.1,6.83,12.46,96.76,95.17,99.7,28.98,23.25,37.7,79.45,57.36,97.21,37.76,32.57,60.87,62.96,-2.09,16.9,-2.76,10.44,-26.41,-12.77,,0
BIH,70,Bosnia and Herzegovina,Europe & Central Asia,upper_middle_income,2008,3947544,11983.77,5.49,76.3,7.0,6.92,12.83,96.66,95.18,99.3,23.4,23.59,36.58,79.71,58.72,97.05,40.77,33.57,61.96,64.03,-2.07,16.09,-2.73,8.91,-24.81,-12.47,1.0,0
BIH,70,Bosnia and Herzegovina,Europe & Central Asia,upper_middle_income,2009,3879794,11826.7,5.58,76.7,6.9,7.02,12.92,96.56,95.2,99.4,24.07,24.02,35.64,80.17,59.27,97.05,39.22,34.44,62.03,64.17,-2.14,16.03,-2.93,8.47,-25.15,-12.07,,0
BIH,70,Bosnia and Herzegovina,Europe & Central Asia,upper_middle_income,2010,3811472,12142.91,5.83,76.83,6.8,7.11,12.95,96.45,95.22,99.5,27.31,22.74,35.25,80.43,59.68,97.06,38.03,34.81,62.0,64.6,-2.6,15.85,-3.03,8.0,-25.99,-11.79,,0
BIH,70,Bosnia and Herzegovina,Europe & Central Asia,upper_middle_income,2011,3741798,12487.7,6.75,76.96,6.8,7.24,13.18,96.34,95.24,99.7,27.58,22.0,39.4,80.53,60.75,97.09,38.42,31.09,61.58,65.0,-3.42,15.45,-2.86,7.4,-25.88,-14.5,,0
BIH,70,Bosnia and Herzegovina,Europe & Central Asia,upper_middle_income,2012,3670113,12626.98,6.35,77.04,6.7,7.89,13.37,96.24,95.25,99.7,28.01,23.44,35.5,80.75,63.44,97.06,37.67,34.57,62.7,65.04,-2.35,15.78,-0.73,7.32,-26.7,-11.4,,0
BIH,70,Bosnia and Herzegovina,Europe & Central Asia,upper_middle_income,2013,3610859,13135.77,6.43,77.13,6.7,8.54,13.62,96.12,95.27,99.5,27.49,21.54,33.74,80.82,66.3,96.97,38.66,36.27,63.8,65.59,-1.78,15.1,1.07,6.52,-26.42,-9.96,,0
BIH,70,Bosnia and Herzegovina,Europe & Central Asia,upper_middle_income,2014,3564829,13458.91,5.83,77.09,6.7,9.19,13.65,96.01,95.29,99.9,27.52,19.52,32.48,80.79,68.55,97.07,39.72,37.54,64.73,66.42,-1.69,14.41,2.43,6.23,-24.74,-9.69,,0
BIH,70,Bosnia and Herzegovina,Europe & Central Asia,upper_middle_income,2015,3518541,14220.15,5.92,77.07,6.7,9.29,13.63,96.07,95.31,99.7,27.7,21.27,33.81,80.78,68.82,97.03,38.8,36.2,64.33,66.97,-2.65,13.28,1.53,5.27,-25.72,-11.06,1.0,0
BIH,70,Bosnia and Herzegovina,Europe & Central Asia,upper_middle_income,2016,3473003,14873.7,6.77,77.12,6.8,9.69,13.62,96.07,95.34,100.0,25.41,21.13,30.38,80.65,70.16,97.14,38.88,39.76,65.32,67.69,-2.37,12.52,1.97,4.76,-26.36,-8.87,,0
BIH,70,Bosnia and Herzegovina,Europe & Central Asia,upper_middle_income,2017,3428682,15554.72,7.0,77.39,6.8,9.75,13.63,96.16,95.36,100.0,20.53,20.45,30.9,80.86,70.36,97.17,48.18,39.2,67.16,68.4,-1.24,12.0,1.56,4.31,-16.84,-10.73,,0
BIH,70,Bosnia and Herzegovina,Europe & Central Asia,upper_middle_income,2018,3387000,16349.07,7.1,77.94,6.8,9.81,13.58,96.15,95.39,100.0,18.4,17.5,32.5,81.28,70.42,97.18,53.99,37.52,68.08,69.04,-0.96,11.6,0.84,3.74,-11.94,-12.29,,0
BIH,70,Bosnia and Herzegovina,Europe & Central Asia,upper_middle_income,2019,3345533,17029.37,6.75,77.39,6.7,10.17,13.44,96.14,95.39,100.0,15.69,20.13,26.72,81.02,71.25,97.17,58.02,44.06,70.31,70.03,0.28,10.63,0.82,3.17,-7.89,-7.89,,1
BIH,70,Bosnia and Herzegovina,Europe & Central Asia,upper_middle_income,2020,3299349,16747.1,6.83,76.04,6.6,10.54,13.26,96.13,95.39,100.0,15.87,19.82,26.6,80.14,71.94,97.17,57.83,44.2,70.26,70.48,-0.22,9.77,0.69,2.33,-6.29,-9.08,,1
BIH,70,Bosnia and Herzegovina,Europe & Central Asia,upper_middle_income,2021,3244907,18286.74,7.09,74.57,6.4,10.54,13.28,96.12,95.39,100.0,14.9,19.52,26.6,79.35,72.0,97.17,59.93,44.2,70.53,70.99,-0.46,9.05,0.04,2.09,-6.17,-9.38,,2
BIH,70,Bosnia and Herzegovina,Europe & Central Asia,upper_middle_income,2022,3204802,19298.2,6.99,76.78,6.2,10.54,13.28,96.11,95.39,100.0,12.66,19.14,26.6,81.39,72.0,97.16,64.61,44.2,71.87,72.24,-0.37,8.89,-0.47,1.71,-4.84,-9.73,3.0,2
BLR,112,Belarus,Europe & Central Asia,upper_middle_income,2000,9979610,11182.45,5.64,68.91,12.8,10.38,13.08,97.85,91.91,89.0,12.19,14.34,27.8,67.47,70.93,92.92,68.07,42.73,68.42,61.84,6.59,7.17,12.53,6.17,6.02,-3.33,3.0,0
BLR,112,Belarus,Europe & Central Asia,upper_middle_income,2001,9928549,11771.09,5.54,68.51,11.8,10.47,13.37,97.85,91.9,89.5,11.56,13.91,26.83,68.04,72.04,93.08,69.56,43.92,69.33,63.01,6.32,6.16,11.98,5.15,7.74,-2.64,,0
BLR,112,Belarus,Europe & Central Asia,upper_middle_income,2002,9865548,12443.93,5.59,68.06,10.9,10.56,13.67,97.85,91.88,90.0,10.87,13.42,25.37,68.56,73.14,93.24,71.19,45.78,70.38,64.02,6.36,5.17,11.64,4.26,8.99,-1.26,,0
BLR,112,Belarus,Europe & Central Asia,upper_middle_income,2003,9796749,13413.93,5.7,68.55,10.1,10.64,13.96,97.84,91.86,90.5,10.19,12.89,23.8,69.77,74.26,93.4,72.84,47.92,71.63,65.34,6.29,4.85,11.1,3.27,9.93,0.1,,0
BLR,112,Belarus,Europe & Central Asia,upper_middle_income,2004,9730146,15052.12,6.08,68.96,9.4,10.73,14.25,97.92,92.31,91.0,9.46,12.26,22.48,70.86,75.37,93.74,74.62,49.83,72.88,66.69,6.19,4.33,10.4,2.46,9.86,1.21,,0
BLR,112,Belarus,Europe & Central Asia,upper_middle_income,2005,9663915,16579.87,6.21,68.85,8.7,10.82,14.55,98.0,92.76,91.5,8.76,11.6,21.76,71.62,76.49,94.09,76.38,50.9,73.89,68.0,5.89,3.59,9.81,1.87,9.61,1.52,,0
BLR,112,Belarus,Europe & Central Asia,upper_middle_income,2006,9604924,18349.87,6.5,69.4,8.0,10.91,14.84,98.08,93.22,92.1,8.07,10.92,21.56,72.95,77.6,94.47,78.12,51.22,74.87,69.41,5.47,3.76,9.36,1.32,9.12,1.11,,0
BLR,112,Belarus,Europe & Central Asia,upper_middle_income,2007,9560953,20019.61,6.39,70.21,7.3,11.01,15.13,98.16,93.67,92.6,7.41,10.24,21.45,74.56,78.72,94.81,79.79,51.39,75.86,70.61,5.25,4.07,9.24,1.19,9.1,0.54,,0
BLR,112,Belarus,Europe & Central Asia,upper_middle_income,2008,9527985,22137.95,6.8,70.46,6.6,11.1,15.43,98.24,94.13,93.2,6.73,9.57,21.36,75.85,79.85,95.19,81.51,51.52,76.78,72.23,4.56,3.56,8.41,0.62,8.89,-0.64,3.0,0
BLR,112,Belarus,Europe & Central Asia,upper_middle_income,2009,9504583,22236.84,6.48,70.41,6.1,11.19,15.52,98.32,94.6,93.8,6.1,9.03,21.22,76.67,80.41,95.57,83.05,51.75,77.49,72.56,4.93,2.94,7.83,0.47,13.03,-1.39,,0
BLR,112,Belarus,Europe & Central Asia,upper_middle_income,2010,9483836,24012.61,6.97,70.4,5.6,11.29,15.55,98.41,95.07,94.4,6.05,8.51,20.94,77.59,80.82,95.96,83.42,52.2,78.0,73.35,4.65,2.58,7.09,0.39,13.54,-1.73,,0
BLR,112,Belarus,Europe & Central Asia,upper_middle_income,2011,9461643,25404.76,6.65,70.55,5.2,11.38,15.7,98.49,95.54,95.0,6.02,8.08,18.7,78.51,81.53,96.34,83.7,55.98,79.21,74.19,5.02,2.18,6.52,0.27,12.15,2.06,,0
BLR,112,Belarus,Europe & Central Asia,upper_middle_income,2012,9446836,25879.13,6.8,71.97,4.9,11.48,15.78,98.57,96.02,95.6,5.96,7.74,18.07,80.24,82.08,96.73,84.0,57.12,80.03,74.49,5.55,3.39,6.55,0.6,12.43,1.75,,0
BLR,112,Belarus,Europe & Central Asia,upper_middle_income,2013,9443211,26147.63,6.82,72.47,4.6,11.57,15.58,98.66,96.5,96.2,5.94,7.53,18.97,81.32,81.84,97.12,84.15,55.48,79.98,74.86,5.13,3.89,5.38,0.8,11.93,-0.08,,0
BLR,112,Belarus,Europe & Central Asia,upper_middle_income,2014,9448515,26564.43,6.77,72.97,4.3,11.67,15.41,98.74,96.98,96.8,5.91,7.36,19.4,82.44,81.71,97.51,84.31,54.75,80.14,75.53,4.61,4.52,4.67,0.93,11.75,-1.68,,0
BLR,112,Belarus,Europe & Central Asia,upper_middle_income,2015,9461076,25513.21,6.25,73.62,4.1,11.76,15.26,98.83,97.47,97.4,5.88,7.32,17.61,83.46,81.61,97.9,84.38,57.98,81.07,75.01,6.06,6.13,5.02,1.52,12.23,2.49,4.0,0
BLR,112,Belarus,Europe & Central Asia,upper_middle_income,2016,9469379,24846.83,6.24,73.83,3.9,11.86,15.19,98.92,97.96,98.0,5.84,7.33,15.83,84.15,81.72,98.29,84.45,61.53,82.03,75.02,7.01,7.3,5.45,1.88,12.13,5.34,,0
BLR,112,Belarus,Europe & Central Asia,upper_middle_income,2017,9458989,25503.98,6.37,74.13,3.6,11.95,15.01,99.0,98.45,98.7,5.65,7.57,15.78,85.26,81.52,98.72,84.72,61.64,82.37,75.41,6.96,7.92,4.91,2.21,12.07,5.02,,0
BLR,112,Belarus,Europe & Central Asia,upper_middle_income,2018,9438785,26363.46,6.72,74.18,3.4,12.05,14.67,99.09,98.94,99.3,4.76,7.36,16.98,85.91,80.92,99.11,86.6,59.18,82.34,75.82,6.52,7.96,3.82,2.41,12.95,2.89,,0
BLR,112,Belarus,Europe & Central Asia,upper_middle_income,2019,9419758,26798.82,6.5,74.23,3.1,12.14,14.4,99.18,99.43,100.0,4.16,7.22,15.62,86.95,80.48,99.54,87.87,61.98,83.36,76.56,6.81,8.68,3.02,2.65,14.19,3.27,,0
BLR,112,Belarus,Europe & Central Asia,upper_middle_income,2020,9379952,26731.5,6.2,72.14,2.9,12.24,14.26,99.26,99.59,100.0,4.05,6.91,14.61,86.07,80.43,99.62,88.27,64.21,83.72,77.17,6.55,7.58,2.03,2.11,15.83,3.69,,0
BLR,112,Belarus,Europe & Central Asia,upper_middle_income,2021,9302585,27611.18,6.3,72.07,2.7,12.24,14.19,99.39,99.66,100.0,3.9,6.85,14.61,86.8,80.23,99.68,88.59,64.21,83.9,76.79,7.11,9.41,2.0,2.35,15.78,4.21,,1
BLR,112,Belarus,Europe & Central Asia,upper_middle_income,2022,9228071,26537.51,6.06,74.1,2.6,12.24,13.98,99.86,99.69,100.0,3.57,6.8,14.61,88.77,79.64,99.85,89.27,64.21,84.35,76.4,7.95,11.35,2.49,2.68,15.24,5.78,4.0,1
BOL,68,Bolivia,Americas,lower_middle_income,2000,8606326,7492.43,0.95,62.06,70.7,7.1,14.09,81.22,34.92,70.0,2.44,71.91,63.07,43.64,62.81,62.05,57.27,15.38,48.23,56.31,-8.08,-10.66,10.13,-14.85,-1.44,-27.36,1.0,0
BOL,68,Bolivia,Americas,lower_middle_income,2001,8752736,7491.15,0.91,62.54,66.3,7.21,13.67,81.84,36.11,69.3,2.62,71.72,61.95,44.71,62.01,62.42,57.01,15.99,48.43,56.62,-8.2,-10.31,8.77,-14.4,-0.99,-26.77,,0
BOL,68,Bolivia,Americas,lower_middle_income,2002,8900355,7550.02,0.95,63.07,62.1,7.15,13.25,82.43,37.28,64.0,2.6,71.34,61.19,45.83,60.64,61.24,57.25,16.4,48.27,56.98,-8.71,-9.98,6.97,-16.21,-0.69,-26.35,,0
BOL,68,Bolivia,Americas,lower_middle_income,2003,9050700,7625.91,1.0,63.46,58.2,7.09,12.83,83.01,38.44,72.3,2.65,68.68,60.53,46.83,59.27,64.59,58.54,16.76,49.2,57.4,-8.2,-9.52,5.23,-13.46,0.31,-26.03,,0
BOL,68,Bolivia,Americas,lower_middle_income,2004,9204287,7811.6,1.03,63.82,54.5,7.03,13.38,83.59,39.6,75.9,2.62,68.4,59.72,47.82,60.6,66.36,58.77,17.21,50.15,57.61,-7.46,-8.7,5.92,-11.99,-0.16,-25.62,,0
BOL,68,Bolivia,Americas,lower_middle_income,2005,9360754,8020.64,1.06,64.18,51.0,6.97,13.94,84.16,40.75,68.3,2.6,68.13,58.49,48.82,61.93,64.4,58.94,17.9,50.4,58.09,-7.69,-8.55,6.81,-14.75,-0.98,-24.9,,0
BOL,68,Bolivia,Americas,lower_middle_income,2006,9521689,8263.32,1.13,64.53,47.7,6.9,13.93,84.72,41.9,76.2,2.58,69.09,55.24,49.82,61.7,67.61,58.49,19.81,51.48,58.63,-7.14,-7.94,6.32,-12.42,-2.62,-22.78,,0
BOL,68,Bolivia,Americas,lower_middle_income,2007,9685960,8493.95,1.24,64.94,44.7,7.05,14.26,85.27,43.48,80.2,2.61,65.42,49.44,50.84,63.13,69.65,60.34,23.52,53.49,58.96,-5.47,-7.53,7.19,-10.11,-1.5,-19.17,,0
BOL,68,Bolivia,Americas,lower_middle_income,2008,9850858,8865.27,1.3,65.3,41.8,7.2,14.31,85.82,45.08,84.7,2.6,65.41,42.47,51.84,63.76,71.87,60.37,28.59,55.28,59.75,-4.47,-7.32,6.98,-9.37,-2.38,-14.35,1.0,0
BOL,68,Bolivia,Americas,lower_middle_income,2009,10016275,9011.56,1.36,65.66,39.1,7.48,14.28,86.36,46.7,86.8,2.97,63.81,35.72,52.84,64.61,73.28,60.47,34.36,57.11,60.34,-3.23,-7.18,6.69,-8.97,-1.83,-9.27,,0
BOL,68,Bolivia,Americas,lower_middle_income,2010,10182345,9230.4,1.45,66.0,36.7,7.71,14.25,86.89,48.33,88.0,2.61,64.6,30.58,53.8,65.29,74.41,60.78,39.55,58.76,60.78,-2.02,-6.59,6.8,-7.83,-1.3,-4.27,,0
BOL,68,Bolivia,Americas,lower_middle_income,2011,10348929,9554.45,1.56,66.28,34.4,7.94,14.22,87.41,49.98,88.3,2.26,65.38,27.32,54.71,65.97,75.23,61.08,43.32,60.06,61.23,-1.17,-6.22,6.51,-7.48,-1.17,0.67,,0
BOL,68,Bolivia,Americas,lower_middle_income,2012,10515807,9884.46,1.62,66.59,32.3,8.17,14.39,87.93,51.65,90.4,2.07,63.11,28.07,55.63,67.21,76.66,62.65,42.41,60.91,61.66,-0.75,-5.64,6.79,-7.03,0.22,-0.61,,0
BOL,68,Bolivia,Americas,lower_middle_income,2013,10682608,10391.38,1.69,66.78,30.3,8.43,14.57,88.43,53.32,89.5,2.44,65.37,26.1,56.47,68.57,77.08,60.72,44.84,61.54,62.38,-0.85,-5.73,7.24,-7.74,-2.35,1.28,,0
BOL,68,Bolivia,Americas,lower_middle_income,2014,10848888,10790.85,1.79,66.97,28.4,8.68,14.05,88.91,55.0,90.0,2.02,65.44,26.94,57.32,67.95,77.97,61.52,43.78,61.71,63.31,-1.61,-5.75,5.66,-7.72,-1.12,-1.1,,0
BOL,68,Bolivia,Americas,lower_middle_income,2015,11014705,11144.64,1.81,67.2,26.7,8.93,13.98,89.39,56.69,91.5,3.11,67.36,27.46,58.17,68.59,79.19,58.33,43.15,61.49,63.58,-2.1,-5.67,5.46,-7.68,-4.04,-0.91,1.0,0
BOL,68,Bolivia,Americas,lower_middle_income,2016,11180020,11448.02,1.91,67.39,25.0,9.16,14.5,89.86,58.41,91.8,3.5,67.13,28.05,59.03,70.81,80.02,57.67,42.43,61.99,63.99,-2.0,-5.25,7.11,-7.23,-5.18,-2.72,,0
BOL,68,Bolivia,Americas,lower_middle_income,2017,11344587,11755.26,1.92,67.54,23.4,9.4,14.9,90.32,60.14,91.8,3.66,65.67,26.54,59.86,72.71,80.75,58.13,44.28,63.15,64.53,-1.39,-4.84,8.71,-7.53,-4.27,-2.02,,0
BOL,68,Bolivia,Americas,lower_middle_income,2018,11508368,11920.31,1.91,67.7,22.0,9.63,15.02,90.78,61.89,92.8,3.52,65.74,25.17,60.66,73.81,81.82,58.36,46.05,64.14,64.6,-0.46,-4.3,9.67,-6.46,-4.68,0.29,,0
BOL,68,Bolivia,Americas,lower_middle_income,2019,11671386,11930.92,1.88,67.82,20.6,9.86,14.95,91.23,63.66,95.1,3.68,64.18,24.48,61.46,74.4,83.33,58.86,46.97,65.0,65.06,-0.06,-3.55,10.04,-5.09,-4.02,-0.12,,0
BOL,68,Bolivia,Americas,lower_middle_income,2020,11816299,10285.66,1.57,62.91,19.3,9.83,14.8,91.67,65.44,97.2,7.9,66.6,22.88,58.39,73.86,84.77,49.14,49.23,63.08,63.71,-0.63,-4.64,10.66,-2.39,-10.52,2.43,,0
BOL,68,Bolivia,Americas,lower_middle_income,2021,11937360,11202.44,1.83,61.43,18.2,9.83,15.02,92.11,67.25,98.6,5.09,66.09,22.88,57.89,74.49,85.98,55.04,49.23,64.53,64.26,0.26,-5.2,10.46,-2.53,-6.25,2.02,,1
BOL,68,Bolivia,Americas,lower_middle_income,2022,12077154,11487.71,1.94,67.43,17.3,9.83,15.02,92.54,69.07,99.9,3.55,64.37,22.88,63.06,74.49,87.17,59.02,49.23,66.59,65.26,1.33,-2.16,10.17,-2.03,-4.9,2.07,3.0,1
BRA,76,Brazil,Americas,upper_middle_income,2000,174018282,14005.35,2.01,69.58,34.4,5.27,13.38,93.54,73.37,94.4,10.89,30.2,15.57,57.25,54.75,87.1,62.32,62.08,64.7,64.97,-0.27,-6.69,-6.93,-3.41,-2.16,14.37,3.0,0
BRA,76,Brazil,Americas,upper_middle_income,2001,176301203,14016.13,1.99,69.98,32.2,5.45,13.43,93.87,74.24,96.0,10.65,29.99,15.55,58.28,55.47,88.04,62.92,62.12,65.36,65.42,-0.06,-6.42,-7.24,-2.68,-0.92,14.33,,0
BRA,76,Brazil,Americas,upper_middle_income,2002,178503484,14265.9,1.97,70.4,30.1,5.63,13.48,94.19,75.09,96.7,10.64,30.09,15.52,59.33,56.19,88.66,62.88,62.19,65.85,65.88,-0.03,-6.2,-7.44,-2.33,-1.0,14.18,,0
BRA,76,Brazil,Americas,upper_middle_income,2003,180622688,14259.37,1.92,70.88,28.2,5.8,13.52,94.49,75.93,97.0,11.17,30.18,15.47,60.41,56.91,89.14,61.78,62.3,66.11,66.15,-0.04,-5.44,-7.22,-1.78,-1.84,14.01,,0
BRA,76,Brazil,Americas,upper_middle_income,2004,182675143,14911.26,2.0,71.36,26.3,5.98,13.57,94.8,76.77,96.8,10.07,29.69,15.42,61.54,57.63,89.46,64.23,62.41,67.05,66.57,0.48,-4.85,-7.19,-1.7,-0.43,13.87,,0
BRA,76,Brazil,Americas,upper_middle_income,2005,184688101,15221.01,2.0,71.83,24.6,6.15,13.62,95.09,77.61,97.1,10.55,29.65,15.36,62.62,58.33,89.93,63.29,62.54,67.34,66.87,0.47,-4.17,-6.99,-1.27,-2.53,13.86,,0
BRA,76,Brazil,Americas,upper_middle_income,2006,186653106,15657.48,2.0,72.3,23.1,6.32,13.67,95.38,78.44,97.6,9.69,28.66,15.25,63.66,59.03,90.47,65.53,62.77,68.29,67.3,0.99,-3.27,-6.61,-1.0,-1.67,14.09,,0
BRA,76,Brazil,Americas,upper_middle_income,2007,188552320,16440.58,2.08,72.73,21.7,6.5,13.71,95.66,79.26,98.1,9.28,28.25,15.09,64.68,59.76,91.01,66.57,63.13,69.03,67.99,1.04,-3.01,-6.61,-0.69,-1.73,14.17,,0
BRA,76,Brazil,Americas,upper_middle_income,2008,190367302,17113.37,2.17,73.11,20.5,6.67,13.76,95.94,80.08,98.5,8.27,26.46,14.94,65.59,60.46,91.51,69.54,63.47,70.11,68.74,1.37,-2.89,-6.92,-0.74,0.0,13.95,3.0,0
BRA,76,Brazil,Americas,upper_middle_income,2009,192079951,16939.44,2.01,73.46,19.5,6.77,13.81,96.21,80.89,98.9,9.42,26.16,14.86,66.4,60.92,92.0,67.39,63.64,70.07,68.86,1.21,-2.95,-7.32,-0.68,0.02,13.45,,0
BRA,76,Brazil,Americas,upper_middle_income,2010,193701929,18062.16,2.27,73.78,18.6,6.88,13.86,96.47,81.7,98.6,8.42,25.86,14.93,67.16,61.42,92.26,69.55,63.49,70.77,69.59,1.18,-3.22,-7.9,-0.98,2.54,12.87,,0
BRA,76,Brazil,Americas,upper_middle_income,2011,195284734,18627.81,2.37,74.05,17.9,7.01,13.9,96.73,82.51,99.3,7.58,25.53,15.54,67.78,61.98,92.85,71.41,62.15,71.23,70.04,1.19,-3.41,-8.29,-0.84,3.46,12.18,,0
BRA,76,Brazil,Americas,upper_middle_income,2012,196876111,18832.22,2.53,74.33,17.2,7.22,13.95,96.98,83.31,99.5,7.25,25.35,14.6,68.43,62.81,93.26,72.16,64.23,72.18,70.11,2.07,-2.88,-7.9,-0.51,4.17,13.55,,0
BRA,76,Brazil,Americas,upper_middle_income,2013,198478299,19241.51,2.64,74.61,16.7,7.29,15.25,97.23,84.11,99.6,7.07,25.43,13.89,68.96,66.64,93.65,72.47,65.89,73.52,70.57,2.96,-3.01,-5.05,-0.49,3.79,15.04,,0
BRA,76,Brazil,Americas,upper_middle_income,2014,200085127,19183.17,2.73,74.82,16.3,7.38,15.37,97.47,84.9,99.7,6.76,25.33,13.79,69.39,67.29,94.02,73.16,66.13,74.0,71.0,2.99,-2.76,-4.74,-0.22,4.89,14.7,,0
BRA,76,Brazil,Americas,upper_middle_income,2015,201675532,18357.07,2.57,75.11,16.0,7.51,15.25,97.71,85.69,99.7,8.54,26.26,12.4,69.81,67.37,94.37,69.1,69.67,74.06,70.39,3.67,-1.78,-4.11,0.34,1.52,19.05,3.0,0
BRA,76,Brazil,Americas,upper_middle_income,2016,203218114,17620.93,2.38,75.08,16.8,7.73,15.29,97.92,86.47,99.7,11.58,26.65,12.11,69.26,68.25,94.7,62.81,70.48,73.1,70.07,3.03,-1.6,-2.67,0.84,-4.67,19.45,,0
BRA,76,Brazil,Americas,upper_middle_income,2017,204703445,17724.48,2.42,75.38,15.4,7.85,15.41,98.2,87.25,99.8,12.79,26.91,12.22,70.44,68.97,95.08,60.25,70.17,72.98,70.21,2.77,-0.49,-1.96,1.12,-6.62,18.55,,0
BRA,76,Brazil,Americas,upper_middle_income,2018,206107261,17917.75,2.29,75.63,15.2,7.98,15.5,98.56,88.03,99.7,12.33,27.18,12.25,70.77,69.67,95.43,61.03,70.08,73.4,70.31,3.09,-0.38,-1.42,1.25,-6.25,19.15,,0
BRA,76,Brazil,Americas,upper_middle_income,2019,207455459,18018.62,2.26,75.81,15.0,8.13,15.45,98.77,88.79,99.8,11.94,27.6,12.35,71.05,70.01,95.79,61.6,69.82,73.65,70.83,2.83,-0.25,-1.32,1.39,-5.23,17.07,,0
BRA,76,Brazil,Americas,upper_middle_income,2020,208660842,17327.52,2.15,74.51,14.9,8.28,15.45,99.07,89.56,99.7,13.7,27.94,12.18,70.12,70.5,96.11,57.9,70.28,72.98,70.95,2.03,-0.81,-1.29,1.04,-6.8,16.53,,0
BRA,76,Brazil,Americas,upper_middle_income,2021,209550294,18075.71,2.42,73.04,14.7,8.28,15.58,99.43,90.32,99.5,13.16,29.38,12.18,69.14,70.87,96.42,58.22,70.28,72.99,70.83,2.16,-0.97,-0.91,1.4,-7.69,16.87,,1
BRA,76,Brazil,Americas,upper_middle_income,2022,210306415,18554.05,2.28,74.87,14.6,8.28,15.58,99.61,91.02,100.0,9.23,27.8,12.18,70.63,70.87,96.88,66.9,70.28,75.11,71.71,3.4,-1.26,-1.0,1.62,-1.93,16.94,3.0,1
BWA,72,Botswana,Sub-Saharan Africa,upper_middle_income,2000,1677382,13185.82,2.44,52.26,79.8,7.61,11.74,75.46,53.74,26.5,15.88,19.06,19.72,34.79,57.99,51.9,58.21,54.19,51.42,64.12,-12.71,-28.15,-2.82,-37.67,-5.59,6.94,1.0,0
BWA,72,Botswana,Sub-Saharan Africa,upper_middle_income,2001,1712254,12949.64,2.31,52.21,79.3,7.74,11.73,75.75,54.75,24.8,18.54,19.64,19.84,34.82,58.39,51.77,52.59,53.99,50.31,64.32,-14.01,-28.57,-3.12,-37.77,-10.29,6.79,,0
BWA,72,Botswana,Sub-Saharan Africa,upper_middle_income,2002,1744763,13479.7,2.39,52.37,77.9,7.88,11.54,75.91,55.6,27.0,21.28,20.27,19.99,35.14,58.31,52.84,46.78,53.75,49.36,65.11,-15.75,-29.5,-4.45,-37.33,-16.41,6.13,,0
BWA,72,Botswana,Sub-Saharan Africa,upper_middle_income,2003,1775736,13857.26,2.33,52.85,76.7,8.01,11.59,76.05,56.43,33.1,23.8,20.96,20.16,35.68,58.9,55.19,41.37,53.46,48.92,65.77,-16.85,-29.73,-4.77,-35.38,-21.9,5.39,,0
BWA,72,Botswana,Sub-Saharan Africa,upper_middle_income,2004,1807146,13984.84,2.24,53.57,75.7,8.15,11.6,76.19,57.25,35.3,21.76,21.73,20.36,36.37,59.38,56.25,45.05,53.14,50.04,65.71,-15.68,-29.01,-4.43,-34.15,-18.85,5.08,,0
BWA,72,Botswana,Sub-Saharan Africa,upper_middle_income,2005,1839877,14361.96,2.39,54.39,70.8,8.28,11.67,76.32,58.05,37.5,19.85,22.57,20.57,37.73,60.01,57.29,48.42,52.78,51.25,66.1,-14.86,-28.22,-4.37,-33.24,-16.74,4.58,,0
BWA,72,Botswana,Sub-Saharan Africa,upper_middle_income,2006,1874516,15275.58,2.21,55.11,66.0,8.4,11.84,77.38,58.84,39.7,17.78,23.44,20.85,39.05,60.87,58.64,52.1,52.33,52.6,66.98,-14.38,-27.55,-4.36,-32.55,-14.84,3.88,,0
BWA,72,Botswana,Sub-Saharan Africa,upper_middle_income,2007,1911201,15850.23,2.31,56.74,64.3,8.52,11.8,78.82,59.99,41.9,16.98,24.84,21.21,40.58,61.16,60.24,52.98,51.77,53.34,67.51,-14.16,-26.6,-4.62,-31.07,-14.91,3.15,,0
BWA,72,Botswana,Sub-Saharan Africa,upper_middle_income,2008,1949970,16040.32,2.31,57.66,63.7,8.63,11.73,80.21,61.11,44.5,16.29,26.23,21.6,41.39,61.36,61.94,53.61,51.15,53.89,67.86,-13.97,-26.15,-4.93,-29.65,-15.18,2.26,1.0,0
BWA,72,Botswana,Sub-Saharan Africa,upper_middle_income,2009,1990673,13489.95,2.07,58.3,60.6,8.75,11.71,81.55,62.19,43.4,16.17,27.73,21.99,42.42,61.69,62.38,53.07,50.55,54.02,65.83,-11.8,-23.5,-2.64,-27.99,-12.32,2.68,,0
BWA,72,Botswana,Sub-Saharan Africa,upper_middle_income,2010,2033111,14545.02,1.66,59.14,58.4,8.87,11.68,82.84,63.23,52.0,17.86,27.95,22.34,43.47,62.02,66.02,49.57,50.03,54.22,66.85,-12.62,-23.62,-3.68,-25.11,-15.78,1.58,,0
BWA,72,Botswana,Sub-Saharan Africa,upper_middle_income,2011,2073535,15236.72,1.94,59.72,58.8,9.1,11.66,84.08,64.23,53.2,18.05,28.07,22.68,43.84,62.72,67.17,49.13,49.53,54.48,67.44,-12.96,-24.07,-4.14,-24.77,-16.85,1.75,,0
BWA,72,Botswana,Sub-Saharan Africa,upper_middle_income,2012,2108617,14957.62,1.67,60.38,53.9,9.33,11.64,85.12,65.04,56.0,17.92,28.28,22.7,45.3,63.42,68.72,49.29,49.49,55.24,67.12,-11.87,-22.15,-3.44,-23.05,-16.53,1.57,,0
BWA,72,Botswana,Sub-Saharan Africa,upper_middle_income,2013,2140682,16369.43,2.58,61.22,50.3,9.56,11.61,86.1,65.79,58.0,18.17,28.38,21.23,46.69,64.12,69.96,48.73,51.73,56.25,68.39,-12.14,-22.43,-4.81,-22.86,-18.35,2.9,,0
BWA,72,Botswana,Sub-Saharan Africa,upper_middle_income,2014,2172044,17052.19,3.29,62.17,49.0,9.79,11.59,87.06,66.52,60.0,18.48,28.08,21.1,47.71,64.83,71.19,48.25,51.93,56.78,69.45,-12.67,-22.39,-5.25,-22.1,-18.67,1.95,,0
BWA,72,Botswana,Sub-Saharan Africa,upper_middle_income,2015,2203273,15994.96,3.22,63.22,46.7,10.02,11.57,88.0,67.23,62.1,18.92,27.9,22.05,49.04,65.53,72.44,47.49,50.47,56.99,68.53,-11.54,-20.26,-3.7,-20.48,-18.38,1.67,1.0,0
BWA,72,Botswana,Sub-Saharan Africa,upper_middle_income,2016,2234776,16905.59,3.02,64.32,45.1,10.1,11.54,88.9,67.91,64.2,19.33,27.67,21.25,50.26,65.73,73.67,46.78,51.7,57.63,69.47,-11.84,-19.88,-4.53,-19.88,-20.1,1.3,,0
BWA,72,Botswana,Sub-Saharan Africa,upper_middle_income,2017,2266747,17352.9,3.28,65.42,42.1,10.18,11.52,89.79,68.57,67.4,19.67,27.45,19.97,51.86,65.93,75.25,46.21,53.78,58.61,69.91,-11.31,-18.72,-4.66,-18.55,-20.36,2.43,,0
BWA,72,Botswana,Sub-Saharan Africa,upper_middle_income,2018,2299141,17825.02,3.57,66.37,41.2,10.26,11.5,90.64,69.21,68.3,19.66,27.24,19.91,52.82,66.13,76.05,46.33,53.87,59.04,70.24,-11.2,-18.25,-4.87,-18.08,-20.88,3.0,,0
BWA,72,Botswana,Sub-Saharan Africa,upper_middle_income,2019,2332083,18106.01,3.15,67.17,40.0,10.34,11.47,91.47,69.82,70.1,20.09,27.05,19.2,53.76,66.33,77.13,45.58,55.08,59.58,70.9,-11.32,-17.63,-5.08,-17.3,-21.35,2.26,,0
BWA,72,Botswana,Sub-Saharan Africa,upper_middle_income,2020,2365894,16289.39,2.57,67.64,38.9,10.42,11.45,91.55,70.4,71.8,21.02,26.61,18.91,54.43,66.54,77.91,43.96,55.6,59.69,70.1,-10.42,-15.51,-4.27,-16.7,-19.75,2.69,,0
BWA,72,Botswana,Sub-Saharan Africa,upper_middle_income,2021,2401441,17960.63,2.73,63.3,37.1,10.42,11.43,91.61,70.95,73.7,23.11,26.11,18.91,51.6,66.47,78.76,40.04,55.6,58.49,70.74,-12.24,-18.4,-5.21,-16.23,-25.76,2.29,,1
BWA,72,Botswana,Sub-Saharan Africa,upper_middle_income,2022,2439892,18647.37,2.8,68.75,35.7,10.42,11.43,91.67,71.49,75.9,23.62,25.93,18.91,56.21,66.47,79.69,39.12,55.6,59.42,71.78,-12.36,-15.76,-5.47,-15.6,-29.79,2.18,1.0,1
CAF,140,Central African Republic,Sub-Saharan Africa,low_income,2000,3833416,1245.81,0.07,46.61,165.5,2.59,4.91,59.01,20.59,6.0,5.72,79.43,34.11,22.52,22.28,28.53,46.75,35.9,31.2,30.75,0.45,-3.28,-2.71,8.94,-2.34,2.8,0.0,0
CAF,140,Central African Republic,Sub-Saharan Africa,low_income,2001,3919487,1272.86,0.07,46.73,162.5,2.67,5.01,57.83,20.55,5.7,5.77,79.39,33.93,22.82,22.81,28.03,46.67,36.08,31.28,31.05,0.24,-3.67,-3.17,8.7,-2.4,2.8,,0
CAF,140,Central African Republic,Sub-Saharan Africa,low_income,2002,4006077,1290.38,0.07,46.84,159.0,2.74,5.11,56.65,20.5,6.1,5.81,79.34,33.5,23.14,23.33,27.75,46.63,36.5,31.47,31.65,-0.18,-4.29,-3.65,7.81,-2.53,2.56,,0
CAF,140,Central African Republic,Sub-Saharan Africa,low_income,2003,4103086,1191.87,0.06,47.31,155.6,2.81,5.22,55.48,20.45,6.6,5.81,79.38,32.99,23.73,23.86,27.51,46.6,37.02,31.74,31.48,0.27,-3.58,-3.29,8.58,-2.38,2.56,,0
CAF,140,Central African Republic,Sub-Saharan Africa,low_income,2004,4192826,1236.29,0.06,47.7,151.8,2.88,5.32,54.32,20.41,7.0,5.73,79.37,32.56,24.3,24.38,27.24,46.77,37.45,32.03,32.09,-0.06,-4.35,-3.83,7.31,-2.26,2.67,,0
CAF,140,Central African Republic,Sub-Saharan Africa,low_income,2005,4288810,1219.59,0.06,48.21,147.9,2.96,5.42,53.17,19.97,7.4,5.69,79.39,32.38,24.97,24.9,26.85,46.83,37.64,32.24,32.2,0.04,-4.32,-3.91,7.35,-2.04,2.62,,0
CAF,140,Central African Republic,Sub-Saharan Africa,low_income,2006,4377579,1251.87,0.06,48.69,143.5,3.01,5.52,52.04,19.55,7.8,5.61,79.34,32.43,25.67,25.38,26.46,47.02,37.59,32.42,32.73,-0.3,-4.6,-4.74,5.98,-1.66,2.56,,0
CAF,140,Central African Republic,Sub-Saharan Africa,low_income,2007,4462770,1284.55,0.06,49.33,139.3,3.07,5.62,50.91,19.12,8.4,5.56,79.27,32.55,26.49,25.85,26.15,47.16,37.47,32.62,33.07,-0.45,-4.59,-4.98,5.18,-1.44,2.7,,0
CAF,140,Central African Republic,Sub-Saharan Africa,low_income,2008,4558984,1283.27,0.04,49.87,135.5,3.12,5.72,49.8,18.71,7.5,5.51,79.22,32.73,27.21,26.32,25.34,47.29,37.28,32.69,33.13,-0.44,-4.06,-5.16,4.58,-1.29,2.57,0.0,0
CAF,140,Central African Republic,Sub-Saharan Africa,low_income,2009,4529047,1402.68,0.04,14.66,489.3,3.18,5.83,48.7,18.3,9.4,5.58,79.05,32.97,0.0,26.79,25.47,47.24,37.04,27.31,33.99,-6.68,-33.62,-6.28,2.32,-1.97,2.39,,0
CAF,140,Central African Republic,Sub-Saharan Africa,low_income,2010,4492995,1479.41,0.04,46.87,150.7,3.24,6.02,47.61,17.9,9.8,5.66,78.86,33.26,23.74,27.51,25.1,47.18,36.74,32.06,34.82,-2.76,-10.34,-6.64,1.33,-2.07,2.39,,0
CAF,140,Central African Republic,Sub-Saharan Africa,low_income,2011,4565021,1517.15,0.05,50.11,125.1,3.36,6.21,46.53,17.5,10.4,5.64,78.62,34.74,28.25,28.44,24.81,47.34,35.29,32.83,35.02,-2.19,-7.18,-6.04,-0.18,-1.99,3.57,,0
CAF,140,Central African Republic,Sub-Saharan Africa,low_income,2012,4610848,1577.98,0.05,51.34,121.9,3.48,6.19,45.46,17.11,11.0,5.58,78.36,36.13,29.48,28.78,24.53,47.6,33.99,32.87,35.45,-2.58,-7.16,-6.22,-1.86,-1.84,3.92,,0
CAF,140,Central African Republic,Sub-Saharan Africa,low_income,2013,4642419,996.9,0.03,49.49,134.2,3.6,6.32,44.4,16.73,11.5,5.57,78.94,33.66,27.01,29.54,24.21,47.32,36.34,32.88,32.23,0.65,-5.46,-1.76,9.34,-0.18,1.77,,0
CAF,140,Central African Republic,Sub-Saharan Africa,low_income,2014,4623182,1001.86,0.03,40.26,186.8,3.72,6.45,43.35,16.34,12.0,5.63,79.38,31.92,16.33,30.3,23.9,46.95,38.12,31.12,31.9,-0.78,-15.7,-1.46,8.69,-0.42,4.68,,0
CAF,140,Central African Republic,Sub-Saharan Africa,low_income,2015,4629320,1043.92,0.05,51.93,113.7,3.84,6.58,42.31,15.96,12.7,5.78,79.6,38.6,30.7,31.06,23.66,46.55,31.78,32.75,31.6,1.15,-3.26,-1.54,7.21,-0.96,4.63,0.0,0
CAF,140,Central African Republic,Sub-Saharan Africa,low_income,2016,4713663,1073.94,0.05,51.0,126.8,3.86,6.72,41.28,15.59,13.4,5.79,79.73,34.41,28.79,31.52,23.42,46.45,35.61,33.16,32.9,0.26,-5.79,-1.83,5.45,-1.13,6.74,,0
CAF,140,Central African Republic,Sub-Saharan Africa,low_income,2017,4793511,1103.87,0.06,45.23,155.2,3.88,6.85,40.25,15.22,14.1,5.84,79.75,33.89,22.16,31.98,23.19,46.35,36.12,31.96,33.68,-1.72,-12.68,-1.94,4.17,-1.36,5.13,,0
CAF,140,Central African Republic,Sub-Saharan Africa,low_income,2018,4878657,1125.7,0.06,52.3,120.2,3.91,7.0,39.23,14.85,14.6,5.82,79.69,31.97,30.37,32.45,22.89,46.41,38.06,34.04,34.96,-0.92,-5.6,-2.05,1.17,-1.57,5.84,,0
CAF,140,Central African Republic,Sub-Saharan Africa,low_income,2019,4944703,1145.1,0.06,31.53,254.7,3.93,7.14,38.21,14.48,14.3,5.92,79.56,34.91,8.87,32.93,22.33,46.3,35.13,29.11,35.17,-6.06,-28.39,-2.19,0.26,-1.62,0.99,,0
CAF,140,Central African Republic,Sub-Saharan Africa,low_income,2020,5026628,1136.57,0.06,50.6,124.2,3.95,7.29,37.2,14.12,15.4,6.52,80.35,34.43,28.71,33.42,22.24,44.67,35.59,32.92,35.54,-2.62,-8.02,-2.42,-0.88,-2.19,3.28,,0
CAF,140,Central African Republic,Sub-Saharan Africa,low_income,2021,5112100,1128.55,0.06,40.28,178.7,3.95,7.29,36.2,13.76,15.7,6.7,79.83,34.43,16.82,33.42,21.88,44.58,35.59,30.46,35.44,-4.98,-19.76,-2.13,-3.02,-1.84,3.47,,1
CAF,140,Central African Republic,Sub-Saharan Africa,low_income,2022,5098039,1136.8,0.06,18.82,424.6,3.95,7.29,36.3,13.85,15.7,6.29,79.71,34.43,0.0,33.42,21.95,45.47,35.59,27.28,35.41,-8.13,-38.45,-1.7,-4.0,-2.02,3.46,0.0,1
CAN,124,Canada,Americas,high_income,2000,30685730,48399.31,17.7,79.17,6.2,12.48,15.76,99.55,99.87,100.0,6.83,10.58,9.8,83.23,85.39,99.81,80.77,77.55,85.35,78.92,6.43,2.81,8.54,0.63,-2.38,19.94,4.0,0
CAN,124,Canada,Americas,high_income,2001,31020855,48774.17,17.23,79.4,6.2,12.66,15.68,99.56,99.87,100.0,7.22,9.98,9.76,83.41,85.74,99.81,80.31,77.67,85.39,79.73,5.65,2.21,7.76,0.58,-3.4,19.34,,0
CAN,124,Canada,Americas,high_income,2002,31359199,49695.01,17.67,79.53,6.2,12.79,15.6,99.56,99.87,100.0,7.66,10.07,9.73,83.51,85.96,99.81,79.37,77.78,85.29,80.15,5.14,1.61,7.26,0.51,-4.05,18.15,,0
CAN,124,Canada,Americas,high_income,2003,31642461,50139.79,18.13,79.72,6.2,12.92,15.52,99.56,99.87,100.0,7.57,10.3,9.69,83.65,86.18,99.81,79.43,77.91,85.4,80.24,5.15,1.44,6.78,0.56,-3.25,17.67,,0
CAN,124,Canada,Americas,high_income,2004,31938807,51210.68,17.53,79.99,6.1,13.05,15.44,99.56,99.87,100.0,7.18,10.17,9.64,84.04,86.4,99.81,80.28,78.08,85.72,80.49,5.23,1.22,6.86,0.63,-2.18,16.91,,0
CAN,124,Canada,Americas,high_income,2005,32242732,52356.56,18.06,80.11,6.1,13.19,15.36,99.5,99.86,100.0,6.76,10.23,9.57,84.13,86.62,99.79,81.1,78.31,85.99,80.88,5.11,0.83,6.08,0.63,-1.55,16.2,,0
CAN,124,Canada,Americas,high_income,2006,32571193,53195.78,17.64,80.54,6.0,13.32,15.28,99.43,99.84,100.0,6.48,10.15,9.4,84.64,86.84,99.76,81.69,78.92,86.37,81.59,4.78,0.92,5.7,0.63,-1.83,16.07,,0
CAN,124,Canada,Americas,high_income,2007,32888886,53761.86,18.08,80.54,6.0,13.37,15.2,99.37,99.76,100.0,6.16,10.37,9.08,84.64,86.78,99.71,82.23,80.08,86.69,82.41,4.28,0.52,5.05,0.65,-2.39,16.51,,0
CAN,124,Canada,Americas,high_income,2008,33247298,53711.68,17.31,80.72,5.9,13.42,15.24,99.3,99.68,100.0,6.28,10.36,8.67,84.97,87.04,99.66,81.98,81.64,87.06,82.81,4.25,0.26,4.97,0.6,-2.95,17.39,4.0,0
CAN,124,Canada,Americas,high_income,2009,33630069,51552.42,16.14,81.07,5.8,13.46,15.31,99.24,99.6,100.0,8.46,10.93,8.22,85.41,87.41,99.61,77.33,83.41,86.63,82.11,4.52,0.01,5.31,0.49,-4.59,18.28,,0
CAN,124,Canada,Americas,high_income,2010,34005902,52558.44,16.53,81.32,5.7,13.51,15.18,99.17,99.51,100.0,8.18,10.69,7.8,85.8,87.21,99.56,78.02,85.18,87.15,82.42,4.74,-0.14,4.37,0.41,-3.42,19.55,,0
CAN,124,Canada,Americas,high_income,2011,34339221,53681.13,16.77,81.48,5.6,13.56,15.24,99.1,99.43,100.0,7.64,10.56,7.37,86.12,87.55,99.51,79.17,87.04,87.88,82.96,4.92,-0.45,3.91,0.32,-3.17,22.71,,0
CAN,124,Canada,Americas,high_income,2012,34713395,54034.8,16.34,81.66,5.6,13.6,15.73,99.04,99.35,100.0,7.39,10.58,7.59,86.25,89.01,99.46,79.65,86.09,88.09,83.36,4.73,-0.58,4.92,0.24,-2.75,18.37,,0
CAN,124,Canada,Americas,high_income,2013,35080992,54712.18,16.4,81.74,5.5,13.63,15.83,98.97,99.26,100.0,7.14,10.58,7.26,86.51,89.4,99.41,80.14,87.55,88.6,83.87,4.73,-0.72,4.06,0.14,-2.36,17.93,,0
CAN,124,Canada,Americas,high_income,2014,35434066,55723.48,16.38,81.78,5.4,13.66,15.88,98.9,99.18,100.0,7.02,10.53,7.38,86.74,89.65,99.36,80.41,87.0,88.63,84.49,4.14,-1.03,4.06,0.07,-2.57,16.34,,0
CAN,124,Canada,Americas,high_income,2015,35704498,55660.87,16.09,81.83,5.3,13.7,15.95,98.83,99.09,100.0,6.94,10.47,7.12,86.98,89.97,99.31,80.6,88.22,89.02,84.42,4.6,-0.79,4.1,0.09,-2.66,18.11,4.0,0
CAN,124,Canada,Americas,high_income,2016,36110803,55606.15,15.9,81.94,5.3,13.73,15.93,98.77,99.01,100.0,7.04,10.52,6.41,87.07,90.03,99.26,80.39,91.72,89.69,85.32,4.38,-1.1,3.8,0.03,-3.28,18.89,,0
CAN,124,Canada,Americas,high_income,2017,36545075,56612.33,16.2,81.81,5.2,13.77,16.0,98.7,98.93,100.0,6.43,10.52,7.04,87.17,90.33,99.21,81.61,88.55,89.37,85.6,3.78,-1.4,3.6,-0.04,-2.94,16.71,,0
CAN,124,Canada,Americas,high_income,2018,37072620,57337.49,16.52,81.8,5.2,13.8,15.93,98.63,98.84,100.0,5.84,10.61,7.09,87.17,90.26,99.16,82.74,88.33,89.53,85.99,3.55,-1.6,3.08,-0.09,-2.88,16.14,,0
CAN,124,Canada,Americas,high_income,2019,37618495,57583.85,16.19,82.16,5.2,13.83,15.93,98.56,98.76,100.0,5.69,10.57,6.23,87.44,90.37,99.11,83.06,92.68,90.53,86.54,3.99,-1.63,2.74,-0.12,-3.01,18.47,,0
CAN,124,Canada,Americas,high_income,2020,38028638,54092.88,14.42,81.53,5.2,13.87,15.94,98.5,98.67,100.0,9.66,11.03,6.57,86.96,90.52,99.06,74.88,90.91,88.46,86.31,2.16,-1.52,2.42,-0.17,-8.84,16.2,,0
CAN,124,Canada,Americas,high_income,2021,38239864,56995.12,14.69,81.45,5.2,13.87,15.96,98.43,98.59,100.0,7.53,10.11,6.57,86.9,90.56,99.01,79.62,90.91,89.4,86.19,3.21,-1.3,2.36,-0.21,-4.57,16.5,,1
CAN,124,Canada,Americas,high_income,2022,38935934,58321.06,14.79,81.09,5.3,13.87,15.96,98.36,98.59,100.0,5.28,9.78,6.57,86.41,90.56,98.98,84.29,90.91,90.23,86.54,3.69,-2.11,2.61,-0.23,-1.65,16.65,4.0,1
CHE,756,Switzerland,Europe & Central Asia,high_income,2000,7184250,67378.39,6.23,79.68,5.6,10.64,15.04,100.0,99.88,100.0,2.66,13.87,16.31,84.73,77.23,99.96,87.39,60.54,81.97,81.97,-0.0,0.71,-2.81,-0.82,-1.26,0.96,4.0,0
CHE,756,Switzerland,Europe & Central Asia,high_income,2001,7229854,68008.34,6.39,80.18,5.5,10.75,15.07,100.0,99.88,100.0,2.49,13.69,15.94,85.31,77.69,99.96,87.81,61.3,82.41,83.01,-0.6,0.39,-3.61,-0.85,-1.63,0.58,,0
CHE,756,Switzerland,Europe & Central Asia,high_income,2002,7284753,67446.4,6.12,80.39,5.4,10.86,14.96,100.0,99.88,100.0,2.92,13.16,15.51,85.67,77.78,99.96,87.22,62.21,82.57,83.13,-0.56,0.38,-3.77,-0.74,-1.3,-0.1,,0
CHE,756,Switzerland,Europe & Central Asia,high_income,2003,7339001,66926.17,6.25,80.54,5.3,10.98,15.1,100.0,99.88,100.0,4.12,12.68,15.07,85.99,78.54,99.96,85.09,63.18,82.55,82.93,-0.38,0.62,-3.38,-0.55,-2.4,0.28,,0
CHE,756,Switzerland,Europe & Central Asia,high_income,2004,7389625,68263.44,6.28,81.09,5.2,11.09,15.18,100.0,99.88,100.0,4.32,12.11,14.66,86.62,79.14,99.96,85.0,64.1,82.96,83.09,-0.13,0.68,-2.67,-0.42,-1.94,-0.02,,0
CHE,756,Switzerland,Europe & Central Asia,high_income,2005,7437115,69692.6,6.32,81.24,5.1,11.21,15.22,100.0,99.88,100.0,4.44,11.9,14.32,86.94,79.64,99.96,84.86,64.87,83.25,83.45,-0.19,0.51,-3.24,-0.39,-2.0,-0.53,,0
CHE,756,Switzerland,Europe & Central Asia,high_income,2006,7483934,72077.86,6.23,81.49,4.9,11.74,15.31,100.0,99.88,100.0,4.0,11.9,14.04,87.57,81.67,99.96,85.75,65.55,84.1,84.43,-0.33,0.41,-1.97,-0.4,-2.03,-1.05,,0
CHE,756,Switzerland,Europe & Central Asia,high_income,2007,7551117,74234.3,5.91,81.74,4.8,12.27,15.43,100.0,99.88,100.0,3.64,12.37,13.75,87.99,83.77,99.96,86.21,66.24,84.83,85.77,-0.93,-0.07,-0.94,-0.48,-2.94,-1.66,,0
CHE,756,Switzerland,Europe & Central Asia,high_income,2008,7647675,75355.2,6.01,81.99,4.7,12.81,15.49,100.0,99.88,100.0,3.35,11.79,13.5,88.41,85.7,99.96,87.1,66.85,85.6,86.31,-0.71,-0.43,0.64,-0.52,-2.45,-2.08,4.0,0
CHE,756,Switzerland,Europe & Central Asia,high_income,2009,7743831,72709.81,5.76,82.04,4.6,13.34,15.52,100.0,99.88,100.0,4.11,11.27,13.32,88.68,87.56,99.96,85.85,67.29,85.87,85.47,0.4,-0.83,2.65,-0.53,-1.19,-2.73,,0
CHE,756,Switzerland,Europe & Central Asia,high_income,2010,7824909,74290.26,5.92,82.25,4.6,13.32,15.68,100.0,99.88,100.0,4.81,11.55,13.26,88.84,87.97,99.96,84.31,67.45,85.71,85.92,-0.21,-1.12,2.32,-0.46,-2.47,-3.23,,0
CHE,756,Switzerland,Europe & Central Asia,high_income,2011,7912398,74800.89,5.34,82.7,4.5,13.33,15.67,100.0,99.88,100.0,4.41,11.32,13.86,89.42,87.95,99.96,85.23,65.95,85.7,86.44,-0.74,-0.75,1.74,-0.27,-1.95,-2.67,,0
CHE,756,Switzerland,Europe & Central Asia,high_income,2012,7996861,74883.62,5.45,82.7,4.4,13.41,15.83,100.0,99.89,100.0,4.49,11.05,12.68,89.67,88.68,99.96,85.2,68.93,86.49,86.74,-0.26,-0.54,2.11,-0.26,-2.09,-3.7,,0
CHE,756,Switzerland,Europe & Central Asia,high_income,2013,8089346,75354.16,5.51,82.8,4.4,13.53,16.02,100.0,99.89,100.0,4.75,11.28,12.44,89.75,89.6,99.96,84.57,69.57,86.69,87.22,-0.53,-0.71,1.62,-0.23,-2.56,-5.62,,0
CHE,756,Switzerland,Europe & Central Asia,high_income,2014,8188649,76189.6,4.99,83.2,4.3,13.64,16.09,100.0,99.89,100.0,4.83,10.91,10.62,90.3,90.16,99.96,84.61,74.87,87.98,87.76,0.22,-0.65,2.04,-0.13,-2.76,-1.37,,0
CHE,756,Switzerland,Europe & Central Asia,high_income,2015,8282396,76566.08,4.86,82.9,4.3,13.71,16.16,100.0,99.9,100.0,4.8,10.27,11.72,90.07,90.58,99.97,84.99,71.56,87.43,87.65,-0.21,-1.07,1.84,-0.06,-2.53,-4.03,4.0,0
CHE,756,Switzerland,Europe & Central Asia,high_income,2016,8373338,77301.21,4.87,83.6,4.2,13.67,16.13,100.0,99.9,100.0,4.92,10.16,10.66,90.87,90.37,99.97,84.81,74.74,88.15,88.87,-0.72,-0.98,0.92,-0.05,-3.05,-4.29,,0
CHE,756,Switzerland,Europe & Central Asia,high_income,2017,8451840,77626.9,4.71,83.55,4.1,13.73,16.17,100.0,99.9,100.0,4.8,10.16,9.91,91.09,90.69,99.97,85.06,77.15,88.79,88.97,-0.18,-1.12,0.73,0.0,-3.42,-0.12,,0
CHE,756,Switzerland,Europe & Central Asia,high_income,2018,8514329,79261.36,4.52,83.75,4.1,13.8,16.26,100.0,99.9,100.0,4.71,9.99,10.15,91.25,91.16,99.97,85.31,76.37,88.81,89.6,-0.78,-1.25,0.55,0.03,-4.41,-1.88,,0
CHE,756,Switzerland,Europe & Central Asia,high_income,2019,8575280,79596.7,4.48,83.9,4.0,13.86,16.34,100.0,99.9,100.0,4.39,9.54,9.45,91.63,91.6,99.97,86.19,78.75,89.63,90.13,-0.5,-1.25,0.34,0.08,-4.23,-1.41,,0
CHE,756,Switzerland,Europe & Central Asia,high_income,2020,8638167,77324.89,4.16,83.0,4.0,13.9,16.43,100.0,99.9,100.0,4.82,9.31,9.06,90.94,92.0,99.97,85.47,80.15,89.7,90.33,-0.62,-1.79,-0.35,0.16,-3.07,-1.18,,0
CHE,756,Switzerland,Europe & Central Asia,high_income,2021,8704546,81001.41,4.32,83.75,4.0,13.9,16.58,100.0,99.9,100.0,5.01,9.63,9.06,91.51,92.41,99.97,84.91,80.15,89.79,89.92,-0.13,-0.94,0.23,0.22,-3.76,-0.39,,1
CHE,756,Switzerland,Europe & Central Asia,high_income,2022,8777088,82777.29,3.93,83.6,3.9,13.9,16.58,100.0,99.9,100.0,4.12,9.75,9.06,91.68,92.41,99.97,86.63,80.15,90.17,90.3,-0.13,-0.84,0.48,0.22,-3.84,-0.38,4.0,1
CHL,152,Chile,Americas,high_income,2000,15503635,17525.27,3.47,77.13,10.9,9.15,13.14,96.34,93.03,97.9,10.49,21.76,28.06,75.53,66.99,95.76,67.57,42.42,69.65,68.17,1.48,7.78,1.92,2.51,0.34,-7.47,3.0,0
CHL,152,Chile,Americas,high_income,2001,15683849,17870.3,3.29,77.58,10.3,9.29,13.33,96.51,93.44,97.1,10.39,21.65,27.88,76.5,67.99,95.68,67.83,42.64,70.13,68.87,1.26,7.74,1.54,1.99,0.82,-7.35,,0
CHL,152,Chile,Americas,high_income,2002,15857925,18240.2,3.29,77.84,9.8,9.43,13.53,96.66,93.83,97.3,10.17,21.57,27.57,77.24,68.99,95.93,68.31,43.01,70.7,69.32,1.38,7.72,1.47,2.09,1.11,-7.16,,0
CHL,152,Chile,Americas,high_income,2003,16024752,18902.87,3.38,77.88,9.4,9.56,13.75,96.78,94.18,98.8,9.76,21.46,27.17,77.72,70.07,96.59,69.17,43.5,71.41,69.92,1.49,7.51,1.42,2.48,2.04,-7.2,,0
CHL,152,Chile,Americas,high_income,2004,16187322,19961.98,3.61,78.28,9.2,9.7,14.07,96.9,94.52,97.5,10.16,21.22,26.7,78.26,71.42,96.31,68.51,44.08,71.72,70.51,1.21,7.26,2.01,2.0,0.19,-6.94,,0
CHL,152,Chile,Americas,high_income,2005,16348778,20918.53,3.62,78.46,9.1,9.74,14.38,97.01,94.87,97.7,9.34,20.98,26.19,78.52,72.4,96.53,70.28,44.72,72.49,71.12,1.37,6.88,2.04,2.05,0.6,-6.73,,0
CHL,152,Chile,Americas,high_income,2006,16509195,21968.54,3.66,78.53,9.0,9.77,14.32,97.13,95.21,99.4,9.02,20.66,25.43,78.7,72.34,97.25,71.08,45.7,73.01,71.81,1.2,6.67,1.29,2.59,-0.26,-6.22,,0
CHL,152,Chile,Americas,high_income,2007,16671581,22878.88,4.06,78.65,8.9,9.81,14.7,97.24,95.55,98.0,8.43,20.42,24.36,78.91,73.52,96.93,72.4,47.14,73.78,72.39,1.39,6.43,2.01,2.22,-0.05,-5.16,,0
CHL,152,Chile,Americas,high_income,2008,16838988,23509.78,4.24,78.75,8.8,10.11,14.86,97.36,95.89,98.2,9.28,20.28,23.25,79.11,74.96,97.15,70.75,48.7,74.13,73.05,1.09,5.83,2.66,2.17,-2.69,-4.21,3.0,0
CHL,152,Chile,Americas,high_income,2009,17009731,23013.58,4.01,78.89,8.8,9.98,14.88,97.47,96.23,99.6,11.31,20.12,22.38,79.21,74.6,97.76,66.79,49.97,73.67,73.02,0.65,4.89,1.55,2.44,-3.68,-3.62,,0
CHL,152,Chile,Americas,high_income,2010,17181464,24116.77,4.21,79.1,8.7,9.85,15.1,97.58,96.56,99.5,8.55,19.95,22.03,79.5,74.78,97.88,72.41,50.49,75.01,73.4,1.61,4.41,0.99,2.29,2.47,-3.5,,0
CHL,152,Chile,Americas,high_income,2011,17351816,25366.27,4.56,79.24,8.6,9.54,15.31,97.69,96.9,99.6,7.49,19.94,22.87,79.73,74.34,98.06,74.52,49.25,75.18,74.17,1.01,3.42,-0.65,2.0,2.99,-4.65,,0
CHL,152,Chile,Americas,high_income,2012,17519119,26670.5,4.64,79.22,8.4,9.78,15.41,97.8,97.23,100.0,6.79,19.16,21.91,79.97,75.4,98.34,76.34,50.67,76.15,74.9,1.24,2.63,-0.54,2.06,4.34,-5.29,,0
CHL,152,Chile,Americas,high_income,2013,17687006,27291.36,4.83,79.55,8.3,10.01,16.11,97.91,97.56,99.6,6.36,19.2,23.76,80.36,78.1,98.36,77.18,47.97,76.39,75.46,0.93,2.24,1.02,1.81,4.38,-8.47,,0
CHL,152,Chile,Americas,high_income,2014,17864195,27505.05,4.41,79.71,8.1,10.13,16.26,98.02,97.89,100.0,6.76,19.94,23.03,80.75,78.94,98.64,75.98,49.01,76.66,76.02,0.65,2.27,1.42,1.87,2.92,-8.1,,0
CHL,152,Chile,Americas,high_income,2015,18047625,27811.37,4.68,80.01,7.9,10.26,16.39,98.13,98.22,99.7,6.6,19.84,24.28,81.25,79.72,98.68,76.35,47.25,76.65,76.21,0.44,2.53,1.94,1.86,2.88,-9.94,3.0,0
CHL,152,Chile,Americas,high_income,2016,18267221,27958.73,4.86,80.3,7.7,10.42,16.5,98.24,98.55,100.0,6.93,20.67,24.22,81.74,80.56,98.93,75.27,47.33,76.77,76.73,0.03,2.88,2.65,1.91,1.11,-11.32,,0
CHL,152,Chile,Americas,high_income,2017,18558868,27892.99,4.84,80.61,7.6,10.59,16.53,98.35,98.87,99.7,7.26,21.18,23.41,82.13,81.23,98.97,74.34,48.47,77.03,76.71,0.32,3.24,3.35,2.01,0.14,-9.88,,0
CHL,152,Chile,Americas,high_income,2018,18893191,28492.66,4.75,80.56,7.3,10.76,16.61,98.46,99.15,100.0,7.62,20.97,23.05,82.53,82.0,99.2,73.71,48.98,77.29,76.97,0.32,3.26,3.78,2.14,-1.28,-8.94,,0
CHL,152,Chile,Americas,high_income,2019,19197744,28218.53,4.96,80.32,7.0,10.93,16.64,98.56,99.24,100.0,7.49,20.85,22.73,82.8,82.68,99.27,74.04,49.45,77.65,77.32,0.32,3.63,4.48,2.13,-0.58,-10.3,,0
CHL,152,Chile,Americas,high_income,2020,19370624,26248.56,4.52,79.35,6.8,11.11,16.34,98.67,99.31,100.0,10.93,21.75,23.28,82.37,82.43,99.33,66.69,48.66,75.89,76.91,-1.01,4.19,4.3,1.89,-5.43,-11.46,,0
CHL,152,Chile,Americas,high_income,2021,19456334,29089.85,4.58,78.88,6.7,11.11,16.77,98.78,100.0,100.0,9.28,21.84,23.28,82.16,83.62,99.59,69.94,48.66,76.8,77.54,-0.75,3.86,4.62,2.03,-3.77,-12.37,,1
CHL,152,Chile,Americas,high_income,2022,19553036,29569.48,4.62,79.18,6.8,11.11,16.77,98.88,100.0,100.0,8.25,21.4,23.28,82.23,83.62,99.63,72.24,48.66,77.28,77.92,-0.65,3.0,4.86,2.02,-3.5,-11.88,3.0,1
CHN,156,China,East Asia & Pacific,upper_middle_income,2000,1262645000,4066.04,2.89,72.29,36.6,5.93,9.9,80.59,56.82,96.7,3.26,48.02,50.3,58.66,47.27,78.04,68.21,22.94,55.02,45.84,9.18,15.0,4.8,23.03,14.53,-13.25,1.0,0
CHN,156,China,East Asia & Pacific,upper_middle_income,2001,1271850000,4372.16,3.01,72.68,34.1,6.01,10.16,80.93,57.57,97.0,3.8,47.38,50.63,59.73,48.25,78.5,67.46,22.72,55.33,47.23,8.1,14.19,4.23,21.04,13.63,-14.08,,0
CHN,156,China,East Asia & Pacific,upper_middle_income,2002,1280400000,4744.4,3.23,73.03,31.4,6.09,10.51,81.87,59.72,97.2,4.24,46.7,50.97,60.9,49.48,79.59,66.94,22.5,55.88,49.02,6.86,13.26,3.66,18.6,12.37,-15.37,,0
CHN,156,China,East Asia & Pacific,upper_middle_income,2003,1288400000,5192.01,3.7,73.39,28.8,6.17,10.85,82.78,61.84,97.4,4.58,45.99,51.26,62.11,50.71,80.67,66.64,22.31,56.49,50.76,5.73,12.66,3.22,16.09,11.13,-16.37,,0
CHN,156,China,East Asia & Pacific,upper_middle_income,2004,1296075000,5684.17,4.24,73.73,26.3,6.25,11.2,83.67,63.94,97.7,4.49,45.24,51.45,63.36,51.93,81.77,67.21,22.18,57.29,52.22,5.07,12.52,2.6,14.4,10.53,-17.44,,0
CHN,156,China,East Asia & Pacific,upper_middle_income,2005,1303720000,6298.32,4.78,74.08,24.0,6.33,11.54,84.53,66.01,97.9,4.52,44.47,51.48,64.62,53.16,82.81,67.55,22.17,58.06,54.07,3.99,11.56,2.04,11.78,9.36,-18.28,,0
CHN,156,China,East Asia & Pacific,upper_middle_income,2006,1311020000,7057.1,5.28,74.4,21.9,6.41,11.89,85.36,68.03,98.2,4.43,43.67,50.97,65.86,54.39,83.86,68.15,22.5,58.95,56.19,2.76,10.71,1.42,8.77,8.18,-18.66,,0
CHN,156,China,East Asia & Pacific,upper_middle_income,2007,1317885000,8013.72,5.71,74.79,20.1,6.49,12.2,86.16,70.02,98.5,4.35,42.83,49.89,67.09,55.52,84.89,68.76,23.21,59.9,58.11,1.78,9.63,0.43,6.78,7.36,-18.94,,0
CHN,156,China,East Asia & Pacific,upper_middle_income,2008,1324655000,8743.74,5.85,74.83,18.5,6.57,12.52,86.93,71.98,98.8,4.59,42.01,48.66,68.03,56.67,85.9,68.71,24.05,60.67,59.55,1.12,9.07,0.09,5.05,6.07,-18.76,1.0,0
CHN,156,China,East Asia & Pacific,upper_middle_income,2009,1331260000,9518.43,6.25,75.32,17.1,6.65,12.85,87.68,73.91,99.1,4.72,41.24,47.71,69.25,57.86,86.89,68.85,24.7,61.51,61.17,0.35,8.34,-0.92,3.01,6.16,-19.46,,0
CHN,156,China,East Asia & Pacific,upper_middle_income,2010,1337705000,10476.31,6.81,75.67,15.7,6.73,13.04,88.39,75.8,99.7,4.53,40.49,47.48,70.45,58.65,87.96,69.63,24.87,62.31,62.63,-0.31,8.05,-1.8,2.13,6.68,-20.18,,0
CHN,156,China,East Asia & Pacific,upper_middle_income,2011,1345035000,11405.02,7.4,75.89,14.6,6.86,13.16,89.07,77.65,99.9,4.55,39.77,51.35,71.41,59.43,88.88,69.97,22.25,62.38,63.82,-1.44,7.64,-2.81,0.94,6.39,-22.3,,0
CHN,156,China,East Asia & Pacific,upper_middle_income,2012,1354190000,12217.85,7.58,76.2,13.5,7.0,13.28,89.72,79.46,99.9,4.58,39.11,48.12,72.5,60.23,89.7,70.25,24.42,63.42,64.63,-1.21,8.0,-3.45,0.45,6.17,-21.16,,0
CHN,156,China,East Asia & Pacific,upper_middle_income,2013,1363240000,13080.83,7.89,76.45,12.5,7.14,13.51,90.34,81.25,100.0,4.6,38.5,58.47,73.53,61.32,90.53,70.54,17.92,62.77,65.53,-2.77,7.87,-3.84,0.13,5.5,-28.25,,0
CHN,156,China,East Asia & Pacific,upper_middle_income,2014,1371860000,13968.58,7.93,76.71,11.6,7.27,13.74,90.94,83.0,100.0,4.63,37.92,54.57,74.54,62.41,91.31,70.78,20.22,63.85,66.89,-3.04,7.62,-4.33,-0.01,5.96,-27.43,,0
CHN,156,China,East Asia & Pacific,upper_middle_income,2015,1379860000,14856.78,7.79,76.97,10.7,7.41,13.98,91.51,84.72,100.0,4.65,37.37,50.83,75.62,63.52,92.08,71.03,22.59,64.97,67.54,-2.57,7.49,-4.49,-0.19,6.06,-25.23,3.0,0
CHN,156,China,East Asia & Pacific,upper_middle_income,2016,1387790000,15772.76,7.76,77.21,10.0,7.54,14.22,92.06,86.41,100.0,4.56,36.84,46.83,76.54,64.64,92.82,71.49,25.32,66.16,68.49,-2.33,7.52,-4.5,-0.15,5.54,-24.1,,0
CHN,156,China,East Asia & Pacific,upper_middle_income,2017,1396215000,16757.97,7.88,77.24,9.3,7.68,14.46,92.58,88.07,100.0,4.47,36.32,45.84,77.34,65.77,93.55,71.94,26.04,66.93,69.41,-2.48,7.34,-4.25,-0.0,5.95,-24.82,,0
CHN,156,China,East Asia & Pacific,upper_middle_income,2018,1402760000,17806.79,8.22,77.71,8.6,7.82,14.71,93.07,89.69,100.0,4.31,35.82,40.27,78.55,66.91,94.25,72.53,30.36,68.52,70.23,-1.7,7.5,-4.07,0.13,5.34,-20.5,,0
CHN,156,China,East Asia & Pacific,upper_middle_income,2019,1407745000,18820.51,8.39,77.94,8.0,7.96,14.96,93.53,91.29,100.0,4.56,35.32,37.55,79.52,68.09,94.94,72.29,32.7,69.51,71.45,-1.94,7.48,-3.94,0.25,4.74,-20.66,,0
CHN,156,China,East Asia & Pacific,upper_middle_income,2020,1411100000,19215.15,8.48,78.02,7.5,8.11,15.22,93.97,92.85,100.0,5.0,35.4,34.81,80.28,69.3,95.61,71.37,35.23,70.36,72.42,-2.06,7.58,-4.12,-0.11,4.86,-20.0,,0
CHN,156,China,East Asia & Pacific,upper_middle_income,2021,1412360000,20843.3,8.89,78.12,7.0,8.11,15.22,94.63,94.39,100.0,4.55,35.1,34.81,81.1,69.3,96.34,72.43,35.23,70.88,72.77,-1.89,8.67,-4.7,0.47,4.36,-20.09,,1
CHN,156,China,East Asia & Pacific,upper_middle_income,2022,1412175000,21499.38,8.86,78.2,6.6,8.11,15.22,95.44,95.89,100.0,4.98,34.66,34.81,81.81,69.3,97.11,71.8,35.23,71.05,73.61,-2.56,7.75,-4.78,1.01,0.93,-20.03,3.0,1
CIV,384,Cote d'Ivoire,Sub-Saharan Africa,lower_middle_income,2000,17699004,4838.34,0.39,51.39,140.4,6.39,6.49,68.79,20.04,48.7,4.84,80.06,52.79,27.99,39.31,45.85,48.19,21.32,36.53,48.81,-12.28,-18.85,-6.0,-15.62,-6.9,-16.54,0.0,0
CIV,384,Cote d'Ivoire,Sub-Saharan Africa,lower_middle_income,2001,18178913,4609.14,0.38,51.43,136.9,6.27,6.62,69.18,20.72,49.7,5.2,80.18,52.45,28.29,39.26,46.53,47.41,21.54,36.61,48.16,-11.55,-18.25,-5.62,-13.04,-6.78,-15.76,,0
CIV,384,Cote d'Ivoire,Sub-Saharan Africa,lower_middle_income,2002,18654771,4368.93,0.4,51.54,133.1,6.14,6.74,69.56,21.39,51.4,5.51,80.15,51.57,28.69,39.21,47.45,46.8,22.11,36.85,47.57,-10.72,-17.41,-5.27,-10.34,-7.2,-14.95,,0
CIV,384,Cote d'Ivoire,Sub-Saharan Africa,lower_middle_income,2003,19125542,4060.0,0.3,51.44,129.2,6.02,6.87,69.94,22.07,51.5,5.85,80.18,50.36,28.93,39.16,47.84,46.1,22.9,36.99,46.48,-9.49,-16.04,-4.29,-7.4,-7.79,-13.49,,0
CIV,384,Cote d'Ivoire,Sub-Saharan Africa,lower_middle_income,2004,19595000,4088.95,0.31,51.94,125.3,5.9,7.0,70.32,22.74,52.4,5.92,80.16,49.04,29.65,39.11,48.49,45.98,23.79,37.4,46.65,-9.25,-15.37,-4.91,-6.74,-8.5,-12.94,,0
CIV,384,Cote d'Ivoire,Sub-Saharan Africa,lower_middle_income,2005,20068458,4032.25,0.32,52.43,121.2,5.78,7.13,70.7,23.55,58.9,6.02,80.14,47.83,30.39,39.06,51.05,45.78,24.62,38.18,46.54,-8.36,-14.84,-4.81,-4.04,-9.16,-11.92,,0
CIV,384,Cote d'Ivoire,Sub-Saharan Africa,lower_middle_income,2006,20546802,4049.26,0.31,52.88,117.4,5.65,7.26,71.07,24.37,60.2,6.02,79.98,46.48,31.08,39.01,51.88,45.87,25.57,38.68,46.99,-8.3,-14.54,-5.24,-3.91,-9.69,-10.99,,0
CIV,384,Cote d'Ivoire,Sub-Saharan Africa,lower_middle_income,2007,21030558,3999.69,0.3,53.45,113.5,5.53,7.39,71.44,25.2,55.3,6.28,79.86,44.85,31.88,38.96,50.65,45.4,26.77,38.73,46.84,-8.11,-13.81,-5.37,-4.17,-10.2,-9.77,,0
CIV,384,Cote d'Ivoire,Sub-Saharan Africa,lower_middle_income,2008,21514439,4096.72,0.32,54.18,109.0,5.41,7.51,71.8,26.04,60.3,6.38,79.61,43.27,32.88,38.91,52.71,45.34,27.97,39.56,47.58,-8.02,-13.34,-6.19,-3.58,-10.72,-9.02,0.0,0
CIV,384,Cote d'Ivoire,Sub-Saharan Africa,lower_middle_income,2009,21997940,4151.05,0.29,54.74,105.2,5.29,7.64,72.17,26.88,57.3,6.57,79.07,42.07,33.7,38.86,52.12,45.24,28.9,39.76,47.97,-8.21,-13.4,-7.07,-4.77,-10.81,-8.38,,0
CIV,384,Cote d'Ivoire,Sub-Saharan Africa,lower_middle_income,2010,22488065,4338.65,0.33,55.28,101.6,5.17,7.77,72.53,27.74,58.4,6.61,78.67,41.6,34.49,38.81,52.89,45.38,29.28,40.17,48.59,-8.42,-13.25,-7.92,-4.39,-10.66,-8.07,,0
CIV,384,Cote d'Ivoire,Sub-Saharan Africa,lower_middle_income,2011,22982000,4017.41,0.31,55.97,98.4,5.04,7.9,72.88,28.6,55.8,7.14,78.35,49.55,35.37,38.75,52.43,44.48,23.44,38.89,47.61,-8.71,-11.81,-7.22,-2.52,-10.83,-11.39,,0
CIV,384,Cote d'Ivoire,Sub-Saharan Africa,lower_middle_income,2012,23467078,4234.18,0.38,56.57,95.3,4.92,8.03,73.24,29.47,55.8,7.22,77.94,51.36,36.18,38.7,52.83,44.53,22.24,38.9,48.09,-9.19,-11.93,-8.01,-3.89,-10.91,-11.55,,0
CIV,384,Cote d'Ivoire,Sub-Saharan Africa,lower_middle_income,2013,23939775,4597.19,0.41,57.06,92.0,4.8,8.16,73.59,30.34,61.5,4.26,75.83,40.07,36.94,38.65,55.14,51.58,30.53,42.57,49.85,-7.28,-12.61,-9.19,-4.46,-4.6,-6.05,,0
CIV,384,Cote d'Ivoire,Sub-Saharan Africa,lower_middle_income,2014,24527395,4907.57,0.43,57.77,88.6,4.68,8.28,73.93,31.23,61.9,3.27,74.56,38.93,37.9,38.6,55.69,54.21,31.49,43.58,50.97,-7.39,-12.87,-10.28,-5.77,-2.19,-6.16,,0
CIV,384,Cote d'Ivoire,Sub-Saharan Africa,lower_middle_income,2015,25246342,5110.86,0.45,58.28,85.5,4.31,8.55,74.28,32.12,62.6,2.57,73.34,61.95,38.67,38.11,56.33,56.25,15.98,41.07,51.16,-10.09,-12.95,-11.68,-6.92,-0.17,-18.22,0.0,0
CIV,384,Cote d'Ivoire,Sub-Saharan Africa,lower_middle_income,2016,25989405,5320.85,0.44,58.81,83.0,3.94,9.07,74.62,33.03,64.3,1.9,72.06,55.65,39.41,38.34,57.32,58.28,19.56,42.58,52.12,-9.54,-13.15,-12.27,-6.79,1.25,-16.32,,0
CIV,384,Cote d'Ivoire,Sub-Saharan Africa,lower_middle_income,2017,26733372,5556.11,0.46,59.32,80.5,4.01,9.47,74.97,33.95,65.6,3.27,72.69,50.67,40.12,39.7,58.17,55.2,22.7,43.18,53.23,-10.05,-13.19,-11.52,-8.18,-2.2,-15.14,,0
CIV,384,Cote d'Ivoire,Sub-Saharan Africa,lower_middle_income,2018,27464173,5670.2,0.45,59.8,77.9,4.09,9.7,75.31,34.87,67.1,2.85,71.69,50.9,40.85,40.57,59.09,56.56,22.55,43.92,53.58,-9.66,-13.02,-11.14,-8.29,-1.38,-15.23,,0
CIV,384,Cote d'Ivoire,Sub-Saharan Africa,lower_middle_income,2019,28193009,5894.88,0.47,60.27,75.3,4.16,9.92,75.65,35.81,68.6,2.4,70.63,44.33,41.59,41.44,60.02,58.02,27.15,45.64,54.72,-9.08,-13.09,-11.22,-8.76,0.01,-12.4,,0
CIV,384,Cote d'Ivoire,Sub-Saharan Africa,lower_middle_income,2020,28915449,5787.82,0.46,60.14,73.0,4.24,10.1,75.99,36.75,69.9,2.59,71.44,49.5,41.82,42.18,60.88,57.22,23.47,45.12,54.97,-9.85,-13.24,-11.52,-9.46,1.54,-16.64,,0
CIV,384,Cote d'Ivoire,Sub-Saharan Africa,lower_middle_income,2021,29639736,6045.2,0.58,60.29,70.8,4.24,10.1,76.32,37.7,71.1,2.62,70.88,49.5,42.27,42.18,61.71,57.45,23.47,45.42,55.31,-9.9,-12.63,-11.88,-10.23,0.68,-16.78,,1
CIV,384,Cote d'Ivoire,Sub-Saharan Africa,lower_middle_income,2022,30395002,6272.26,0.61,61.56,68.7,4.24,10.1,76.66,38.67,72.0,2.31,70.44,49.5,43.57,42.18,62.44,58.31,23.47,46.0,56.57,-10.57,-13.42,-12.47,-10.82,-0.67,-17.16,0.0,1
CMR,120,Cameroon,Sub-Saharan Africa,lower_middle_income,2000,14912631,3822.94,0.38,53.34,143.9,2.98,7.39,55.82,37.57,41.0,7.53,81.61,45.78,29.22,30.48,44.8,41.98,26.08,34.51,44.81,-10.3,-13.33,-10.99,-7.87,-11.28,-9.57,0.0,0
CMR,120,Cameroon,Sub-Saharan Africa,lower_middle_income,2001,15309490,3884.87,0.37,53.6,141.0,3.06,8.67,56.67,37.78,46.2,7.46,81.41,45.26,29.64,34.28,46.88,42.23,26.46,35.9,45.25,-9.35,-13.76,-7.85,-6.0,-10.87,-9.34,,0
CMR,120,Cameroon,Sub-Saharan Africa,lower_middle_income,2002,15725528,3951.42,0.36,53.92,137.6,3.14,8.4,57.5,37.99,44.0,6.71,81.07,44.01,30.15,33.8,46.5,43.91,27.39,36.35,45.85,-9.5,-14.14,-9.07,-7.41,-9.5,-8.75,,0
CMR,120,Cameroon,Sub-Saharan Africa,lower_middle_income,2003,16160340,4054.78,0.35,54.25,134.3,3.21,8.56,58.3,38.36,45.1,5.91,80.73,42.47,30.67,34.48,47.26,45.69,28.59,37.34,46.46,-9.12,-14.28,-8.95,-7.93,-8.19,-7.79,,0
CMR,120,Cameroon,Sub-Saharan Africa,lower_middle_income,2004,16610487,4222.97,0.34,54.58,130.9,3.29,8.61,59.1,38.74,47.1,5.09,80.4,41.06,31.2,34.88,48.31,47.51,29.71,38.32,47.18,-8.85,-14.35,-9.63,-8.12,-7.17,-7.26,,0
CMR,120,Cameroon,Sub-Saharan Africa,lower_middle_income,2005,17074594,4199.72,0.32,54.9,127.6,3.37,8.57,59.87,39.11,47.2,4.4,80.03,40.24,31.73,35.03,48.73,49.08,30.39,38.99,47.19,-8.2,-14.16,-9.44,-7.8,-6.13,-6.45,,0
CMR,120,Cameroon,Sub-Saharan Africa,lower_middle_income,2006,17550407,4241.52,0.32,55.3,124.2,3.43,8.32,60.62,39.5,49.0,3.73,79.63,39.9,32.33,34.55,49.71,50.63,30.67,39.58,47.72,-8.15,-14.06,-10.39,-7.64,-5.28,-6.26,,0
CMR,120,Cameroon,Sub-Saharan Africa,lower_middle_income,2007,18049896,4302.62,0.37,55.71,120.8,3.49,9.09,61.36,39.88,48.2,3.06,79.26,39.66,32.94,36.89,49.81,52.16,30.87,40.54,47.95,-7.42,-13.89,-8.46,-7.39,-4.02,-6.14,,0
CMR,120,Cameroon,Sub-Saharan Africa,lower_middle_income,2008,18574056,4300.27,0.38,56.12,117.2,4.06,9.53,62.07,40.27,50.6,3.39,78.56,39.46,33.58,40.01,50.98,51.88,31.04,41.5,48.29,-6.79,-13.36,-5.75,-6.85,-4.55,-6.23,0.0,0
CMR,120,Cameroon,Sub-Saharan Africa,lower_middle_income,2009,19113974,4286.58,0.4,56.49,113.7,4.63,10.0,62.77,40.67,51.7,3.74,77.94,39.27,34.2,43.23,51.71,51.49,31.2,42.37,48.45,-6.09,-13.37,-3.13,-6.21,-4.8,-6.26,,0
CMR,120,Cameroon,Sub-Saharan Africa,lower_middle_income,2010,19668066,4286.58,0.4,56.96,109.5,5.2,10.37,63.45,41.07,52.8,4.11,77.3,39.04,34.98,46.16,52.44,51.1,31.4,43.21,48.41,-5.2,-12.59,-0.41,-4.46,-4.86,-5.89,,0
CMR,120,Cameroon,Sub-Saharan Africa,lower_middle_income,2011,20232304,4307.85,0.37,57.48,105.2,5.36,10.74,64.12,41.47,53.7,3.99,76.67,38.59,35.81,47.69,53.1,51.67,31.78,44.01,48.6,-4.59,-12.31,0.79,-4.01,-4.11,-3.44,,0
CMR,120,Cameroon,Sub-Saharan Africa,lower_middle_income,2012,20809529,4382.11,0.36,58.17,100.8,5.51,11.33,64.76,41.88,55.2,3.84,75.96,41.85,36.8,49.83,53.95,52.35,29.07,44.4,48.61,-4.21,-11.81,2.59,-3.85,-3.35,-5.03,,0
CMR,120,Cameroon,Sub-Saharan Africa,lower_middle_income,2013,21402376,4473.57,0.38,58.73,96.5,5.66,11.63,65.39,42.29,56.3,3.69,75.26,37.1,37.7,51.18,54.66,53.02,33.1,45.93,49.48,-3.55,-11.5,3.68,-4.12,-2.98,-3.36,,0
CMR,120,Cameroon,Sub-Saharan Africa,lower_middle_income,2014,22059893,4588.49,0.4,59.13,92.4,5.81,11.94,66.0,42.71,56.8,3.53,74.56,37.01,38.48,52.53,55.17,53.69,33.18,46.61,50.02,-3.41,-11.42,4.52,-4.27,-2.25,-4.04,,0
CMR,120,Cameroon,Sub-Saharan Africa,lower_middle_income,2015,22763414,4698.67,0.4,59.69,88.5,5.96,12.21,66.59,43.13,58.6,3.52,73.58,51.95,39.38,53.78,56.11,54.24,21.86,45.07,49.9,-4.82,-11.15,5.13,-4.57,-1.6,-11.47,0.0,0
CMR,120,Cameroon,Sub-Saharan Africa,lower_middle_income,2016,23454161,4767.13,0.41,60.29,85.1,6.12,12.13,67.17,43.56,59.8,3.53,72.62,44.77,40.27,54.08,56.84,54.72,26.83,46.55,50.5,-3.95,-10.85,5.0,-3.95,-1.52,-7.89,,0
CMR,120,Cameroon,Sub-Saharan Africa,lower_middle_income,2017,24128601,4797.98,0.41,60.82,81.9,6.27,12.43,67.73,43.98,60.9,3.57,71.65,43.21,41.09,55.43,57.54,55.14,28.01,47.44,51.05,-3.61,-10.29,6.26,-4.33,-1.2,-8.2,,0
CMR,120,Cameroon,Sub-Saharan Africa,lower_middle_income,2018,24806383,4851.48,0.43,61.19,78.9,6.42,12.74,68.27,44.41,62.2,3.61,70.66,40.89,41.78,56.79,58.29,55.59,29.85,48.46,51.35,-2.88,-10.07,7.24,-4.55,-1.22,-6.35,,0
CMR,120,Cameroon,Sub-Saharan Africa,lower_middle_income,2019,25506095,4882.36,0.4,61.7,76.6,6.48,13.06,68.79,44.85,63.2,3.63,69.73,40.74,42.49,57.86,58.95,56.03,29.98,49.06,52.02,-2.96,-9.72,7.9,-4.31,-0.61,-7.82,,0
CMR,120,Cameroon,Sub-Saharan Africa,lower_middle_income,2020,26210558,4763.48,0.4,61.67,74.4,6.54,13.38,69.3,45.29,64.3,3.88,69.7,39.81,42.79,58.96,59.63,55.55,30.74,49.54,52.07,-2.54,-9.67,8.17,-5.04,1.12,-7.13,,0
CMR,120,Cameroon,Sub-Saharan Africa,lower_middle_income,2021,26915758,4793.56,0.38,61.15,71.9,6.54,13.38,69.79,45.73,65.4,3.98,68.47,39.81,42.76,58.96,60.31,56.01,30.74,49.76,52.01,-2.26,-9.21,8.27,-5.18,0.95,-7.03,,1
CMR,120,Cameroon,Sub-Saharan Africa,lower_middle_income,2022,27632771,4843.65,0.38,62.44,69.4,6.54,13.38,70.26,46.17,71.0,3.65,68.18,39.81,44.14,58.96,62.48,56.82,30.74,50.63,52.82,-2.19,-9.46,8.15,-3.66,-0.13,-7.13,1.0,1
COD,180,"Congo, Dem. Rep.",Sub-Saharan Africa,low_income,2000,50507442,981.42,0.04,51.89,184.6,5.14,6.94,37.55,23.75,6.7,3.24,82.05,25.87,25.4,36.41,22.67,50.32,45.14,35.99,28.22,7.77,2.85,14.63,9.14,1.96,11.84,0.0,0
COD,180,"Congo, Dem. Rep.",Sub-Saharan Africa,low_income,2001,52132646,930.86,0.04,52.2,178.4,5.2,7.01,37.52,23.29,7.1,3.25,82.2,26.02,26.01,36.82,22.64,50.24,44.95,36.13,27.72,8.41,3.85,14.94,11.42,2.06,11.35,,0
COD,180,"Congo, Dem. Rep.",Sub-Saharan Africa,low_income,2002,53750524,929.45,0.04,52.37,172.2,5.26,7.09,37.48,22.84,7.7,3.18,82.28,26.26,26.53,37.23,22.68,50.34,44.63,36.28,28.19,8.09,3.55,14.46,11.4,2.22,10.26,,0
COD,180,"Congo, Dem. Rep.",Sub-Saharan Africa,low_income,2003,55343867,953.04,0.04,52.95,165.9,5.32,7.17,37.44,22.39,8.3,3.06,82.33,26.52,27.38,37.64,22.71,50.56,44.3,36.52,29.17,7.35,2.96,13.2,9.63,2.35,9.61,,0
COD,180,"Congo, Dem. Rep.",Sub-Saharan Africa,low_income,2004,56997741,987.75,0.04,53.53,159.4,5.38,7.24,37.38,21.95,9.0,2.98,82.2,26.73,28.26,38.06,22.78,50.79,44.05,36.79,29.73,7.05,2.38,12.56,8.85,2.68,9.12,,0
COD,180,"Congo, Dem. Rep.",Sub-Saharan Africa,low_income,2005,58775724,1016.63,0.04,54.0,124.4,5.44,7.32,37.32,21.51,6.0,2.95,82.03,26.8,31.31,38.47,21.61,50.93,43.96,37.26,30.27,6.98,4.2,11.75,7.17,2.91,8.83,,0
COD,180,"Congo, Dem. Rep.",Sub-Saharan Africa,low_income,2006,60615908,1036.13,0.04,54.5,118.9,5.48,7.4,37.25,21.09,10.2,3.17,81.84,26.7,32.18,38.82,22.85,50.58,44.07,37.7,30.68,7.02,4.16,10.8,7.74,2.91,8.99,,0
COD,180,"Congo, Dem. Rep.",Sub-Saharan Africa,low_income,2007,62477752,1091.0,0.05,54.95,113.8,5.52,7.47,37.18,20.68,15.2,3.4,81.6,26.51,33.01,39.16,24.35,50.24,44.32,38.22,31.29,6.93,3.86,10.13,8.03,2.57,9.6,,0
COD,180,"Congo, Dem. Rep.",Sub-Saharan Africa,low_income,2008,64390664,1136.95,0.04,55.39,109.2,5.56,8.2,37.09,20.28,11.6,3.63,81.32,26.29,33.79,41.31,22.99,49.95,44.6,38.53,31.75,6.78,3.95,11.14,5.83,2.08,9.98,0.0,0
COD,180,"Congo, Dem. Rep.",Sub-Saharan Africa,low_income,2009,66412044,1108.58,0.04,55.8,105.0,5.6,8.35,37.0,19.88,12.3,3.88,81.15,26.11,34.53,41.87,23.06,49.52,44.83,38.76,31.22,7.54,3.55,11.34,7.01,1.63,10.43,,0
COD,180,"Congo, Dem. Rep.",Sub-Saharan Africa,low_income,2010,68563038,1158.01,0.04,56.41,101.4,5.64,8.69,36.91,19.5,13.0,4.1,80.94,26.03,35.38,42.95,23.14,49.2,44.93,39.12,31.98,7.14,4.12,11.4,6.74,1.33,10.92,,0
COD,180,"Congo, Dem. Rep.",Sub-Saharan Africa,low_income,2011,70849311,1205.74,0.05,56.91,98.3,5.75,9.03,36.8,19.12,13.7,4.32,80.77,26.6,36.1,44.24,23.21,48.86,44.2,39.32,32.28,7.04,3.21,12.27,5.07,0.79,12.93,,0
COD,180,"Congo, Dem. Rep.",Sub-Saharan Africa,low_income,2012,73254618,1267.24,0.04,57.35,95.9,5.85,8.89,36.69,18.75,15.4,4.49,80.64,26.71,36.71,44.22,23.62,48.59,44.07,39.44,32.9,6.54,2.41,11.6,3.79,0.32,14.46,,0
COD,180,"Congo, Dem. Rep.",Sub-Saharan Africa,low_income,2013,75789395,1342.74,0.04,57.8,94.1,5.96,9.15,36.57,18.4,15.2,4.47,80.77,26.12,37.26,45.27,23.39,48.55,44.82,39.86,35.31,4.55,1.74,11.09,0.1,-0.4,10.34,,0
COD,180,"Congo, Dem. Rep.",Sub-Saharan Africa,low_income,2014,78403242,1392.76,0.05,58.24,92.7,6.23,9.21,36.45,18.04,13.5,4.44,80.87,26.91,37.76,46.33,22.66,48.57,43.82,39.83,35.47,4.36,2.11,11.4,-1.83,-0.44,10.04,,0
COD,180,"Congo, Dem. Rep.",Sub-Saharan Africa,low_income,2015,81035531,1433.22,0.04,58.66,91.9,6.49,9.27,36.31,17.7,16.6,4.44,80.99,28.46,38.18,47.39,23.54,48.49,41.95,39.91,35.09,4.82,1.02,11.74,-1.97,-0.58,14.12,0.0,0
COD,180,"Congo, Dem. Rep.",Sub-Saharan Africa,low_income,2016,83956415,1388.8,0.04,59.08,91.5,6.76,9.33,36.17,17.37,17.3,4.53,81.21,26.76,38.55,48.45,23.61,48.2,44.01,40.56,35.67,4.9,1.33,12.66,-1.53,-0.73,14.62,,0
COD,180,"Congo, Dem. Rep.",Sub-Saharan Africa,low_income,2017,87083398,1395.72,0.04,59.5,91.5,6.9,9.39,36.02,17.04,18.0,4.61,81.44,26.84,38.87,49.1,23.69,47.91,43.9,40.69,36.24,4.45,1.54,12.97,-2.01,-1.07,12.47,,0
COD,180,"Congo, Dem. Rep.",Sub-Saharan Africa,low_income,2018,90047644,1431.73,0.05,59.93,91.7,7.05,9.45,35.86,16.73,18.7,4.63,81.66,26.72,39.18,49.75,23.76,47.76,44.05,40.9,37.43,3.47,0.75,13.0,-4.59,-1.56,11.6,,0
COD,180,"Congo, Dem. Rep.",Sub-Saharan Africa,low_income,2019,92947442,1394.76,0.05,60.24,92.2,7.13,9.52,35.69,16.42,19.1,4.61,81.95,26.34,39.36,50.19,23.73,47.66,44.54,41.1,37.3,3.8,0.24,13.24,-3.82,-1.34,10.22,,0
COD,180,"Congo, Dem. Rep.",Sub-Saharan Africa,low_income,2020,95989998,1361.03,0.05,60.43,92.7,7.21,9.58,35.51,16.12,20.1,5.36,83.08,26.65,39.45,50.63,23.91,45.56,44.14,40.74,37.46,3.28,0.83,13.07,-4.37,-2.18,11.41,,0
COD,180,"Congo, Dem. Rep.",Sub-Saharan Africa,low_income,2021,99148932,1402.39,0.05,60.04,92.9,7.21,9.58,35.32,16.15,20.8,5.29,82.59,26.65,39.13,50.63,24.09,45.95,44.14,40.79,37.78,3.01,0.33,12.97,-6.83,-1.68,11.47,,1
COD,180,"Congo, Dem. Rep.",Sub-Saharan Africa,low_income,2022,102396968,1484.34,0.06,60.98,92.5,7.21,9.58,35.13,16.17,21.5,4.54,82.32,26.65,39.89,50.63,24.27,47.59,44.14,41.31,38.46,2.84,-1.17,12.8,-8.99,-1.54,11.27,0.0,1
COG,178,"Congo, Rep.",Sub-Saharan Africa,lower_middle_income,2000,3151345,7570.58,1.43,55.37,112.5,7.26,9.18,58.4,11.92,29.4,19.87,77.59,26.87,33.46,49.71,33.24,19.42,43.86,35.94,56.47,-20.53,-21.02,-3.14,-44.01,-39.38,1.02,0.0,0
COG,178,"Congo, Rep.",Sub-Saharan Africa,lower_middle_income,2001,3272537,7567.44,1.34,55.88,109.3,7.31,8.99,58.69,11.97,30.3,19.88,77.48,27.19,34.16,49.34,33.65,19.46,43.47,36.02,56.8,-20.78,-21.02,-4.08,-43.54,-38.61,0.61,,0
COG,178,"Congo, Rep.",Sub-Saharan Africa,lower_middle_income,2002,3350771,7729.39,0.85,56.41,104.6,7.36,8.8,59.18,12.29,31.2,19.64,77.34,27.56,35.05,48.98,34.23,20.01,43.03,36.26,57.34,-21.09,-21.14,-5.08,-43.94,-38.08,0.04,,0
COG,178,"Congo, Rep.",Sub-Saharan Africa,lower_middle_income,2003,3445753,7577.46,1.04,57.13,98.9,7.41,8.59,59.67,12.62,32.1,19.88,77.2,27.91,36.21,48.55,34.8,19.62,42.6,36.35,57.29,-20.93,-20.02,-5.38,-43.01,-38.58,-0.11,,0
COG,178,"Congo, Rep.",Sub-Saharan Africa,lower_middle_income,2004,3565554,7577.45,1.02,57.96,92.3,7.45,8.8,60.62,13.08,33.0,19.9,76.95,28.17,37.59,49.29,35.57,19.71,42.29,36.89,57.18,-20.29,-18.46,-4.94,-42.0,-39.0,-0.24,,0
COG,178,"Congo, Rep.",Sub-Saharan Africa,lower_middle_income,2005,3696393,7876.12,1.17,58.73,85.7,7.5,9.01,61.56,13.55,33.8,19.8,77.06,28.27,38.99,50.04,36.3,19.85,42.17,37.47,57.84,-20.36,-18.1,-4.83,-42.4,-39.93,-0.45,,0
COG,178,"Congo, Rep.",Sub-Saharan Africa,lower_middle_income,2006,3837409,8192.58,1.26,59.47,79.5,7.52,9.22,62.5,14.03,34.9,19.56,76.75,28.14,40.38,50.67,37.14,20.48,42.33,38.2,58.5,-20.3,-17.24,-4.59,-42.65,-40.56,-0.18,,0
COG,178,"Congo, Rep.",Sub-Saharan Africa,lower_middle_income,2007,3980430,7375.82,1.07,60.05,73.9,7.53,9.43,63.44,14.53,35.8,19.91,76.89,27.84,41.62,51.3,37.92,19.71,42.69,38.65,56.83,-18.18,-14.49,-2.53,-37.6,-41.07,1.24,,0
COG,178,"Congo, Rep.",Sub-Saharan Africa,lower_middle_income,2008,4113517,7587.29,1.08,60.79,69.2,7.54,9.64,64.38,15.03,36.8,19.96,76.48,27.47,42.9,51.93,38.74,19.83,43.13,39.3,57.44,-18.14,-13.79,-2.53,-37.98,-41.68,1.55,0.0,0
COG,178,"Congo, Rep.",Sub-Saharan Africa,lower_middle_income,2009,4281219,8138.45,1.15,61.22,65.3,7.56,9.85,65.32,15.55,37.1,19.84,76.55,27.17,43.86,52.55,39.32,20.02,43.5,39.85,58.85,-19.0,-14.55,-3.82,-39.98,-41.57,0.76,,0
COG,178,"Congo, Rep.",Sub-Saharan Africa,lower_middle_income,2010,4462290,8583.66,1.19,61.73,62.4,7.57,10.06,66.25,16.08,40.0,19.3,75.89,27.04,44.75,53.18,40.78,21.46,43.66,40.76,59.71,-18.95,-14.47,-4.2,-39.28,-40.14,0.46,,0
COG,178,"Congo, Rep.",Sub-Saharan Africa,lower_middle_income,2011,4609724,8492.42,1.05,62.29,60.0,7.69,10.27,67.18,16.63,40.8,19.43,75.69,27.86,45.6,54.16,41.54,21.29,42.66,41.05,59.54,-18.49,-13.49,-3.5,-37.81,-40.09,1.14,,0
COG,178,"Congo, Rep.",Sub-Saharan Africa,lower_middle_income,2012,4740450,9079.69,0.94,62.66,57.9,7.8,10.48,68.11,17.18,41.6,19.49,75.45,28.54,46.28,55.14,42.3,21.31,41.85,41.37,60.39,-19.02,-13.66,-3.92,-38.81,-40.5,-0.21,,0
COG,178,"Congo, Rep.",Sub-Saharan Africa,lower_middle_income,2013,4857099,8798.49,1.12,62.97,56.2,7.92,10.71,69.04,17.76,42.5,19.84,75.35,28.12,46.84,56.15,43.1,20.65,42.35,41.82,59.91,-18.1,-12.72,-2.33,-36.68,-41.11,0.42,,0
COG,178,"Congo, Rep.",Sub-Saharan Africa,lower_middle_income,2014,4975880,9159.26,1.06,63.35,54.5,8.04,10.94,69.96,18.34,43.4,19.7,75.31,27.81,47.46,57.18,43.9,20.97,42.72,42.45,60.83,-18.38,-13.04,-2.2,-37.03,-40.47,-0.62,,0
COG,178,"Congo, Rep.",Sub-Saharan Africa,lower_middle_income,2015,5097581,8977.71,1.13,63.66,52.7,8.16,11.17,70.88,18.94,44.3,20.02,75.49,30.56,48.07,58.22,44.71,20.23,39.57,42.16,60.29,-18.13,-12.35,-1.07,-36.05,-40.56,-1.86,0.0,0
COG,178,"Congo, Rep.",Sub-Saharan Africa,lower_middle_income,2016,5222536,8001.83,1.07,63.91,51.0,8.18,11.41,71.8,19.55,45.3,20.3,75.89,28.22,48.61,58.94,45.55,19.46,42.24,42.96,58.55,-15.59,-10.12,1.56,-31.2,-40.71,1.2,,0
COG,178,"Congo, Rep.",Sub-Saharan Africa,lower_middle_income,2017,5351011,7372.77,1.03,64.2,49.3,8.19,11.65,72.71,20.17,46.2,20.74,75.79,28.58,49.21,59.68,46.36,18.64,41.8,43.14,57.66,-14.52,-8.31,3.87,-28.76,-40.77,0.42,,0
COG,178,"Congo, Rep.",Sub-Saharan Africa,lower_middle_income,2018,5483118,7029.34,1.17,64.47,47.6,8.21,11.9,72.9,20.27,47.0,20.84,75.57,27.96,49.79,60.44,46.72,18.54,42.54,43.61,56.8,-13.2,-7.2,5.22,-26.82,-40.86,2.3,,0
COG,178,"Congo, Rep.",Sub-Saharan Africa,lower_middle_income,2019,5616661,6939.37,1.29,63.15,52.2,8.23,12.16,73.1,20.36,47.7,20.49,75.83,28.75,47.78,61.21,47.05,19.1,41.61,43.35,57.13,-13.78,-9.26,5.86,-26.31,-39.99,0.26,,0
COG,178,"Congo, Rep.",Sub-Saharan Africa,lower_middle_income,2020,5752791,6350.51,1.29,64.39,44.5,8.25,12.42,73.29,20.46,48.7,22.29,76.81,28.57,50.46,61.99,47.48,15.0,41.82,43.35,56.41,-13.06,-5.88,6.83,-25.65,-41.34,0.55,,0
COG,178,"Congo, Rep.",Sub-Saharan Africa,lower_middle_income,2021,5892183,6263.21,1.21,64.19,43.0,8.25,12.42,73.49,20.55,49.7,22.0,76.21,28.57,50.68,61.99,47.91,15.89,41.82,43.66,55.84,-12.18,-4.68,7.38,-25.03,-41.15,1.15,,1
COG,178,"Congo, Rep.",Sub-Saharan Africa,lower_middle_income,2022,6035104,6205.11,1.38,65.0,41.5,8.25,12.42,73.49,20.55,50.6,20.13,75.98,28.57,51.69,61.99,48.21,19.75,41.82,44.69,56.42,-11.72,-5.16,7.52,-24.78,-39.15,1.3,0.0,3
COL,170,Colombia,Americas,upper_middle_income,2000,39089934,10813.49,1.62,70.9,25.0,6.86,12.15,90.92,75.41,95.2,20.52,39.69,25.36,61.73,56.64,87.18,38.07,45.79,57.88,61.38,-3.5,1.94,-1.28,1.08,-23.65,-0.02,1.0,0
COL,170,Colombia,Americas,upper_middle_income,2001,39709262,10823.45,1.59,71.18,24.2,6.92,12.16,91.24,76.31,98.5,15.04,39.5,24.82,62.3,56.82,88.68,49.13,46.51,60.69,61.88,-1.19,1.68,-2.01,2.45,-11.88,0.55,,0
COL,170,Colombia,Americas,upper_middle_income,2002,40324680,10925.15,1.5,71.54,23.5,6.97,12.16,91.55,77.2,94.9,14.48,39.23,23.93,62.89,57.0,87.88,50.39,47.74,61.18,62.27,-1.09,1.44,-2.47,1.17,-10.42,1.63,,0
COL,170,Colombia,Americas,upper_middle_income,2003,40937429,11183.29,1.47,72.31,22.7,7.02,12.41,91.86,78.09,95.1,13.22,39.15,22.88,63.86,57.86,88.35,52.95,49.23,62.45,62.94,-0.48,1.61,-2.34,1.02,-8.13,2.84,,0
COL,170,Colombia,Americas,upper_middle_income,2004,41543171,11607.94,1.45,72.76,22.1,7.07,12.66,92.16,78.99,95.3,13.72,39.5,21.89,64.5,58.73,88.82,51.77,50.71,62.91,63.26,-0.36,1.83,-2.13,1.06,-10.21,4.12,,0
COL,170,Colombia,Americas,upper_middle_income,2005,42128977,11999.25,1.47,73.16,21.4,7.28,13.18,92.46,79.88,96.8,11.06,37.82,21.15,65.15,60.89,89.71,57.97,51.85,65.12,63.75,1.36,1.68,-0.54,1.43,-5.25,5.13,,0
COL,170,Colombia,Americas,upper_middle_income,2006,42691084,12636.62,1.38,73.5,20.7,6.8,13.52,92.75,80.77,95.7,11.09,39.58,20.6,65.78,60.24,89.74,56.99,52.74,65.1,64.49,0.61,1.82,-1.75,0.61,-7.79,5.96,,0
COL,170,Colombia,Americas,upper_middle_income,2007,43235374,13318.3,1.42,73.75,20.1,7.19,13.79,93.03,81.65,96.0,11.2,39.15,20.06,66.29,62.27,90.23,56.98,53.62,65.88,65.22,0.66,1.44,-0.61,0.8,-8.88,6.59,,0
COL,170,Colombia,Americas,upper_middle_income,2008,43758808,13591.06,1.4,74.21,19.5,7.32,13.99,93.31,82.54,96.8,11.27,43.58,19.61,66.97,63.27,90.89,54.52,54.39,66.01,65.65,0.36,1.71,-0.18,0.99,-12.35,7.11,3.0,0
COL,170,Colombia,Americas,upper_middle_income,2009,44271541,13586.75,1.48,74.53,18.8,7.25,14.44,93.59,83.43,96.1,12.07,45.31,19.28,67.62,64.27,91.04,52.02,54.94,65.98,65.92,0.06,1.59,-0.18,0.6,-13.43,6.99,,0
COL,170,Colombia,Americas,upper_middle_income,2010,44777319,14037.06,1.52,74.88,18.2,7.39,14.41,93.86,84.31,96.8,11.15,45.04,19.16,68.24,64.68,91.66,53.99,55.15,66.74,66.4,0.35,1.67,-0.41,0.89,-11.09,7.06,,0
COL,170,Colombia,Americas,upper_middle_income,2011,45259614,14852.37,1.62,75.18,17.6,7.52,14.5,94.13,85.2,96.7,10.29,45.39,20.55,68.83,65.34,92.01,55.54,52.82,66.91,67.14,-0.23,1.28,-1.1,0.32,-10.25,5.29,,0
COL,170,Colombia,Americas,upper_middle_income,2012,45715810,15279.48,1.61,75.61,17.1,7.63,14.18,94.39,86.08,97.0,9.96,44.89,18.14,69.48,64.81,92.49,56.45,56.98,68.04,67.4,0.64,1.67,-2.42,0.54,-9.58,8.78,,0
COL,170,Colombia,Americas,upper_middle_income,2013,46151584,15912.25,1.81,75.83,16.5,7.83,14.7,94.64,86.96,97.8,9.25,44.36,18.93,70.04,66.95,93.13,58.16,55.56,68.77,68.02,0.75,1.39,-1.5,0.55,-8.65,7.09,,0
COL,170,Colombia,Americas,upper_middle_income,2014,46565429,16480.36,1.82,75.95,16.0,7.99,14.6,94.89,87.84,97.8,8.8,43.93,18.34,70.46,67.2,93.51,59.28,56.62,69.42,69.0,0.41,0.95,-2.3,0.5,-7.24,7.06,,0
COL,170,Colombia,Americas,upper_middle_income,2015,46969940,16821.38,1.84,76.07,15.5,8.05,14.65,95.14,88.72,98.2,8.57,43.71,17.61,70.9,67.51,94.02,59.85,57.98,70.05,69.2,0.85,0.79,-2.55,0.68,-6.63,8.52,3.0,0
COL,170,Colombia,Americas,upper_middle_income,2016,47437512,17003.24,1.87,76.23,15.0,8.22,14.77,95.38,89.6,98.4,8.92,43.95,17.31,71.38,68.42,94.46,59.03,58.54,70.37,69.55,0.81,1.14,-1.93,0.86,-7.94,8.05,,0
COL,170,Colombia,Americas,upper_middle_income,2017,48131078,16986.03,1.68,76.42,14.5,8.36,14.74,95.62,90.47,98.5,9.09,43.99,17.25,71.89,68.81,94.86,58.67,58.66,70.58,69.6,0.98,1.67,-1.43,1.21,-7.53,7.61,,0
COL,170,Colombia,Americas,upper_middle_income,2018,49024465,17104.13,1.74,76.58,14.0,8.5,14.63,95.85,91.35,98.5,9.36,44.25,16.05,72.39,68.98,95.23,57.99,61.07,71.13,69.66,1.47,2.0,-1.35,1.4,-8.57,10.72,,0
COL,170,Colombia,Americas,upper_middle_income,2019,49907985,17336.77,1.72,76.79,13.5,8.64,14.52,96.08,92.23,99.4,10.28,42.77,14.52,72.95,69.15,95.9,56.93,64.42,71.87,70.28,1.59,2.28,-1.56,1.78,-9.29,12.22,,0
COL,170,Colombia,Americas,upper_middle_income,2020,50629997,15861.5,1.67,74.76,13.1,8.86,14.39,96.3,93.1,99.7,15.98,44.36,14.18,71.71,69.52,96.37,44.69,65.2,69.5,69.74,-0.25,2.2,-0.86,1.98,-18.66,12.63,,0
COL,170,Colombia,Americas,upper_middle_income,2021,51188173,17383.09,1.8,72.7,12.7,8.86,14.44,96.52,93.97,100.0,13.9,44.53,14.18,70.47,69.65,96.83,48.77,65.2,70.18,70.3,-0.12,0.98,-1.51,2.07,-16.59,12.31,,1
COL,170,Colombia,Americas,upper_middle_income,2022,51737944,18458.72,1.71,76.51,12.3,8.86,14.44,96.74,94.84,100.0,10.54,44.22,14.18,73.75,69.65,97.19,55.64,65.2,72.29,71.64,0.65,1.94,-2.14,1.96,-13.11,11.93,3.0,1
CRI,188,Costa Rica,Americas,upper_middle_income,2000,3937739,14018.74,1.3,77.32,13.1,7.14,11.46,94.65,93.68,96.9,5.08,28.22,21.38,73.68,55.64,95.08,74.99,51.49,70.18,64.98,5.19,9.72,-6.06,4.55,10.49,3.77,3.0,0
CRI,188,Costa Rica,Americas,upper_middle_income,2001,4008947,14250.46,1.38,77.61,12.6,7.33,11.61,95.06,93.92,98.2,6.05,28.06,21.25,74.33,56.7,95.73,73.13,51.7,70.32,65.65,4.66,9.37,-6.26,4.74,9.1,3.8,,0
CRI,188,Costa Rica,Americas,upper_middle_income,2002,4075705,14495.99,1.39,77.94,12.2,7.49,11.76,95.46,94.16,98.5,6.4,28.73,21.03,74.94,57.63,96.04,72.09,52.05,70.55,66.1,4.45,9.16,-6.25,4.8,8.03,3.93,,0
CRI,188,Costa Rica,Americas,upper_middle_income,2003,4138784,14891.34,1.47,78.21,11.8,7.63,11.92,95.84,94.38,98.7,6.65,26.88,20.74,75.51,58.55,96.31,72.54,52.51,71.08,66.72,4.37,9.03,-6.28,4.78,8.47,3.88,,0
CRI,188,Costa Rica,Americas,upper_middle_income,2004,4200078,15323.29,1.47,78.51,11.5,7.67,12.07,96.2,94.6,99.0,6.44,28.16,20.42,76.02,59.08,96.6,72.29,53.03,71.4,66.93,4.48,9.23,-6.16,5.09,7.34,4.27,,0
CRI,188,Costa Rica,Americas,upper_middle_income,2005,4261240,15703.96,1.49,78.88,11.3,7.83,12.34,96.54,94.81,99.1,6.75,26.02,20.08,76.49,60.36,96.82,72.81,53.59,72.01,67.28,4.74,9.26,-5.45,5.23,6.67,4.65,,0
CRI,188,Costa Rica,Americas,upper_middle_income,2006,4321340,16620.14,1.6,79.05,11.2,7.84,12.61,96.87,95.02,99.1,5.93,26.52,19.61,76.72,61.15,97.0,74.19,54.38,72.69,68.08,4.61,8.96,-5.46,4.86,6.35,5.16,,0
CRI,188,Costa Rica,Americas,upper_middle_income,2007,4380248,17743.62,1.76,79.1,11.1,8.01,12.88,97.18,95.21,99.2,4.56,24.65,18.97,76.85,62.49,97.2,77.91,55.49,73.99,68.99,5.0,8.13,-5.1,4.69,8.75,5.83,,0
CRI,188,Costa Rica,Americas,upper_middle_income,2008,4440056,18334.01,1.72,79.18,10.9,8.29,13.15,97.48,95.4,99.3,4.93,24.59,18.31,77.11,64.16,97.39,77.19,56.66,74.51,69.67,4.83,7.63,-4.34,4.47,6.85,6.47,3.0,0
CRI,188,Costa Rica,Americas,upper_middle_income,2009,4499791,17932.61,1.63,79.37,10.7,8.36,13.42,97.76,95.67,99.4,7.82,24.52,17.81,77.46,65.16,97.61,71.45,57.6,73.86,69.63,4.23,7.22,-4.04,4.36,3.58,6.83,,0
CRI,188,Costa Rica,Americas,upper_middle_income,2010,4555962,18660.92,1.59,79.35,10.5,8.23,13.7,98.0,95.93,99.0,7.17,23.83,17.6,77.65,65.48,97.64,73.11,57.99,74.38,70.01,4.36,6.76,-4.38,4.1,5.84,7.04,,0
CRI,188,Costa Rica,Americas,upper_middle_income,2011,4609833,19254.91,1.67,79.62,10.2,8.35,13.97,98.23,96.18,99.2,9.52,23.68,19.43,78.18,66.64,97.87,68.5,54.7,73.18,70.47,2.7,6.43,-4.18,3.9,0.22,4.36,,0
CRI,188,Costa Rica,Americas,upper_middle_income,2012,4663934,19960.79,1.64,79.92,9.8,8.41,14.13,98.47,96.42,99.5,9.11,24.98,17.94,78.84,67.3,98.13,68.63,57.36,74.05,70.89,3.17,6.51,-4.35,3.87,0.09,5.95,,0
CRI,188,Costa Rica,Americas,upper_middle_income,2013,4716147,20232.27,1.68,80.19,9.5,8.58,14.34,98.71,96.65,99.6,8.22,27.24,18.49,79.38,68.44,98.32,69.23,56.34,74.34,71.25,3.09,6.51,-4.09,3.78,0.04,4.85,,0
CRI,188,Costa Rica,Americas,upper_middle_income,2014,4767119,20724.92,1.69,80.23,9.2,8.75,14.63,98.93,96.87,99.4,8.5,26.63,17.55,79.76,69.82,98.4,68.99,58.08,75.01,72.04,2.97,6.25,-3.49,3.52,-0.17,5.69,,0
CRI,188,Costa Rica,Americas,upper_middle_income,2015,4818038,21254.78,1.61,80.41,9.0,8.58,14.69,99.13,97.09,99.4,8.41,26.53,17.66,80.14,69.43,98.54,69.21,57.87,75.04,72.39,2.64,6.04,-4.44,3.38,-0.21,5.33,3.0,0
CRI,188,Costa Rica,Americas,upper_middle_income,2016,4866998,21925.6,1.69,79.99,8.9,8.56,14.82,99.33,97.3,99.5,8.09,24.84,16.9,79.94,69.71,98.71,70.75,59.35,75.69,73.16,2.53,5.33,-4.7,3.15,0.37,5.28,,0
CRI,188,Costa Rica,Americas,upper_middle_income,2017,4913177,22622.55,1.71,79.99,8.9,8.64,15.06,99.51,97.5,99.6,7.73,24.49,17.17,79.94,70.65,98.87,71.65,58.83,75.99,73.65,2.34,4.77,-4.19,3.13,1.11,4.08,,0
CRI,188,Costa Rica,Americas,upper_middle_income,2018,4957818,23005.31,1.7,80.09,9.0,8.72,15.23,99.69,97.7,99.7,9.01,24.63,15.13,79.89,71.38,99.03,69.02,63.04,76.47,73.82,2.65,4.4,-3.7,3.13,-2.21,8.98,,0
CRI,188,Costa Rica,Americas,upper_middle_income,2019,4999553,23364.78,1.64,80.3,9.1,8.76,15.84,99.8,97.89,99.7,10.81,25.28,13.38,79.93,73.21,99.13,65.08,67.15,76.9,74.52,2.38,4.13,-2.22,3.01,-6.05,10.83,,0
CRI,188,Costa Rica,Americas,upper_middle_income,2020,5034320,22211.86,1.43,79.72,9.3,8.8,16.09,99.81,98.08,99.9,16.43,25.8,14.31,79.26,74.05,99.26,53.56,64.91,74.21,74.46,-0.26,4.06,-1.58,2.63,-15.47,7.69,,0
CRI,188,Costa Rica,Americas,upper_middle_income,2021,5059988,23852.93,1.59,78.05,9.6,8.8,16.09,99.81,98.27,100.0,15.14,25.42,14.31,77.62,74.05,99.36,56.34,64.91,74.46,74.66,-0.2,2.87,-1.99,2.73,-13.93,7.61,,1
CRI,188,Costa Rica,Americas,upper_middle_income,2022,5081765,24831.72,1.61,79.32,9.9,8.8,16.09,99.81,98.44,100.0,11.32,24.88,14.31,78.26,74.05,99.42,64.26,64.91,76.18,75.5,0.67,1.93,-2.14,2.57,-8.76,7.57,3.0,1
CYP,196,Cyprus,Europe & Central Asia,high_income,2000,947667,36121.82,7.53,77.9,6.6,9.91,12.4,99.88,99.62,100.0,4.77,18.1,20.31,81.58,67.49,99.83,80.94,53.22,76.61,76.15,0.46,4.45,-6.46,2.16,2.6,-2.65,3.0,0
CYP,196,Cyprus,Europe & Central Asia,high_income,2001,964127,37147.0,7.26,78.18,6.2,10.07,12.51,99.88,99.62,100.0,4.04,17.16,20.18,82.47,68.32,99.83,82.88,53.42,77.39,76.99,0.4,4.42,-6.86,1.98,3.82,-2.94,,0
CYP,196,Cyprus,Europe & Central Asia,high_income,2002,981440,38090.93,7.31,78.76,5.8,10.23,12.97,99.88,99.62,100.0,3.34,17.38,20.04,83.64,70.15,99.83,84.18,53.66,78.29,77.49,0.81,4.79,-5.98,1.82,5.21,-3.67,,0
CYP,196,Cyprus,Europe & Central Asia,high_income,2003,999590,38617.97,7.85,78.91,5.4,10.4,13.34,99.88,99.61,100.0,4.15,17.95,19.88,84.53,71.72,99.83,82.25,53.93,78.45,77.76,0.7,5.25,-5.3,1.78,3.9,-3.99,,0
CYP,196,Cyprus,Europe & Central Asia,high_income,2004,1017875,40020.09,7.65,79.01,5.1,10.56,13.46,99.87,99.61,100.0,4.77,16.66,19.71,85.23,72.59,99.83,81.69,54.22,78.71,78.2,0.51,5.16,-4.89,1.73,3.09,-4.51,,0
CYP,196,Cyprus,Europe & Central Asia,high_income,2005,1036151,41362.27,7.63,79.2,4.7,10.72,13.36,99.87,99.6,100.0,5.48,15.83,19.53,86.26,72.85,99.82,80.71,54.52,78.83,78.7,0.14,5.62,-5.64,1.69,1.54,-5.0,,0
CYP,196,Cyprus,Europe & Central Asia,high_income,2006,1054418,42595.38,7.6,79.46,4.4,10.97,13.39,99.86,99.59,100.0,4.59,15.15,19.32,87.17,73.76,99.82,82.84,54.87,79.69,79.43,0.26,6.06,-5.42,1.64,2.48,-5.33,,0
CYP,196,Cyprus,Europe & Central Asia,high_income,2007,1072714,43823.94,7.75,79.8,4.1,11.19,13.44,99.85,99.59,100.0,3.95,14.25,19.08,88.2,74.65,99.81,84.61,55.3,80.51,80.22,0.3,6.64,-5.07,1.66,2.91,-5.62,,0
CYP,196,Cyprus,Europe & Central Asia,high_income,2008,1091026,44295.81,7.79,79.91,3.8,11.28,13.67,99.84,99.58,100.0,3.76,14.4,18.83,89.11,75.58,99.81,84.91,55.73,81.03,80.74,0.29,6.85,-4.66,1.59,2.65,-5.92,4.0,0
CYP,196,Cyprus,Europe & Central Asia,high_income,2009,1109371,42253.56,7.47,80.38,3.5,11.26,14.03,99.83,99.57,100.0,5.59,14.63,18.63,90.37,76.51,99.8,81.11,56.08,80.77,80.08,0.69,7.46,-3.79,1.52,2.15,-6.26,,0
CYP,196,Cyprus,Europe & Central Asia,high_income,2010,1127816,42102.46,7.02,80.63,3.2,11.44,13.99,99.83,99.57,100.0,6.36,13.83,18.52,91.54,77.01,99.8,80.0,56.29,80.93,80.05,0.88,8.38,-3.75,1.52,1.95,-6.15,,0
CYP,196,Cyprus,Europe & Central Asia,high_income,2011,1146493,41212.86,6.68,80.86,3.0,11.58,13.94,99.82,99.56,100.0,7.94,13.42,18.49,92.41,77.32,99.79,77.05,56.35,80.59,80.07,0.51,9.11,-3.8,1.54,-1.46,-4.6,,0
CYP,196,Cyprus,Europe & Central Asia,high_income,2012,1165397,39190.38,6.11,81.13,2.8,11.81,13.96,99.81,99.55,100.0,12.1,12.5,16.88,93.37,78.12,99.79,69.23,59.39,79.98,79.81,0.16,10.48,-2.83,1.72,-8.4,-3.49,,0
CYP,196,Cyprus,Europe & Central Asia,high_income,2013,1183895,36650.72,5.44,81.32,2.7,11.88,14.18,99.8,99.55,100.0,16.13,13.52,16.24,93.91,78.98,99.78,60.62,60.67,78.79,79.34,-0.55,11.56,-2.14,1.9,-16.22,-1.88,,0
CYP,196,Cyprus,Europe & Central Asia,high_income,2014,1201801,36105.05,5.67,81.34,2.6,11.88,14.46,99.79,99.54,100.0,16.28,14.18,16.11,94.33,79.78,99.78,59.98,60.94,78.96,79.56,-0.6,11.94,-1.31,1.86,-16.92,-1.81,,0
CYP,196,Cyprus,Europe & Central Asia,high_income,2015,1219502,37258.65,5.62,81.46,2.5,11.87,14.83,99.79,99.53,100.0,15.03,12.61,16.91,94.86,80.74,99.77,63.31,59.32,79.6,80.03,-0.43,11.93,-0.91,1.7,-14.5,-3.7,4.0,0
CYP,196,Cyprus,Europe & Central Asia,high_income,2016,1237112,39501.02,5.84,81.53,2.5,12.09,15.03,99.78,99.52,100.0,13.01,12.48,14.48,94.91,82.05,99.77,67.42,64.5,81.73,81.39,0.34,10.97,-0.48,1.42,-11.77,-1.73,,0
CYP,196,Cyprus,Europe & Central Asia,high_income,2017,1254275,41418.16,5.87,81.54,2.6,12.18,15.51,99.77,99.52,100.0,11.16,11.09,15.11,94.49,83.7,99.76,71.85,63.09,82.58,82.04,0.54,9.8,0.44,1.28,-8.58,-3.2,,0
CYP,196,Cyprus,Europe & Central Asia,high_income,2018,1270737,43510.21,5.68,81.56,2.7,12.28,15.7,99.76,99.51,100.0,8.5,11.11,15.25,94.09,84.54,99.76,77.15,62.78,83.66,82.75,0.91,8.71,0.5,1.15,-4.73,-4.19,,0
CYP,196,Cyprus,Europe & Central Asia,high_income,2019,1286671,45454.36,5.61,81.45,3.0,12.36,16.01,99.75,99.5,100.0,7.16,11.71,15.01,92.87,85.69,99.75,79.53,63.31,84.23,83.79,0.44,6.74,0.84,1.03,-3.14,-6.5,,0
CYP,196,Cyprus,Europe & Central Asia,high_income,2020,1302247,43402.54,5.22,81.23,3.3,12.44,16.23,99.75,99.5,100.0,7.76,11.98,13.51,91.66,86.55,99.75,78.18,66.82,84.59,83.72,0.87,5.94,1.18,0.9,-2.34,-3.79,,0
CYP,196,Cyprus,Europe & Central Asia,high_income,2021,1317309,47632.77,5.25,80.57,3.7,12.44,16.24,99.74,99.49,100.0,7.51,9.9,13.51,89.92,86.59,99.74,79.76,66.82,84.57,84.18,0.39,3.99,0.53,0.81,-1.98,-4.38,,1
CYP,196,Cyprus,Europe & Central Asia,high_income,2022,1331370,50623.8,5.43,80.43,4.1,12.44,16.24,99.73,99.48,100.0,6.81,9.17,13.51,88.69,86.59,99.74,81.56,66.82,84.68,84.96,-0.28,1.85,0.29,0.75,-2.46,-4.88,4.0,1
CZE,203,Czech Republic,Europe & Central Asia,high_income,2000,10255063,29427.41,12.9,74.97,5.5,10.99,14.02,97.97,99.02,100.0,8.76,10.84,20.46,81.3,75.58,99.0,76.77,52.96,77.12,74.16,2.96,6.52,3.74,2.42,1.76,-1.65,3.0,0
CZE,203,Czech Republic,Europe & Central Asia,high_income,2001,10216605,30399.87,12.94,75.17,5.2,11.18,14.47,97.97,99.02,100.0,8.13,11.16,20.69,82.07,77.44,99.0,77.87,52.59,77.79,74.94,2.85,6.34,4.38,2.2,2.22,-2.35,,0
CZE,203,Czech Republic,Europe & Central Asia,high_income,2002,10196916,30919.55,12.49,75.22,5.0,11.37,14.82,98.01,99.02,100.0,7.28,11.95,21.16,82.53,79.06,99.01,79.15,51.85,78.32,75.36,2.96,6.1,5.04,2.05,3.65,-3.71,,0
CZE,203,Czech Republic,Europe & Central Asia,high_income,2003,10193998,31949.3,12.82,75.17,4.8,11.56,15.16,98.05,99.03,100.0,7.78,12.98,21.69,82.93,80.64,99.02,77.61,51.01,78.25,75.91,2.33,5.8,5.44,1.88,2.4,-5.24,,0
CZE,203,Czech Republic,Europe & Central Asia,high_income,2004,10197101,33452.34,12.9,75.72,4.6,11.74,15.0,98.09,99.03,100.0,8.3,12.84,22.13,83.82,80.8,99.04,76.65,50.34,78.13,76.47,1.66,5.81,4.95,1.76,0.82,-6.62,,0
CZE,203,Czech Republic,Europe & Central Asia,high_income,2005,10211216,35535.75,12.64,75.92,4.4,11.93,15.25,98.12,99.04,100.0,7.93,12.3,22.31,84.46,82.15,99.05,77.67,50.07,78.68,77.24,1.44,5.57,5.08,1.6,0.73,-7.79,,0
CZE,203,Czech Republic,Europe & Central Asia,high_income,2006,10238905,37786.88,12.77,76.52,4.1,12.12,15.38,98.16,99.04,100.0,7.14,12.08,22.17,85.69,83.14,99.07,79.36,50.29,79.51,78.23,1.28,6.01,5.12,1.41,0.69,-8.5,,0
CZE,203,Czech Republic,Europe & Central Asia,high_income,2007,10298828,39629.01,12.85,76.72,3.9,12.14,15.64,98.2,99.05,100.0,5.32,12.44,21.82,86.38,83.91,99.08,82.82,50.82,80.6,79.12,1.49,6.08,5.24,1.39,2.57,-8.81,,0
CZE,203,Czech Republic,Europe & Central Asia,high_income,2008,10384603,40328.34,12.14,76.98,3.7,12.19,15.68,98.24,99.05,100.0,4.39,12.55,21.4,87.15,84.19,99.1,84.61,51.46,81.3,79.71,1.59,6.09,4.92,1.29,3.67,-8.92,4.0,0
CZE,203,Czech Republic,Europe & Central Asia,high_income,2009,10443936,38175.14,11.46,77.08,3.5,12.29,16.0,98.28,99.06,100.0,6.66,13.05,21.05,87.83,85.42,99.11,79.81,52.01,80.84,79.01,1.83,6.23,6.12,1.27,2.34,-8.92,,0
CZE,203,Czech Republic,Europe & Central Asia,high_income,2010,10474410,39097.39,11.55,77.42,3.4,12.39,16.22,98.31,99.06,100.0,7.28,14.08,20.91,88.41,86.33,99.13,78.03,52.24,80.83,79.23,1.59,6.24,6.35,1.16,1.08,-9.13,,0
CZE,203,Czech Republic,Europe & Central Asia,high_income,2011,10496088,39708.16,11.25,77.87,3.3,12.47,16.36,98.35,99.07,100.0,6.71,14.44,21.01,89.08,87.02,99.14,78.98,52.07,81.26,79.66,1.6,6.28,6.3,1.04,0.99,-8.4,,0
CZE,203,Czech Republic,Europe & Central Asia,high_income,2012,10510785,39347.05,10.85,78.08,3.2,12.52,16.36,98.39,99.07,100.0,6.98,15.03,19.29,89.57,87.16,99.16,78.13,54.93,81.79,79.87,1.92,6.62,6.15,1.07,0.44,-8.01,,0
CZE,203,Czech Republic,Europe & Central Asia,high_income,2013,10514272,39317.55,10.42,78.18,3.1,12.6,16.86,98.53,99.08,100.0,6.95,14.19,18.93,89.99,88.81,99.2,78.63,55.55,82.44,80.2,2.24,6.68,6.79,1.03,0.81,-8.35,,0
CZE,203,Czech Republic,Europe & Central Asia,high_income,2014,10525347,40158.02,10.19,78.82,3.1,12.64,16.96,98.73,99.08,100.0,6.11,14.54,18.36,90.49,89.24,99.27,80.13,56.58,83.14,80.89,2.25,6.58,6.8,0.94,1.73,-8.26,,0
CZE,203,Czech Republic,Europe & Central Asia,high_income,2015,10546059,42066.58,10.27,78.58,3.2,12.67,16.95,98.73,99.08,100.0,5.05,13.81,17.81,89.96,89.34,99.27,82.63,57.59,83.76,81.44,2.32,5.45,6.26,0.81,3.17,-7.71,4.0,0
CZE,203,Czech Republic,Europe & Central Asia,high_income,2016,10566332,43069.47,10.39,79.03,3.2,12.74,16.79,98.73,99.07,100.0,3.95,14.02,16.99,90.3,89.08,99.27,84.72,59.16,84.51,82.43,2.08,5.23,5.55,0.68,4.38,-8.82,,0
CZE,203,Czech Republic,Europe & Central Asia,high_income,2017,10594438,45177.52,10.42,78.98,3.2,12.79,16.68,98.73,99.07,100.0,2.89,13.98,16.94,90.26,88.95,99.27,86.85,59.26,84.92,83.07,1.85,4.46,4.67,0.56,5.24,-8.65,,0
CZE,203,Czech Republic,Europe & Central Asia,high_income,2018,10629928,46301.08,10.29,79.03,3.1,12.83,16.12,98.73,99.07,100.0,2.25,13.82,17.35,90.65,87.55,99.27,88.24,58.48,84.84,83.5,1.33,4.48,2.76,0.51,5.48,-9.72,,0
CZE,203,Czech Republic,Europe & Central Asia,high_income,2019,10671870,47763.62,9.72,79.23,3.0,12.87,16.1,98.73,99.07,100.0,2.02,13.77,14.23,91.16,87.63,99.27,88.72,65.08,86.37,84.39,1.99,4.41,2.18,0.43,5.32,-5.68,,0
CZE,203,Czech Republic,Europe & Central Asia,high_income,2020,10697858,45119.94,8.87,78.23,2.9,12.92,16.14,98.73,99.07,100.0,2.55,14.03,14.11,90.76,87.88,99.27,87.52,65.37,86.16,84.18,1.97,4.54,2.02,0.35,6.41,-5.98,,0
CZE,203,Czech Republic,Europe & Central Asia,high_income,2021,10505772,47796.03,9.47,77.22,2.8,12.92,16.35,98.73,99.07,100.0,2.8,13.25,14.11,90.36,88.46,99.27,87.42,65.37,86.18,84.22,1.96,4.4,2.36,0.33,5.63,-5.9,,1
CZE,203,Czech Republic,Europe & Central Asia,high_income,2022,10672118,48390.66,9.15,78.93,2.7,12.92,16.35,98.73,99.07,100.0,2.22,13.96,14.11,92.07,88.46,99.27,88.21,65.37,86.67,84.44,2.23,5.78,2.72,0.35,4.81,-5.49,4.0,1
DEU,276,Germany,Europe & Central Asia,high_income,2000,82211508,49875.88,10.6,77.93,5.4,12.42,16.16,100.0,99.22,100.0,7.92,7.14,18.15,83.78,86.3,99.74,80.41,56.97,81.44,79.2,2.23,3.02,9.15,0.41,-3.24,-0.83,4.0,0
DEU,276,Germany,Europe & Central Asia,high_income,2001,82349925,50606.71,10.75,78.33,5.2,12.77,16.23,100.0,99.22,100.0,7.77,7.23,17.81,84.49,87.65,99.74,80.65,57.6,82.03,80.1,1.92,2.87,9.29,0.33,-3.7,-1.0,,0
DEU,276,Germany,Europe & Central Asia,high_income,2002,82488495,50406.38,10.55,78.23,5.1,13.11,16.31,100.0,99.22,100.0,8.48,7.15,17.43,84.63,89.0,99.74,79.27,58.32,82.19,80.29,1.9,2.57,10.16,0.37,-4.38,-1.43,,0
DEU,276,Germany,Europe & Central Asia,high_income,2003,82534176,50111.58,10.64,78.38,5.0,13.46,16.38,100.0,99.22,100.0,9.78,7.26,17.05,84.96,90.35,99.74,76.62,59.04,82.14,80.24,1.9,2.75,10.95,0.5,-6.05,-1.19,,0
DEU,276,Germany,Europe & Central Asia,high_income,2004,82516260,50704.92,10.46,78.68,4.9,13.8,16.45,100.0,99.22,100.0,10.73,7.72,16.75,85.41,91.7,99.74,74.48,59.65,82.2,80.4,1.8,2.7,12.24,0.6,-7.82,-1.42,,0
DEU,276,Germany,Europe & Central Asia,high_income,2005,82469422,51182.96,10.21,78.93,4.7,13.7,16.52,100.0,99.22,100.0,11.19,7.83,16.55,86.06,91.57,99.74,73.49,60.04,82.18,80.67,1.51,3.01,11.23,0.68,-8.82,-1.83,,0
DEU,276,Germany,Europe & Central Asia,high_income,2006,82376451,53222.04,10.38,79.13,4.6,13.6,16.59,100.0,99.22,100.0,10.28,7.82,16.47,86.44,91.44,99.74,75.33,60.21,82.63,81.59,1.04,2.72,10.29,0.61,-8.19,-2.64,,0
DEU,276,Germany,Europe & Central Asia,high_income,2007,82266372,54832.96,10.05,79.53,4.5,13.68,16.66,100.0,99.22,100.0,8.73,7.39,16.42,86.99,91.89,99.74,78.65,60.31,83.52,82.62,0.9,2.62,9.97,0.59,-6.25,-3.52,,0
DEU,276,Germany,Europe & Central Asia,high_income,2008,82110097,55425.11,10.11,79.74,4.4,13.76,16.74,100.0,99.22,100.0,7.51,7.0,16.38,87.39,92.34,99.74,81.3,60.4,84.23,83.14,1.09,2.29,9.98,0.54,-4.07,-4.28,4.0,0
DEU,276,Germany,Europe & Central Asia,high_income,2009,81902307,52484.86,9.38,79.84,4.3,13.83,16.81,100.0,99.22,100.0,7.88,7.02,16.31,87.72,92.78,99.74,80.55,60.52,84.26,82.29,1.97,2.09,10.53,0.55,-1.64,-4.85,,0
DEU,276,Germany,Europe & Central Asia,high_income,2010,81776930,54738.71,9.97,79.99,4.2,13.85,16.88,100.0,99.22,100.0,7.04,6.76,16.2,88.09,93.06,99.74,82.36,60.75,84.8,82.84,1.96,1.66,9.88,0.43,0.29,-5.46,,0
DEU,276,Germany,Europe & Central Asia,high_income,2011,80274983,57858.42,9.82,80.44,4.1,13.93,16.95,100.0,99.22,100.0,5.97,7.02,15.72,88.7,93.52,99.74,84.37,61.77,85.62,83.76,1.86,1.28,9.27,0.31,0.94,-3.52,,0
DEU,276,Germany,Europe & Central Asia,high_income,2012,80425823,58017.59,9.95,80.54,4.0,13.98,17.02,100.0,99.22,100.0,5.37,6.85,13.91,89.04,93.88,99.74,85.65,65.85,86.83,84.12,2.72,1.44,9.22,0.29,2.19,-2.93,,0
DEU,276,Germany,Europe & Central Asia,high_income,2013,80645605,58089.17,10.14,80.49,4.0,14.01,17.09,100.0,99.22,100.0,5.32,6.52,13.66,89.01,94.19,99.74,85.93,66.44,87.06,84.51,2.55,1.14,8.33,0.29,2.57,-4.21,,0
DEU,276,Germany,Europe & Central Asia,high_income,2014,80982500,59108.7,9.62,81.09,4.0,14.04,17.12,100.0,99.22,100.0,4.98,6.32,12.28,89.47,94.34,99.74,86.72,70.0,88.05,85.12,2.93,1.07,8.26,0.3,2.9,-1.69,,0
DEU,276,Germany,Europe & Central Asia,high_income,2015,81686611,59573.71,9.61,80.64,3.9,14.08,17.11,100.0,99.22,100.0,4.61,6.15,12.83,89.4,94.47,99.74,87.54,68.56,87.94,85.12,2.82,0.88,7.97,0.35,3.37,-2.71,4.0,0
DEU,276,Germany,Europe & Central Asia,high_income,2016,82348669,60407.97,9.58,80.99,3.9,14.13,16.88,100.0,99.22,100.0,4.1,6.01,11.78,89.66,93.98,99.74,88.63,71.39,88.68,86.23,2.46,0.54,6.92,0.31,3.89,-2.99,,0
DEU,276,Germany,Europe & Central Asia,high_income,2017,82657002,61866.49,9.37,80.99,3.8,14.1,16.99,100.0,99.23,100.0,3.78,5.81,11.9,89.95,94.21,99.74,89.38,71.06,88.87,86.56,2.31,0.33,6.56,0.28,3.7,-2.31,,0
DEU,276,Germany,Europe & Central Asia,high_income,2018,82905782,62381.35,9.01,80.89,3.8,14.08,17.04,100.0,99.23,100.0,3.38,5.55,11.65,89.87,94.26,99.74,90.31,71.76,89.19,86.94,2.25,0.11,6.17,0.31,3.59,-2.0,,0
DEU,276,Germany,Europe & Central Asia,high_income,2019,83092962,62849.37,8.38,81.29,3.7,14.17,17.22,100.0,99.23,100.0,3.16,5.3,10.64,90.47,95.07,99.74,90.89,74.8,90.19,87.53,2.66,0.35,6.44,0.33,3.61,-1.01,,0
DEU,276,Germany,Europe & Central Asia,high_income,2020,83160871,60203.29,7.72,81.04,3.7,14.26,17.23,100.0,99.23,100.0,3.88,5.05,10.29,90.28,95.37,99.74,89.58,75.92,90.18,87.53,2.65,0.49,5.99,0.34,4.38,-0.77,,0
DEU,276,Germany,Europe & Central Asia,high_income,2021,83196078,62530.77,8.06,80.79,3.7,14.26,17.34,100.0,99.23,100.0,3.59,4.89,10.29,90.08,95.7,99.74,90.24,75.92,90.34,87.19,3.15,0.74,6.42,0.38,4.83,-0.1,,1
DEU,276,Germany,Europe & Central Asia,high_income,2022,83177813,63676.09,7.91,80.61,3.7,14.26,17.34,100.0,99.23,100.0,3.14,4.57,10.29,89.94,95.7,99.74,91.32,75.92,90.52,87.5,3.02,0.39,6.73,0.39,4.22,0.09,4.0,1
DNK,208,Denmark,Europe & Central Asia,high_income,2000,5339616,57907.5,9.95,76.59,5.6,12.47,16.2,100.0,99.6,100.0,4.48,7.0,15.65,82.35,86.58,99.87,87.36,61.92,83.62,80.59,3.02,-0.04,7.98,-0.19,1.24,3.22,4.0,0
DNK,208,Denmark,Europe & Central Asia,high_income,2001,5358783,58248.55,10.22,76.79,5.5,12.64,16.55,100.0,99.6,100.0,4.16,6.75,15.4,82.7,88.09,99.87,88.12,62.46,84.25,81.5,2.75,-0.51,8.31,-0.22,1.35,2.84,,0
DNK,208,Denmark,Europe & Central Asia,high_income,2002,5375931,58327.83,10.09,76.9,5.4,12.8,16.2,100.0,99.6,100.0,4.27,6.73,15.08,82.98,87.68,99.87,87.91,63.15,84.32,81.73,2.59,-0.72,7.46,-0.18,1.81,2.1,,0
DNK,208,Denmark,Europe & Central Asia,high_income,2003,5390574,58425.97,11.07,77.14,5.2,12.97,16.36,100.0,99.6,100.0,5.4,6.91,14.74,83.58,88.67,99.87,85.57,63.91,84.32,81.68,2.64,-0.32,7.91,-0.06,0.34,2.26,,0
DNK,208,Denmark,Europe & Central Asia,high_income,2004,5404523,59893.09,10.01,77.49,5.0,12.92,16.52,100.0,99.6,100.0,5.2,6.65,14.41,84.28,88.94,99.87,86.09,64.66,84.77,81.92,2.85,-0.26,8.15,0.02,1.19,1.89,,0
DNK,208,Denmark,Europe & Central Asia,high_income,2005,5419432,61137.68,9.35,77.84,4.8,12.83,16.78,100.0,99.6,100.0,4.83,6.69,14.13,84.99,89.37,99.87,86.82,65.32,85.27,82.28,2.99,-0.03,7.54,0.05,1.89,1.44,,0
DNK,208,Denmark,Europe & Central Asia,high_income,2006,5437272,63262.74,10.78,78.1,4.6,12.74,16.65,100.0,99.6,100.0,3.9,6.72,13.86,85.65,88.71,99.87,88.67,65.96,85.77,83.23,2.54,-0.06,6.12,0.03,2.72,0.98,,0
DNK,208,Denmark,Europe & Central Asia,high_income,2007,5461438,63604.56,9.86,78.2,4.5,12.65,16.81,100.0,99.6,100.0,3.8,6.62,13.59,85.96,88.86,99.87,88.92,66.63,86.05,84.17,1.87,-0.23,5.54,0.08,1.92,0.82,,0
DNK,208,Denmark,Europe & Central Asia,high_income,2008,5493621,62968.16,9.21,78.45,4.3,12.88,16.72,100.0,99.6,100.0,3.68,6.68,13.34,86.65,89.38,99.87,89.12,67.25,86.45,84.48,1.98,-0.03,5.86,0.13,2.01,0.82,4.0,0
DNK,208,Denmark,Europe & Central Asia,high_income,2009,5523095,59516.51,8.76,78.6,4.2,12.47,16.72,100.0,99.6,100.0,6.41,7.12,13.16,87.02,88.0,99.87,83.43,67.71,85.21,83.54,1.67,-0.14,4.68,0.17,-0.62,0.55,,0
DNK,208,Denmark,Europe & Central Asia,high_income,2010,5547683,60190.63,8.75,79.1,4.1,12.43,16.89,100.0,99.6,100.0,7.75,6.72,13.09,87.67,88.34,99.87,80.97,67.88,84.94,83.81,1.13,0.12,4.36,0.2,-2.56,0.28,,0
DNK,208,Denmark,Europe & Central Asia,high_income,2011,5570572,60729.06,7.81,79.8,4.1,12.47,18.35,100.0,99.6,100.0,7.77,6.67,13.36,88.21,91.55,99.87,80.95,67.2,85.56,84.27,1.29,0.25,6.91,0.28,-3.19,1.29,,0
DNK,208,Denmark,Europe & Central Asia,high_income,2012,5591572,60497.69,6.9,80.05,4.1,12.7,18.68,100.0,99.6,100.0,7.8,6.81,10.81,88.4,92.34,99.87,80.82,74.26,87.14,84.55,2.58,0.35,7.35,0.28,-3.27,4.84,,0
DNK,208,Denmark,Europe & Central Asia,high_income,2013,5614932,61085.03,7.18,80.3,4.1,12.75,19.17,100.0,99.6,100.0,7.38,6.67,10.4,88.59,92.49,99.87,81.72,75.56,87.65,85.04,2.6,0.21,6.2,0.27,-2.37,4.05,,0
DNK,208,Denmark,Europe & Central Asia,high_income,2014,5643475,61552.8,6.41,80.7,4.1,12.39,19.21,100.0,99.6,100.0,6.92,6.56,10.81,88.9,91.29,99.87,82.7,74.26,87.4,85.55,1.86,0.08,4.88,0.31,-1.68,1.85,,0
DNK,208,Denmark,Europe & Central Asia,high_income,2015,5683483,62405.72,5.99,80.7,4.1,12.64,19.3,100.0,99.6,100.0,6.28,6.49,10.23,88.9,92.13,99.87,84.03,76.11,88.21,85.59,2.62,-0.12,5.2,0.35,-0.77,4.05,4.0,0
DNK,208,Denmark,Europe & Central Asia,high_income,2016,5728010,63823.45,6.23,80.85,4.0,13.16,19.04,100.0,99.6,100.0,5.99,6.44,9.23,89.28,93.88,99.87,84.63,79.52,89.44,86.82,2.61,-0.46,6.27,0.3,-0.81,4.1,,0
DNK,208,Denmark,Europe & Central Asia,high_income,2017,5764980,65352.4,5.82,81.1,3.9,13.01,18.82,100.0,99.6,100.0,5.83,6.06,10.09,89.75,93.37,99.87,85.15,76.55,88.94,87.15,1.79,-0.51,5.15,0.28,-1.22,2.24,,0
DNK,208,Denmark,Europe & Central Asia,high_income,2018,5793636,66238.71,5.79,80.95,3.9,12.86,18.72,100.0,99.6,100.0,5.13,5.88,10.35,89.64,92.87,99.87,86.64,75.7,88.94,87.61,1.33,-0.82,4.14,0.3,-0.84,0.82,,0
DNK,208,Denmark,Europe & Central Asia,high_income,2019,5814422,67131.47,5.17,81.45,3.8,12.91,18.62,100.0,99.6,100.0,5.02,5.97,9.61,90.3,93.04,99.87,86.82,78.18,89.64,88.26,1.38,-0.61,3.67,0.32,-1.35,1.16,,0
DNK,208,Denmark,Europe & Central Asia,high_income,2020,5831404,65744.44,4.77,81.6,3.7,12.96,18.64,100.0,99.6,100.0,5.64,6.23,9.07,90.71,93.2,99.87,85.44,80.12,89.87,88.52,1.34,-0.13,2.77,0.32,-0.96,1.8,,0
DNK,208,Denmark,Europe & Central Asia,high_income,2021,5856733,69715.18,5.05,81.4,3.7,12.96,18.77,100.0,99.6,100.0,5.07,6.27,9.07,90.56,93.2,99.87,86.57,80.12,90.06,88.35,1.71,-0.11,2.7,0.34,-0.23,2.2,,1
DNK,208,Denmark,Europe & Central Asia,high_income,2022,5903037,69475.32,4.83,81.3,3.8,12.96,18.77,100.0,99.6,100.0,4.43,5.76,9.07,90.19,93.2,99.87,88.1,80.12,90.3,88.44,1.86,-0.36,3.24,0.38,-0.13,2.73,4.0,1
DOM,214,Dominican Republic,Americas,upper_middle_income,2000,8584190,10896.32,2.21,70.36,39.6,6.46,11.12,91.02,76.6,88.8,6.43,40.75,19.07,56.33,52.44,85.47,65.69,55.31,63.05,61.49,1.56,-3.59,-5.59,-0.76,3.89,9.43,1.0,0
DOM,214,Dominican Republic,Americas,upper_middle_income,2001,8720283,10991.14,2.2,70.55,38.6,6.54,11.33,91.38,77.15,89.8,7.26,41.86,19.01,56.75,53.29,86.11,63.44,55.41,63.0,62.09,0.91,-4.1,-5.77,-0.45,2.29,9.34,,0
DOM,214,Dominican Republic,Americas,upper_middle_income,2002,8852235,11313.07,2.37,70.72,37.7,6.62,11.54,91.74,77.7,89.7,6.78,42.93,18.83,57.13,54.13,86.38,63.85,55.73,63.44,62.73,0.71,-4.83,-5.87,-1.01,2.7,9.36,,0
DOM,214,Dominican Republic,Americas,upper_middle_income,2003,8980620,11000.87,2.09,70.86,37.0,6.7,11.75,92.14,78.3,89.2,6.94,42.62,18.59,57.44,54.97,86.55,63.69,56.16,63.76,62.72,1.05,-4.58,-4.95,-0.53,2.78,9.91,,0
DOM,214,Dominican Republic,Americas,upper_middle_income,2004,9104892,11131.27,1.91,70.73,36.4,6.78,11.96,92.55,78.93,90.3,6.3,39.98,18.35,57.52,55.81,87.26,66.35,56.6,64.71,62.71,2.0,-4.54,-4.4,0.26,4.73,10.37,,0
DOM,214,Dominican Republic,Americas,upper_middle_income,2005,9225034,12022.51,2.04,71.04,36.0,6.85,12.17,92.94,79.55,90.1,6.59,42.33,18.16,57.88,56.66,87.53,64.55,56.95,64.71,63.78,0.94,-5.62,-4.8,-0.77,1.3,10.22,,0
DOM,214,Dominican Republic,Americas,upper_middle_income,2006,9341183,12961.92,2.2,71.05,35.6,7.01,12.38,93.32,80.16,90.1,5.65,42.21,18.01,58.01,57.77,87.86,66.48,57.23,65.47,64.81,0.66,-6.28,-4.65,-1.58,1.43,10.22,,0
DOM,214,Dominican Republic,Americas,upper_middle_income,2007,9455658,13754.92,2.19,71.1,35.3,7.17,12.59,93.68,80.77,96.9,5.16,41.62,17.86,58.14,58.88,90.45,67.78,57.5,66.55,65.64,0.91,-7.12,-4.53,0.65,1.55,10.18,,0
DOM,214,Dominican Republic,Americas,upper_middle_income,2008,9573130,14030.14,2.16,71.33,35.1,7.19,12.8,94.02,81.37,97.6,4.76,43.44,17.72,58.38,59.54,91.0,67.61,57.76,66.86,66.07,0.78,-7.31,-4.47,0.78,0.36,10.17,3.0,0
DOM,214,Dominican Republic,Americas,upper_middle_income,2009,9695265,13992.41,2.05,71.59,34.9,7.22,13.01,94.35,81.97,97.9,5.47,43.32,17.61,58.64,60.2,91.41,66.26,57.97,66.9,66.33,0.57,-7.83,-4.78,0.68,0.54,9.71,,0
DOM,214,Dominican Republic,Americas,upper_middle_income,2010,9820175,14975.0,2.13,72.04,34.9,7.24,13.22,94.66,82.56,98.1,5.21,44.27,17.54,58.99,60.86,91.77,66.27,58.11,67.2,67.21,-0.01,-8.52,-5.32,0.34,0.71,9.37,,0
DOM,214,Dominican Republic,Americas,upper_middle_income,2011,9945621,15258.09,2.12,72.5,34.8,7.33,13.43,94.94,83.14,97.9,6.09,43.98,17.47,59.37,61.75,91.99,64.68,58.24,67.2,67.46,-0.25,-8.56,-5.13,0.03,-1.31,10.44,,0
DOM,214,Dominican Republic,Americas,upper_middle_income,2012,10070411,15487.28,2.17,72.82,34.8,7.43,13.64,95.21,83.7,97.9,6.72,43.19,17.65,59.61,62.66,92.27,63.83,57.9,67.25,67.58,-0.33,-8.42,-4.8,0.2,-2.34,9.53,,0
DOM,214,Dominican Republic,Americas,upper_middle_income,2013,10193833,16054.77,2.11,73.04,34.8,7.52,13.7,95.46,84.26,98.4,7.35,41.57,17.66,59.78,63.12,92.71,63.42,57.87,67.38,68.14,-0.76,-9.02,-5.47,0.05,-3.48,9.28,,0
DOM,214,Dominican Republic,Americas,upper_middle_income,2014,10315528,16993.59,2.1,73.14,34.9,7.65,13.77,95.7,84.82,98.5,6.72,42.01,18.94,59.84,63.74,93.0,64.45,55.54,67.31,69.41,-2.09,-10.2,-6.28,-0.26,-2.43,5.6,,0
DOM,214,Dominican Republic,Americas,upper_middle_income,2015,10434829,17973.19,2.29,72.98,34.9,7.72,14.46,95.92,85.37,98.6,7.6,41.8,19.96,59.71,65.9,93.3,62.79,53.8,67.1,70.1,-3.0,-11.51,-5.24,-0.57,-4.52,3.47,3.0,0
DOM,214,Dominican Republic,Americas,upper_middle_income,2016,10551430,18968.98,2.36,72.89,34.9,9.04,14.52,96.14,85.92,98.9,7.28,40.32,19.25,59.64,70.47,93.65,64.21,55.0,68.6,71.09,-2.49,-12.44,-1.64,-0.82,-4.19,3.0,,0
DOM,214,Dominican Republic,Americas,upper_middle_income,2017,10666843,19501.87,2.23,73.37,34.9,8.98,14.66,96.35,86.46,100.0,5.83,41.17,19.12,60.01,70.68,94.27,66.67,55.23,69.37,71.55,-2.18,-12.54,-1.81,-0.41,-1.6,2.37,,0
DOM,214,Dominican Republic,Americas,upper_middle_income,2018,10782053,20662.85,2.38,73.56,34.7,8.93,14.57,96.54,87.0,98.9,5.86,40.72,19.59,60.21,70.21,94.15,66.85,54.42,69.17,72.29,-3.13,-13.36,-3.2,-1.05,-2.6,1.76,,0
DOM,214,Dominican Republic,Americas,upper_middle_income,2019,10894043,21451.29,2.61,73.11,34.4,8.87,14.47,96.73,87.53,99.0,6.36,39.19,19.5,59.97,69.74,94.42,66.66,54.57,69.07,73.27,-4.2,-14.29,-4.38,-1.18,-2.92,-0.48,,0
DOM,214,Dominican Republic,Americas,upper_middle_income,2020,11008300,19545.41,2.45,72.64,33.8,9.15,14.37,96.9,88.06,100.0,6.13,40.13,19.83,59.79,70.42,94.99,66.63,54.01,69.17,72.65,-3.48,-13.18,-3.26,-0.86,-0.14,-1.41,,0
DOM,214,Dominican Republic,Americas,upper_middle_income,2021,11123476,22053.46,2.67,71.76,33.0,9.15,13.56,97.31,88.58,98.1,7.7,40.62,19.83,59.38,68.16,94.66,63.22,54.01,67.89,73.55,-5.67,-14.01,-6.69,-1.53,-5.75,-2.09,,1
DOM,214,Dominican Republic,Americas,upper_middle_income,2022,11230734,22986.96,2.86,74.21,32.3,9.15,13.56,97.36,89.1,98.1,5.5,39.51,19.83,61.5,68.16,94.85,68.19,54.01,69.34,74.48,-5.14,-13.61,-6.9,-1.6,-3.67,-2.17,3.0,1
DZA,12,Algeria,Middle East & N. Africa,upper_middle_income,2000,30903893,11558.22,2.85,70.58,41.7,6.61,11.22,88.99,84.48,98.6,29.77,31.63,28.23,55.93,53.2,90.69,33.36,42.22,55.08,62.3,-7.22,-4.89,-5.7,3.36,-29.03,-4.08,1.0,0
DZA,12,Algeria,Middle East & N. Africa,upper_middle_income,2001,31331221,11742.59,2.74,71.03,40.2,6.7,11.46,89.17,84.76,98.6,27.3,31.19,28.13,56.67,54.15,90.84,33.59,42.34,55.52,62.98,-7.46,-5.17,-5.87,2.96,-28.21,-4.21,,0
DZA,12,Algeria,Middle East & N. Africa,upper_middle_income,2002,31750835,12213.13,2.82,71.64,38.6,6.78,11.87,89.34,85.03,98.6,25.9,30.17,27.87,57.59,55.58,90.99,34.12,42.65,56.19,63.77,-7.58,-5.51,-5.63,2.3,-27.86,-4.27,,0
DZA,12,Algeria,Middle East & N. Africa,upper_middle_income,2003,32175818,12835.18,3.0,71.91,37.0,6.87,12.14,89.52,85.3,98.6,23.72,29.12,27.5,58.25,56.62,91.14,37.23,43.09,57.27,64.76,-7.49,-6.0,-5.82,1.61,-25.18,-4.39,,0
DZA,12,Algeria,Middle East & N. Africa,upper_middle_income,2004,32628286,13226.77,2.96,72.54,35.4,6.96,12.47,89.68,85.56,98.6,17.65,29.01,27.09,59.21,57.84,91.28,49.43,43.59,60.27,64.97,-4.7,-5.33,-5.07,1.58,-13.83,-4.04,,0
DZA,12,Algeria,Middle East & N. Africa,upper_middle_income,2005,33109249,13738.5,3.06,72.84,33.9,7.04,12.72,89.85,85.81,98.6,15.27,28.94,26.71,59.91,58.82,91.42,54.23,44.07,61.69,65.52,-3.83,-5.39,-4.83,1.4,-10.42,-3.78,,0
DZA,12,Algeria,Middle East & N. Africa,upper_middle_income,2006,33623506,13920.69,3.14,73.12,32.5,7.27,12.81,90.02,86.06,98.7,12.27,28.93,26.34,60.59,59.82,91.59,60.24,44.54,63.35,65.75,-2.39,-4.66,-3.83,1.36,-5.61,-3.1,,0
DZA,12,Algeria,Middle East & N. Africa,upper_middle_income,2007,34189416,14114.67,3.19,73.35,31.2,7.33,12.99,90.18,86.3,98.7,13.79,28.97,25.93,61.21,60.51,91.73,57.17,45.06,63.13,65.97,-2.84,-4.39,-3.34,1.65,-9.35,-2.5,,0
DZA,12,Algeria,Middle East & N. Africa,upper_middle_income,2008,34816961,14206.78,3.27,73.62,30.1,7.39,13.43,90.34,86.53,99.3,11.33,29.1,25.48,61.81,61.94,92.06,62.02,45.64,64.69,66.23,-1.54,-4.04,-2.28,1.7,-5.36,-2.07,3.0,0
DZA,12,Algeria,Middle East & N. Africa,upper_middle_income,2009,35490445,14104.43,3.27,73.87,29.0,7.35,13.88,90.49,86.76,98.8,10.16,29.26,24.97,62.41,63.07,92.02,64.28,46.31,65.62,66.44,-0.82,-4.18,-2.06,1.21,-1.52,-2.04,,0
DZA,12,Algeria,Middle East & N. Africa,upper_middle_income,2010,36188236,14496.42,3.28,74.14,28.1,7.32,14.24,90.64,86.98,98.9,9.96,29.45,24.4,62.96,63.95,92.17,64.58,47.09,66.15,66.81,-0.66,-4.09,-1.69,1.08,-0.75,-1.33,,0
DZA,12,Algeria,Middle East & N. Africa,upper_middle_income,2011,36903376,14641.96,3.38,74.38,27.3,7.29,14.47,90.79,87.19,99.0,9.96,29.53,23.57,63.45,64.47,92.33,64.54,48.24,66.61,66.97,-0.37,-3.9,-1.74,0.8,-1.15,0.86,,0
DZA,12,Algeria,Middle East & N. Africa,upper_middle_income,2012,37646166,14697.54,3.73,74.61,26.6,7.25,14.56,90.95,87.09,98.8,10.97,28.23,24.4,63.91,64.62,92.28,63.2,47.09,66.22,66.88,-0.66,-3.25,-1.94,0.67,-2.45,-0.6,,0
DZA,12,Algeria,Middle East & N. Africa,upper_middle_income,2013,38414171,14778.19,3.79,74.81,25.9,7.22,14.65,91.11,86.99,99.2,9.82,26.93,22.38,64.35,64.77,92.43,66.19,49.97,67.54,67.06,0.48,-3.11,-2.41,0.55,0.04,2.38,,0
DZA,12,Algeria,Middle East & N. Africa,upper_middle_income,2014,39205031,15073.76,3.95,74.99,25.4,7.19,14.75,91.27,86.87,99.3,10.21,27.0,24.11,64.71,64.91,92.48,65.37,47.48,66.99,67.85,-0.86,-3.36,-3.1,0.3,-0.21,-1.03,,0
DZA,12,Algeria,Middle East & N. Africa,upper_middle_income,2015,40019529,15239.52,4.11,75.16,24.9,7.15,14.84,91.42,86.74,99.4,11.21,27.05,25.62,65.05,65.06,92.52,63.35,45.46,66.29,67.88,-1.59,-3.47,-3.37,0.02,-1.93,-2.7,3.0,0
DZA,12,Algeria,Middle East & N. Africa,upper_middle_income,2016,40850721,15511.69,3.93,75.31,24.5,7.12,14.93,91.57,86.61,99.4,10.2,27.07,25.55,65.34,65.21,92.52,65.35,45.55,66.79,68.26,-1.47,-3.42,-3.66,-0.29,-0.41,-3.66,,0
DZA,12,Algeria,Middle East & N. Africa,upper_middle_income,2017,41689299,15427.66,3.99,75.43,24.0,7.09,15.02,91.72,86.46,99.5,12.0,27.11,24.75,65.66,65.36,92.56,61.73,46.61,66.38,68.29,-1.9,-3.07,-3.31,-0.21,-3.22,-3.22,,0
DZA,12,Algeria,Middle East & N. Africa,upper_middle_income,2018,42505035,15343.43,4.11,75.56,23.7,7.05,15.12,91.86,86.3,99.6,12.11,26.99,24.93,65.89,65.5,92.59,61.57,46.36,66.38,68.17,-1.79,-2.84,-3.02,-0.18,-3.62,-2.66,,0
DZA,12,Algeria,Middle East & N. Africa,upper_middle_income,2019,43294546,15199.2,4.2,75.68,23.3,7.02,15.21,92.0,86.14,99.5,12.3,26.88,24.39,66.17,65.65,92.55,61.25,47.1,66.54,68.46,-1.91,-2.49,-2.85,-0.22,-3.47,-3.29,,0
DZA,12,Algeria,Middle East & N. Africa,upper_middle_income,2020,44042091,14194.16,3.9,73.26,22.9,6.99,15.3,92.14,85.97,99.7,14.08,26.73,25.55,64.5,65.8,92.6,57.77,45.55,65.24,68.22,-2.98,-3.31,-2.75,-0.51,-4.38,-5.49,,0
DZA,12,Algeria,Middle East & N. Africa,upper_middle_income,2021,44761099,14496.87,4.05,75.21,22.6,6.99,15.4,92.27,85.78,99.8,13.66,26.21,25.55,66.14,66.06,92.62,58.89,45.55,65.85,67.85,-1.99,-0.61,-2.18,-0.43,-4.46,-4.98,,1
DZA,12,Algeria,Middle East & N. Africa,upper_middle_income,2022,45477389,14782.2,4.16,76.13,22.3,6.99,15.49,92.32,85.83,100.0,12.38,26.1,25.55,66.99,66.31,92.72,61.5,45.55,66.61,68.7,-2.08,-1.73,-1.98,-0.63,-4.67,-4.73,3.0,1
ECU,218,Ecuador,Americas,upper_middle_income,2000,12689206,9183.05,1.74,72.09,29.6,7.32,12.86,84.76,73.02,93.7,4.8,46.21,43.21,60.81,60.11,83.83,66.08,28.01,59.77,59.18,0.58,3.43,4.48,1.42,5.77,-16.54,1.0,0
ECU,218,Ecuador,Americas,upper_middle_income,2001,12910740,9405.12,1.88,72.57,28.0,7.38,13.03,85.33,73.68,94.0,4.25,46.23,43.11,61.79,60.8,84.34,67.17,28.09,60.43,59.96,0.48,3.25,4.06,1.19,7.4,-16.77,,0
ECU,218,Ecuador,Americas,upper_middle_income,2002,13138472,9697.56,1.85,73.16,26.6,7.43,13.21,85.87,74.29,94.2,4.82,44.89,43.08,62.8,61.48,84.79,66.72,28.11,60.78,60.65,0.13,3.07,3.87,0.45,7.02,-17.03,,0
ECU,218,Ecuador,Americas,upper_middle_income,2003,13372306,9802.81,1.87,73.63,25.5,7.49,13.39,86.38,74.88,95.0,5.66,43.55,43.05,63.62,62.17,85.42,65.75,28.14,61.02,61.16,-0.14,3.26,4.1,0.57,5.79,-17.11,,0
ECU,218,Ecuador,Americas,upper_middle_income,2004,13608701,10290.66,1.97,73.87,24.5,7.55,13.57,86.79,75.46,94.8,5.0,45.84,42.93,64.23,62.86,85.68,65.87,28.22,61.37,61.65,-0.28,3.3,3.88,0.11,4.94,-17.31,,0
ECU,218,Ecuador,Americas,upper_middle_income,2005,13846163,10660.2,2.08,73.91,23.6,7.6,13.75,87.17,76.26,95.8,3.78,43.82,42.66,64.67,63.55,86.41,69.38,28.44,62.49,62.19,0.3,2.83,3.99,0.19,7.21,-17.17,,0
ECU,218,Ecuador,Americas,upper_middle_income,2006,14086131,10933.49,2.2,74.01,22.7,7.66,13.93,87.48,77.06,96.3,3.55,43.53,40.66,65.17,64.23,86.95,69.99,30.04,63.28,62.61,0.67,3.18,4.55,0.19,6.54,-15.34,,0
ECU,218,Ecuador,Americas,upper_middle_income,2007,14328773,10952.82,2.21,74.23,21.8,7.72,14.11,87.79,77.86,96.8,3.14,43.33,36.29,65.78,64.92,87.48,70.91,33.84,64.59,62.69,1.89,3.49,5.13,1.03,6.94,-11.3,,0
ECU,218,Ecuador,Americas,upper_middle_income,2008,14575202,11474.53,2.24,74.71,20.9,7.73,14.29,88.1,78.66,97.2,3.92,42.72,30.81,66.61,65.45,87.99,69.68,39.3,65.8,63.44,2.37,3.61,4.68,0.67,4.53,-6.28,3.0,0
ECU,218,Ecuador,Americas,upper_middle_income,2009,14825954,11403.53,2.39,74.9,20.0,7.74,14.47,88.41,79.46,96.5,4.61,44.37,25.53,67.23,65.99,88.12,67.43,45.57,66.87,63.68,3.19,3.62,4.36,0.23,3.35,-0.54,,0
ECU,218,Ecuador,Americas,upper_middle_income,2010,15076695,11665.7,2.54,75.19,19.1,7.85,14.65,88.71,80.26,97.5,4.09,43.9,21.73,67.95,66.85,88.82,68.72,50.96,68.66,64.09,4.57,3.95,4.74,0.58,4.98,4.78,,0
ECU,218,Ecuador,Americas,upper_middle_income,2011,15326227,12449.08,2.5,75.18,18.2,7.91,14.83,89.0,81.06,96.9,3.46,45.87,19.59,68.47,67.54,88.99,68.94,54.41,69.67,64.96,4.71,3.44,3.98,-0.67,4.67,8.86,,0
ECU,218,Ecuador,Americas,upper_middle_income,2012,15572194,12961.03,2.48,75.49,17.4,8.1,15.01,89.28,81.85,97.2,3.24,45.62,20.87,69.19,68.67,89.44,69.52,52.31,69.83,65.36,4.46,3.85,4.1,-0.68,4.93,6.04,,0
ECU,218,Ecuador,Americas,upper_middle_income,2013,15807128,13689.15,2.6,75.83,16.6,8.29,14.88,89.57,82.64,98.0,3.08,44.97,19.86,69.97,68.96,90.07,70.17,53.96,70.62,66.11,4.52,3.65,3.05,-0.93,4.71,7.25,,0
ECU,218,Ecuador,Americas,upper_middle_income,2014,16035124,14064.8,2.71,76.14,15.9,8.36,15.0,89.85,83.43,99.0,3.48,42.74,20.28,70.68,69.55,90.76,70.54,53.26,70.96,66.98,3.98,3.67,2.7,-0.67,5.66,5.54,,0
ECU,218,Ecuador,Americas,upper_middle_income,2015,16266225,13881.57,2.66,76.22,15.3,8.7,15.13,90.12,84.22,98.8,3.62,44.88,20.17,71.16,71.04,91.05,69.14,53.44,71.16,66.66,4.51,4.01,4.14,-0.42,4.88,6.49,3.0,0
ECU,218,Ecuador,Americas,upper_middle_income,2016,16505139,13586.52,2.55,76.09,14.8,8.69,15.0,90.39,85.01,98.7,4.6,48.62,20.74,71.42,70.63,91.37,65.22,52.51,70.23,66.45,3.78,4.6,3.92,0.17,0.99,5.09,,0
ECU,218,Ecuador,Americas,upper_middle_income,2017,16759519,14179.15,2.45,76.22,14.4,8.77,14.86,90.66,85.8,99.2,3.84,49.68,19.25,71.81,70.5,91.89,66.18,55.01,71.08,67.13,3.95,4.32,3.23,0.12,2.23,6.29,,0
ECU,218,Ecuador,Americas,upper_middle_income,2018,17049547,14083.51,2.48,77.25,14.1,8.78,14.73,90.93,86.59,98.7,3.53,50.27,18.39,72.83,70.18,92.08,66.48,56.53,71.62,66.98,4.64,5.35,3.16,0.61,2.05,8.63,,0
ECU,218,Ecuador,Americas,upper_middle_income,2019,17340021,13870.49,2.42,77.29,13.8,8.8,14.47,91.2,87.39,99.1,3.81,51.72,17.77,73.09,69.52,92.56,65.15,57.67,71.6,67.17,4.43,5.8,2.59,1.12,1.23,8.59,,0
ECU,218,Ecuador,Americas,upper_middle_income,2020,17546065,12440.33,2.09,72.0,13.6,8.82,14.86,91.47,88.18,98.9,6.12,52.03,16.66,69.19,70.68,92.85,60.38,59.83,70.59,66.4,4.19,3.39,4.32,1.7,-0.59,10.61,,0
ECU,218,Ecuador,Americas,upper_middle_income,2021,17682454,13507.44,2.33,72.75,13.4,9.11,14.86,91.67,88.98,100.0,4.5,52.15,16.66,69.92,71.67,93.55,63.54,59.83,71.7,66.86,4.84,4.19,4.62,1.62,0.73,10.24,,1
ECU,218,Ecuador,Americas,upper_middle_income,2022,17823897,14186.64,2.48,76.58,13.2,8.97,14.86,91.73,89.72,100.0,3.71,50.97,16.66,73.03,71.19,93.82,65.75,59.83,72.72,68.14,4.59,4.87,3.57,1.03,-0.04,10.1,3.0,1
EGY,818,Egypt,Middle East & N. Africa,lower_middle_income,2000,73083284,9981.63,1.75,67.33,47.3,6.37,10.78,98.99,91.97,97.7,8.98,15.21,59.99,52.06,51.16,96.22,74.04,17.06,58.11,60.31,-2.21,-6.55,-5.64,11.82,13.04,-28.16,1.0,0
EGY,818,Egypt,Middle East & N. Africa,lower_middle_income,2001,74652029,10117.33,1.89,67.61,44.8,6.38,10.86,98.92,92.19,97.4,9.26,12.89,60.08,52.87,51.42,96.17,74.7,17.01,58.43,60.96,-2.53,-6.75,-6.39,11.26,14.33,-28.46,,0
EGY,818,Egypt,Middle East & N. Africa,lower_middle_income,2002,76239137,10143.51,1.9,67.85,42.5,6.38,10.89,98.85,92.4,97.5,10.01,14.64,60.33,53.62,51.52,96.25,72.28,16.87,58.11,61.27,-3.16,-6.76,-6.78,10.95,12.19,-28.66,,0
EGY,818,Egypt,Middle East & N. Africa,lower_middle_income,2003,77853548,10250.38,1.9,68.04,40.4,6.39,10.73,98.78,92.62,98.8,10.91,16.55,60.72,54.32,51.12,96.73,69.47,16.65,57.66,61.78,-4.12,-6.71,-7.65,10.87,9.19,-29.01,,0
EGY,818,Egypt,Middle East & N. Africa,lower_middle_income,2004,79477443,10451.82,2.02,68.21,38.6,6.4,10.78,98.71,92.83,97.8,10.32,18.5,61.24,54.95,51.29,96.45,69.63,16.37,57.74,61.86,-4.13,-6.22,-7.92,10.54,8.58,-29.31,,0
EGY,818,Egypt,Middle East & N. Africa,lower_middle_income,2005,81101004,10700.61,2.2,68.36,37.0,6.41,10.84,98.64,93.05,99.4,11.05,17.57,61.85,55.52,51.48,97.03,68.65,16.04,57.74,62.24,-4.5,-6.38,-8.13,10.72,6.46,-29.61,,0
EGY,818,Egypt,Middle East & N. Africa,lower_middle_income,2006,82700403,11211.83,2.28,68.49,35.6,6.42,10.9,98.57,93.26,99.0,10.49,17.09,63.78,56.04,51.68,96.94,70.03,15.01,57.94,62.95,-5.01,-6.32,-8.4,9.65,6.36,-30.61,,0
EGY,818,Egypt,Middle East & N. Africa,lower_middle_income,2007,84276225,11782.01,2.4,68.63,34.2,6.66,10.96,98.5,93.47,98.4,8.8,19.62,67.46,56.58,52.64,96.79,72.07,13.14,58.24,63.66,-5.41,-6.68,-8.3,9.12,7.39,-32.72,,0
EGY,818,Egypt,Middle East & N. Africa,lower_middle_income,2008,85864789,12391.58,2.35,68.76,32.8,6.9,11.02,98.43,93.68,99.8,8.52,19.14,71.63,57.14,53.61,97.3,72.89,11.14,58.41,64.48,-6.06,-6.94,-8.37,8.59,6.97,-35.25,1.0,0
EGY,818,Egypt,Middle East & N. Africa,lower_middle_income,2009,87501636,12728.08,2.4,68.92,31.6,7.13,11.08,98.36,93.89,98.9,9.09,18.48,75.05,57.66,54.57,97.05,72.1,9.58,58.19,65.09,-6.9,-7.48,-8.79,7.35,7.17,-37.7,,0
EGY,818,Egypt,Middle East & N. Africa,lower_middle_income,2010,89196072,13128.99,2.37,69.08,30.5,7.37,11.2,98.28,94.1,99.4,8.76,17.24,76.47,58.17,55.69,97.26,73.41,8.96,58.7,65.55,-6.85,-7.45,-8.26,7.17,8.85,-38.43,,0
EGY,818,Egypt,Middle East & N. Africa,lower_middle_income,2011,91093059,13082.43,2.41,69.23,29.5,7.61,11.21,98.21,94.31,99.4,11.85,17.31,62.05,58.65,56.51,97.31,67.19,15.93,59.12,65.57,-6.45,-7.07,-7.83,6.99,2.5,-30.19,,0
EGY,818,Egypt,Middle East & N. Africa,lower_middle_income,2012,93161001,13076.81,2.5,69.46,28.6,7.85,11.58,98.14,94.52,99.7,12.6,16.02,61.72,59.17,58.33,97.46,66.38,16.11,59.49,65.47,-5.99,-6.31,-6.38,7.22,1.71,-30.27,,0
EGY,818,Egypt,Middle East & N. Africa,lower_middle_income,2013,95333553,13058.07,2.4,69.63,27.8,8.09,11.81,98.07,94.73,99.9,13.15,20.5,70.15,59.6,59.77,97.57,62.9,11.84,58.34,65.51,-7.17,-6.03,-5.36,7.19,-2.12,-34.31,,0
EGY,818,Egypt,Middle East & N. Africa,lower_middle_income,2014,97528654,13136.37,2.39,69.91,27.1,8.33,11.74,98.0,94.94,99.8,13.1,19.65,66.12,60.09,60.37,97.58,63.45,13.81,59.06,66.11,-7.05,-5.93,-5.34,7.11,-0.78,-33.15,,0
EGY,818,Egypt,Middle East & N. Africa,lower_middle_income,2015,99597342,13425.91,2.4,70.14,26.5,8.57,11.89,97.93,95.15,99.3,13.05,19.65,67.65,60.51,61.58,97.46,63.55,13.05,59.23,66.22,-6.99,-6.14,-4.77,6.39,-0.34,-33.46,1.0,0
EGY,818,Egypt,Middle East & N. Africa,lower_middle_income,2016,101644589,13727.32,2.46,70.44,26.0,8.81,12.04,97.85,95.36,100.0,12.45,19.75,61.46,60.95,62.79,97.74,64.71,16.25,60.49,66.59,-6.1,-6.01,-4.1,6.34,0.4,-31.31,,0
EGY,818,Egypt,Middle East & N. Africa,lower_middle_income,2017,103696057,14018.36,2.52,70.71,25.6,9.05,12.16,97.78,95.57,100.0,11.77,21.56,58.94,61.33,63.94,97.78,65.12,17.65,61.16,66.98,-5.81,-6.0,-3.13,6.18,1.27,-30.92,,0
EGY,818,Egypt,Middle East & N. Africa,lower_middle_income,2018,105682094,14488.21,2.42,70.97,25.2,9.31,12.43,97.71,95.78,100.0,9.86,18.9,65.46,61.7,65.56,97.83,70.34,14.14,61.91,67.38,-5.47,-6.19,-1.98,5.85,5.71,-34.14,,0
EGY,818,Egypt,Middle East & N. Africa,lower_middle_income,2019,107553158,15026.57,2.2,71.21,24.8,9.57,12.67,97.64,96.0,100.0,7.85,19.51,67.75,62.06,67.11,97.88,74.03,13.0,62.82,68.3,-5.48,-6.43,-1.2,5.25,9.43,-37.24,,0
EGY,818,Egypt,Middle East & N. Africa,lower_middle_income,2020,109315124,15309.24,2.25,69.79,24.4,9.85,12.91,97.57,96.21,100.0,7.97,18.46,54.86,61.14,68.69,97.93,74.34,20.04,64.43,69.26,-4.83,-7.82,-1.13,3.85,11.51,-32.04,,0
EGY,818,Egypt,Middle East & N. Africa,lower_middle_income,2021,110957008,15579.02,2.36,68.98,24.0,9.85,12.91,97.5,96.43,100.0,7.44,23.67,54.86,60.69,68.69,97.98,72.66,20.04,64.01,68.83,-4.81,-7.12,-0.73,4.1,8.64,-31.42,,1
EGY,818,Egypt,Middle East & N. Africa,lower_middle_income,2022,112618250,16360.39,2.3,71.01,23.5,9.85,12.91,97.43,96.65,100.0,6.55,23.06,54.86,62.49,68.69,98.03,74.77,20.04,64.8,70.06,-5.26,-7.62,-1.23,3.63,7.54,-31.6,3.0,1
ESP,724,Spain,Europe & Central Asia,high_income,2000,40567864,39945.9,7.65,78.97,5.4,7.85,15.86,100.0,99.81,100.0,13.78,15.07,16.02,84.57,70.23,99.94,64.5,61.13,76.07,77.11,-1.04,6.31,-4.73,1.73,-15.5,4.67,3.0,0
ESP,724,Spain,Europe & Central Asia,high_income,2001,40850412,41224.29,7.6,79.37,5.3,8.04,15.92,100.0,99.81,100.0,10.35,14.81,15.85,85.09,71.05,99.94,71.51,61.49,77.81,78.04,-0.23,5.82,-5.21,1.55,-9.33,4.38,,0
ESP,724,Spain,Europe & Central Asia,high_income,2002,41431558,41766.04,7.93,79.57,5.1,8.24,15.97,100.0,99.82,100.0,11.15,13.96,15.56,85.66,71.83,99.94,70.36,62.09,77.98,78.41,-0.44,5.74,-5.19,1.48,-10.15,3.97,,0
ESP,724,Spain,Europe & Central Asia,high_income,2003,42187645,42223.13,7.96,79.62,5.0,8.44,15.89,100.0,99.83,100.0,11.28,13.33,15.21,85.91,72.27,99.94,70.42,62.86,78.28,78.61,-0.33,5.62,-5.57,1.48,-9.41,4.16,,0
ESP,724,Spain,Europe & Central Asia,high_income,2004,42921895,42793.39,8.21,79.87,4.9,8.64,15.93,100.0,99.83,100.0,11.09,13.2,14.83,86.33,73.05,99.94,70.87,63.71,78.78,78.83,-0.05,5.5,-5.0,1.55,-8.78,4.32,,0
ESP,724,Spain,Europe & Central Asia,high_income,2005,43653155,43570.77,8.43,80.17,4.7,8.92,15.98,100.0,99.84,100.0,9.15,13.22,14.46,87.01,74.14,99.95,74.75,64.55,80.08,79.18,0.9,5.78,-4.81,1.58,-5.19,4.47,,0
ESP,724,Spain,Europe & Central Asia,high_income,2006,44397319,44572.68,8.07,80.82,4.5,9.03,15.93,100.0,99.85,100.0,8.45,12.93,14.02,87.98,74.35,99.95,76.29,65.58,80.83,79.88,0.95,6.33,-5.24,1.57,-4.72,4.84,,0
ESP,724,Spain,Europe & Central Asia,high_income,2007,45226803,45301.28,8.21,80.87,4.4,9.12,15.91,100.0,99.86,100.0,8.23,12.64,13.49,88.26,74.6,99.95,76.88,66.87,81.31,80.57,0.74,6.28,-5.45,1.65,-5.29,5.52,,0
ESP,724,Spain,Europe & Central Asia,high_income,2008,45954106,44926.35,7.4,81.18,4.2,9.19,15.87,100.0,99.86,100.0,11.25,12.74,12.97,89.0,74.72,99.95,70.79,68.17,80.53,80.9,-0.37,6.56,-5.65,1.67,-11.66,6.33,4.0,0
ESP,724,Spain,Europe & Central Asia,high_income,2009,46362946,42852.22,6.48,81.48,4.0,9.25,15.96,100.0,99.87,100.0,17.86,12.11,12.58,89.76,75.17,99.96,57.91,69.19,78.4,80.23,-1.83,6.68,-5.26,1.61,-21.26,6.65,,0
ESP,724,Spain,Europe & Central Asia,high_income,2010,46576897,42695.53,6.18,81.63,3.8,9.36,16.4,100.0,99.88,100.0,19.86,12.12,12.43,90.44,76.77,99.96,53.9,69.6,78.13,80.2,-2.07,7.1,-4.13,1.62,-24.36,6.96,,0
ESP,724,Spain,Europe & Central Asia,high_income,2011,46742697,42271.83,6.19,82.48,3.7,9.48,16.75,100.0,99.88,100.0,21.39,11.84,13.42,91.38,78.15,99.96,50.99,67.04,77.5,80.36,-2.85,7.74,-3.25,1.62,-27.89,5.77,,0
ESP,724,Spain,Europe & Central Asia,high_income,2012,46773055,41034.05,6.09,82.43,3.6,9.51,16.99,99.99,99.89,100.0,24.79,12.3,12.04,91.64,78.9,99.96,43.95,70.67,77.02,80.35,-3.33,8.12,-2.59,1.7,-34.36,7.06,,0
ESP,724,Spain,Europe & Central Asia,high_income,2013,46604197,40594.91,5.5,83.08,3.5,9.62,17.16,99.96,99.9,100.0,26.09,12.65,11.25,92.45,79.73,99.95,43.34,72.93,77.68,80.57,-2.9,8.71,-2.67,1.66,-34.92,8.44,,0
ESP,724,Spain,Europe & Central Asia,high_income,2014,46460733,41339.41,5.49,83.23,3.4,9.72,17.29,99.93,99.91,100.0,24.44,13.01,10.58,92.88,80.41,99.94,44.27,74.98,78.5,81.23,-2.73,8.58,-2.35,1.52,-34.54,9.6,,0
ESP,724,Spain,Europe & Central Asia,high_income,2015,46422303,43053.76,5.85,82.83,3.3,9.91,17.4,99.93,99.91,100.0,22.06,12.58,11.26,92.89,81.39,99.95,49.27,72.91,79.28,81.7,-2.41,8.1,-1.95,1.42,-30.51,7.2,4.0,0
ESP,724,Spain,Europe & Central Asia,high_income,2016,46458139,44274.67,5.66,83.33,3.3,10.01,17.44,99.93,99.92,100.0,19.64,11.98,10.34,93.28,81.81,99.95,54.42,75.75,81.04,82.75,-1.71,7.86,-2.04,1.29,-26.27,7.22,,0
ESP,724,Spain,Europe & Central Asia,high_income,2017,46571232,45446.25,5.98,83.28,3.2,10.08,17.48,99.93,99.92,100.0,17.22,11.95,10.44,93.58,82.14,99.95,59.26,75.44,82.07,83.14,-1.07,7.7,-2.2,1.22,-22.43,7.42,,0
ESP,724,Spain,Europe & Central Asia,high_income,2018,46782011,46325.21,5.81,83.43,3.2,10.14,17.52,99.93,99.92,100.0,15.26,11.43,10.18,93.69,82.47,99.95,63.47,76.25,83.17,83.51,-0.34,7.52,-2.32,1.19,-19.28,8.05,,0
ESP,724,Spain,Europe & Central Asia,high_income,2019,47118501,46896.42,5.4,83.83,3.2,10.37,17.5,99.93,99.92,100.0,14.1,11.11,9.35,94.0,83.19,99.95,65.95,79.09,84.44,84.17,0.27,7.48,-2.03,1.15,-17.18,8.68,,0
ESP,724,Spain,Europe & Central Asia,high_income,2020,47359424,41553.45,4.53,82.23,3.2,10.61,17.47,99.93,99.92,100.0,15.53,11.58,9.58,92.77,83.88,99.95,62.84,78.29,83.55,83.19,0.36,7.61,-0.92,1.18,-17.03,8.53,,0
ESP,724,Spain,Europe & Central Asia,high_income,2021,47443821,44251.67,4.92,83.18,3.2,10.61,17.81,99.93,99.92,100.0,14.91,11.44,9.58,93.5,84.82,99.95,64.15,78.29,84.14,83.29,0.85,8.55,-0.29,1.15,-16.51,8.49,,1
ESP,724,Spain,Europe & Central Asia,high_income,2022,47786102,46733.48,4.99,83.13,3.2,10.61,17.81,99.93,99.92,100.0,13.03,10.83,9.58,93.46,84.82,99.95,68.23,78.29,84.95,84.04,0.92,7.59,-0.49,1.09,-14.66,8.09,4.0,1
EST,233,Estonia,Europe & Central Asia,high_income,2000,1396985,20528.57,12.76,70.42,11.0,12.18,15.16,97.47,99.76,100.0,13.36,8.78,11.82,70.27,82.7,99.07,68.66,71.29,78.4,70.27,8.13,0.02,15.27,4.59,-0.71,19.58,3.0,0
EST,233,Estonia,Europe & Central Asia,high_income,2001,1388115,21874.69,13.15,70.26,10.1,12.35,15.66,97.61,99.76,100.0,13.13,8.69,11.39,71.08,84.65,99.12,69.16,72.51,79.3,71.41,7.9,-0.63,15.41,4.11,-1.0,20.27,,0
EST,233,Estonia,Europe & Central Asia,high_income,2002,1379350,23539.91,12.7,70.9,9.3,12.52,15.95,97.75,99.75,100.0,10.03,8.41,10.87,72.47,86.03,99.17,75.52,74.09,81.46,72.41,9.04,-0.62,15.13,3.7,4.42,21.08,,0
EST,233,Estonia,Europe & Central Asia,high_income,2003,1370720,25487.53,14.27,71.32,8.5,12.69,16.09,97.89,99.71,100.0,11.29,8.42,10.33,73.76,86.99,99.2,72.99,75.78,81.74,73.54,8.2,-0.64,14.3,3.21,1.38,21.71,,0
EST,233,Estonia,Europe & Central Asia,high_income,2004,1362550,27384.08,14.71,71.91,7.8,12.86,16.25,98.04,99.65,100.0,10.25,8.47,9.88,75.15,88.01,99.23,75.05,77.27,82.94,74.36,8.58,-0.38,14.36,2.95,2.22,22.46,,0
EST,233,Estonia,Europe & Central Asia,high_income,2005,1354775,30164.01,14.81,72.57,7.1,13.03,16.49,98.18,99.58,100.0,8.03,7.89,9.61,76.68,89.24,99.26,79.78,78.21,84.63,75.56,9.07,-0.21,13.93,2.57,5.17,22.23,,0
EST,233,Estonia,Europe & Central Asia,high_income,2006,1346810,33304.59,14.43,72.69,6.5,13.2,16.46,98.33,99.52,100.0,5.92,7.53,9.49,77.73,89.72,99.28,84.2,78.6,85.91,76.9,9.01,-0.35,13.03,2.21,7.3,21.34,,0
EST,233,Estonia,Europe & Central Asia,high_income,2007,1340680,35989.86,17.18,72.81,5.9,13.22,16.43,98.48,99.46,100.0,4.59,7.25,9.43,78.88,89.71,99.31,87.0,78.83,86.75,78.05,8.7,-0.18,12.08,2.06,8.13,20.44,,0
EST,233,Estonia,Europe & Central Asia,high_income,2008,1337090,34236.95,15.62,73.77,5.4,13.25,16.3,98.63,99.4,100.0,5.46,6.98,9.38,80.58,89.45,99.34,85.42,79.01,86.76,77.86,8.9,1.69,11.99,2.29,6.76,20.85,4.0,0
EST,233,Estonia,Europe & Central Asia,high_income,2009,1334515,29284.4,13.07,74.82,5.0,13.32,16.32,98.77,99.34,100.0,13.55,7.4,9.29,82.22,89.73,99.37,69.01,79.31,83.93,76.05,7.88,4.21,13.46,2.74,-4.69,22.16,,0
EST,233,Estonia,Europe & Central Asia,high_income,2010,1331475,30070.3,16.68,75.43,4.6,13.33,16.51,98.92,99.28,100.0,16.71,7.59,9.14,83.59,90.29,99.4,62.59,79.88,83.15,76.19,6.96,5.11,13.52,2.64,-10.49,22.44,,0
EST,233,Estonia,Europe & Central Asia,high_income,2011,1327439,32456.12,16.83,76.23,4.2,13.4,16.64,99.08,99.22,100.0,12.33,7.7,8.28,85.2,90.87,99.43,71.29,83.18,85.99,77.32,8.68,5.19,12.59,2.18,-3.79,25.47,,0
EST,233,Estonia,Europe & Central Asia,high_income,2012,1322696,33768.57,16.05,76.33,3.9,13.45,16.61,99.23,99.16,100.0,10.02,7.78,7.99,86.08,90.96,99.46,75.86,84.35,87.34,77.99,9.35,5.28,11.86,2.04,0.43,23.99,,0
EST,233,Estonia,Europe & Central Asia,high_income,2013,1317997,34484.22,17.93,77.14,3.6,13.54,16.5,99.38,99.1,100.0,8.63,7.73,8.08,87.57,90.96,99.49,78.67,83.97,88.13,78.59,9.55,6.06,10.62,1.86,2.67,22.64,,0
EST,233,Estonia,Europe & Central Asia,high_income,2014,1314545,35723.63,17.31,77.03,3.4,13.44,16.27,99.54,99.04,100.0,7.35,7.64,8.71,88.11,90.0,99.53,81.27,81.48,88.08,79.43,8.65,5.86,9.04,1.65,4.52,18.95,,0
EST,233,Estonia,Europe & Central Asia,high_income,2015,1315407,36356.44,15.98,77.59,3.2,13.49,16.12,99.69,99.04,100.0,6.41,7.57,7.18,89.2,89.74,99.58,83.19,87.9,89.92,79.73,10.2,6.62,8.4,1.6,5.74,25.36,4.0,0
EST,233,Estonia,Europe & Central Asia,high_income,2016,1315790,37470.04,15.65,77.64,3.0,13.51,15.95,99.85,99.03,100.0,6.88,7.49,6.88,89.94,89.35,99.63,82.29,89.35,90.11,80.73,9.38,6.72,7.48,1.44,3.81,24.26,,0
EST,233,Estonia,Europe & Central Asia,high_income,2017,1317384,39533.46,16.67,78.09,2.8,13.56,15.81,99.93,99.03,100.0,5.81,7.53,6.15,91.03,89.11,99.65,84.42,93.06,91.46,81.46,9.99,6.97,6.44,1.3,4.64,27.68,,0
EST,233,Estonia,Europe & Central Asia,high_income,2018,1321977,40853.65,17.89,78.24,2.7,13.66,15.75,99.95,99.03,100.0,5.41,7.33,7.8,91.54,89.28,99.66,85.32,85.17,90.19,81.96,8.23,6.97,6.03,1.21,4.35,19.49,,0
EST,233,Estonia,Europe & Central Asia,high_income,2019,1326898,42218.96,11.65,78.65,2.5,13.6,15.74,99.97,99.03,100.0,4.51,7.17,6.84,92.69,89.06,99.67,87.2,89.52,91.63,82.89,8.74,7.52,5.15,1.11,5.66,21.17,,0
EST,233,Estonia,Europe & Central Asia,high_income,2020,1329522,40920.53,9.13,78.6,2.4,13.55,15.78,99.99,99.03,100.0,6.96,7.33,6.15,93.09,88.98,99.67,82.23,93.11,91.42,83.0,8.42,8.14,4.38,0.94,2.59,23.65,,0
EST,233,Estonia,Europe & Central Asia,high_income,2021,1330932,44251.54,9.71,76.94,2.3,13.55,15.94,100.0,99.03,100.0,6.18,7.09,6.15,92.29,89.45,99.68,83.91,93.11,91.69,83.29,8.39,7.34,4.33,0.88,3.25,23.31,,1
EST,233,Estonia,Europe & Central Asia,high_income,2022,1348840,43128.63,11.13,77.84,2.2,13.55,15.94,100.0,99.02,100.0,5.57,6.84,6.15,93.46,89.45,99.67,85.26,93.11,92.19,83.06,9.14,8.61,5.19,0.97,3.54,24.51,4.0,1
ETH,231,Ethiopia,Sub-Saharan Africa,low_income,2000,67411494,810.27,0.06,50.88,140.1,1.48,4.22,18.76,2.97,12.7,3.5,89.57,27.33,27.62,16.67,11.47,45.86,43.3,28.98,26.3,2.69,7.62,-2.6,2.61,-1.96,9.69,0.0,0
ETH,231,Ethiopia,Sub-Saharan Africa,low_income,2001,69487762,851.31,0.07,51.43,133.8,1.56,4.73,20.29,3.23,10.2,3.16,89.72,27.46,28.54,18.34,11.24,46.46,43.15,29.54,26.82,2.73,7.58,-2.4,2.24,-1.48,9.39,,0
ETH,231,Ethiopia,Sub-Saharan Africa,low_income,2002,71635517,838.3,0.07,52.08,127.4,1.63,5.02,21.81,3.49,11.9,3.05,89.91,27.53,29.58,19.4,12.4,46.57,43.05,30.2,27.17,3.03,7.96,-2.09,3.73,-1.24,8.44,,0
ETH,231,Ethiopia,Sub-Saharan Africa,low_income,2003,73832663,795.77,0.07,52.88,121.0,1.71,5.18,23.33,3.75,13.5,3.01,90.2,27.59,30.75,20.07,13.53,46.51,42.98,30.77,27.41,3.36,8.6,-2.25,4.99,-1.11,7.96,,0
ETH,231,Ethiopia,Sub-Saharan Africa,low_income,2004,76077206,877.11,0.08,53.74,114.6,1.79,5.51,24.85,4.03,15.2,2.78,90.35,27.66,32.0,21.25,14.69,46.89,42.9,31.55,28.54,3.01,7.55,-2.84,3.85,-0.74,7.82,,0
ETH,231,Ethiopia,Sub-Saharan Africa,low_income,2005,78367470,952.12,0.07,54.36,108.3,1.86,6.31,26.36,4.32,14.0,2.5,90.52,27.78,33.09,23.76,14.89,47.36,42.75,32.37,29.6,2.77,6.75,-2.22,2.24,-0.36,7.55,,0
ETH,231,Ethiopia,Sub-Saharan Africa,low_income,2006,80703490,1024.73,0.07,55.4,102.4,1.94,6.85,27.87,4.6,18.6,2.34,90.26,28.09,34.5,25.5,17.02,47.82,42.39,33.45,30.57,2.88,6.6,-2.39,2.22,0.21,7.29,,0
ETH,231,Ethiopia,Sub-Saharan Africa,low_income,2007,83103217,1109.14,0.08,56.57,96.9,2.02,7.38,29.38,4.89,20.3,2.34,89.95,28.63,36.0,27.25,18.19,47.99,41.75,34.23,31.46,2.77,6.65,-1.97,1.4,0.22,7.04,,0
ETH,231,Ethiopia,Sub-Saharan Africa,low_income,2008,85543668,1193.75,0.08,57.73,91.8,2.06,7.91,30.99,5.2,22.0,2.33,89.58,29.31,37.48,28.85,19.39,48.2,40.97,34.98,32.3,2.68,7.07,-1.84,0.79,0.05,6.32,0.0,0
ETH,231,Ethiopia,Sub-Saharan Africa,low_income,2009,88007636,1262.46,0.08,58.72,87.1,2.1,7.94,32.59,5.51,23.7,2.33,89.22,30.04,38.81,29.05,20.6,48.39,40.15,35.4,32.74,2.66,6.38,-2.87,0.65,-0.23,5.63,,0
ETH,231,Ethiopia,Sub-Saharan Africa,low_income,2010,90538514,1381.19,0.08,59.71,82.7,2.13,8.02,34.18,5.82,25.5,2.3,88.83,30.72,40.13,29.4,21.83,48.65,39.4,35.88,34.01,1.88,6.85,-4.01,0.15,-0.2,5.16,,0
ETH,231,Ethiopia,Sub-Saharan Africa,low_income,2011,93149970,1492.53,0.09,60.6,78.6,2.17,8.2,35.77,6.13,23.0,2.27,88.44,31.43,41.37,30.01,21.64,48.91,38.64,36.11,34.82,1.29,6.12,-4.28,-2.86,-0.33,6.95,,0
ETH,231,Ethiopia,Sub-Saharan Africa,low_income,2012,95798767,1576.77,0.09,61.44,74.8,2.22,8.27,37.35,6.45,29.0,2.25,88.07,32.64,42.56,30.38,24.27,49.14,37.37,36.74,35.44,1.3,5.92,-4.62,-2.1,-0.29,7.31,,0
ETH,231,Ethiopia,Sub-Saharan Africa,low_income,2013,98438751,1696.87,0.11,62.16,71.2,2.27,8.46,38.92,6.76,30.8,2.25,87.73,32.2,43.65,31.08,25.49,49.33,37.82,37.47,37.86,-0.39,5.63,-5.48,-4.53,-0.86,3.23,,0
ETH,231,Ethiopia,Sub-Saharan Africa,low_income,2014,101115610,1821.39,0.12,62.93,67.7,2.32,8.66,40.48,7.08,27.2,2.36,87.26,29.71,44.78,31.8,24.92,49.35,40.51,38.27,38.53,-0.26,6.06,-5.85,-7.29,-1.1,6.21,,0
ETH,231,Ethiopia,Sub-Saharan Africa,low_income,2015,103867135,1957.41,0.13,63.59,64.4,2.38,8.86,42.03,7.4,29.0,2.44,86.81,31.44,45.84,32.53,26.14,49.43,38.62,38.51,38.74,-0.23,5.37,-6.3,-8.45,-1.3,9.74,0.0,0
ETH,231,Ethiopia,Sub-Saharan Africa,low_income,2016,106718162,2084.84,0.15,64.16,61.3,2.43,9.07,43.57,7.71,42.9,2.56,86.36,30.93,46.81,33.27,31.39,49.43,39.17,40.02,40.3,-0.28,5.21,-6.61,-5.34,-1.79,8.47,,0
ETH,231,Ethiopia,Sub-Saharan Africa,low_income,2017,109666481,2222.83,0.14,64.77,58.4,2.41,9.28,45.1,8.04,44.3,2.66,85.95,30.41,47.8,33.8,32.48,49.43,39.73,40.65,41.61,-0.96,5.33,-6.99,-6.77,-2.22,6.89,,0
ETH,231,Ethiopia,Sub-Saharan Africa,low_income,2018,112664152,2311.17,0.16,65.26,55.8,2.4,9.49,46.63,8.36,44.8,2.81,85.57,30.26,48.67,34.35,33.26,49.34,39.9,41.11,42.66,-1.55,5.14,-7.19,-8.54,-2.81,6.4,,0
ETH,231,Ethiopia,Sub-Saharan Africa,low_income,2019,115737383,2437.97,0.16,65.74,53.6,2.38,9.71,48.15,8.68,48.0,2.93,85.22,28.69,49.48,34.91,34.94,49.29,41.68,42.06,43.65,-1.59,4.79,-7.57,-8.46,-2.99,6.24,,0
ETH,231,Ethiopia,Sub-Saharan Africa,low_income,2020,118917671,2516.55,0.15,65.97,51.5,2.39,9.94,49.66,9.01,51.1,4.0,85.74,27.31,50.09,35.58,36.59,46.88,43.33,42.49,44.43,-1.93,4.82,-8.3,-9.61,-4.07,8.47,,0
ETH,231,Ethiopia,Sub-Saharan Africa,low_income,2021,122138588,2588.41,0.16,65.33,70.4,2.39,9.94,51.15,9.34,54.2,3.94,85.34,27.31,46.21,35.58,38.23,47.22,43.33,42.11,44.73,-2.62,0.95,-8.45,-9.93,-4.02,8.45,,1
ETH,231,Ethiopia,Sub-Saharan Africa,low_income,2022,125384287,2655.59,0.15,66.9,68.1,2.39,9.94,52.64,9.68,55.4,3.39,85.06,27.31,47.77,35.58,39.24,48.46,43.33,42.88,45.42,-2.55,0.74,-8.54,-10.19,-4.41,8.26,0.0,1
FIN,246,Finland,Europe & Central Asia,high_income,2000,5176209,46968.84,11.11,77.47,4.3,11.42,17.68,100.0,99.45,100.0,11.13,10.67,8.01,85.89,87.19,99.82,72.12,84.29,85.86,78.64,7.22,5.81,10.63,0.79,-10.54,26.86,4.0,0
FIN,246,Finland,Europe & Central Asia,high_income,2001,5188008,48099.3,12.25,77.97,4.2,11.64,17.98,100.0,99.45,100.0,10.29,10.14,7.92,86.53,88.76,99.82,74.08,84.65,86.77,79.59,7.17,5.49,10.92,0.66,-9.39,26.43,,0
FIN,246,Finland,Europe & Central Asia,high_income,2002,5200598,48792.49,12.64,78.12,4.1,11.87,18.08,100.0,99.45,100.0,10.42,9.97,7.83,86.91,89.56,99.82,73.91,85.04,87.05,79.97,7.08,5.22,11.03,0.6,-9.2,25.56,,0
FIN,246,Finland,Europe & Central Asia,high_income,2003,5213014,49655.55,14.21,78.37,4.0,12.09,18.29,100.0,99.45,100.0,10.47,9.82,7.73,87.37,90.3,99.82,73.89,85.44,87.36,80.15,7.21,5.27,10.99,0.61,-8.63,25.29,,0
FIN,246,Finland,Europe & Central Asia,high_income,2004,5228172,51494.71,13.48,78.71,3.9,12.14,17.11,100.0,99.45,100.0,10.36,9.56,7.64,87.91,88.0,99.82,74.25,85.86,87.17,80.54,6.63,5.03,8.41,0.61,-8.29,24.64,,0
FIN,246,Finland,Europe & Central Asia,high_income,2005,5246096,52744.05,11.1,78.82,3.7,12.18,17.19,100.0,99.45,100.0,9.6,9.56,7.54,88.56,88.36,99.82,75.77,86.3,87.76,80.94,6.82,5.18,7.76,0.63,-6.99,24.1,,0
FIN,246,Finland,Europe & Central Asia,high_income,2006,5266268,54653.98,13.26,79.21,3.6,12.23,17.18,100.0,99.45,100.0,8.94,9.97,7.43,89.17,88.48,99.82,76.88,86.76,88.22,81.85,6.38,5.13,7.11,0.58,-7.01,23.58,,0
FIN,246,Finland,Europe & Central Asia,high_income,2007,5288720,57313.29,12.87,79.26,3.5,12.28,17.13,100.0,99.45,100.0,6.85,9.87,7.33,89.51,88.5,99.82,81.1,87.24,89.23,83.08,6.15,4.6,6.16,0.48,-4.43,22.82,,0
FIN,246,Finland,Europe & Central Asia,high_income,2008,5313399,57494.59,11.26,79.57,3.3,12.33,17.1,100.0,99.45,100.0,6.37,9.27,7.22,90.38,88.6,99.82,82.38,87.74,89.79,83.53,6.26,4.83,5.9,0.46,-3.49,22.56,4.0,0
FIN,246,Finland,Europe & Central Asia,high_income,2009,5338871,52599.15,10.69,79.72,3.2,12.37,16.89,100.0,99.45,100.0,8.25,10.24,7.11,90.84,88.14,99.82,78.11,88.27,89.03,82.32,6.72,5.18,5.86,0.62,-4.1,22.86,,0
FIN,246,Finland,Europe & Central Asia,high_income,2010,5363352,54017.95,12.28,79.87,3.0,12.42,17.02,100.0,99.45,100.0,8.39,10.61,6.99,91.65,88.67,99.82,77.63,88.81,89.32,82.7,6.62,5.38,5.6,0.56,-4.23,22.79,,0
FIN,246,Finland,Europe & Central Asia,high_income,2011,5388272,55053.39,10.81,80.47,2.9,12.46,17.11,100.0,99.45,100.0,7.78,9.96,6.87,92.48,89.06,99.82,79.2,89.39,89.99,83.23,6.76,5.63,5.21,0.55,-3.51,24.74,,0
FIN,246,Finland,Europe & Central Asia,high_income,2012,5413971,53957.67,9.67,80.63,2.8,12.49,17.11,100.0,99.45,100.0,7.69,10.09,6.23,92.98,89.14,99.82,79.31,92.65,90.78,83.35,7.43,6.16,5.07,0.6,-3.07,24.96,,0
FIN,246,Finland,Europe & Central Asia,high_income,2013,5438972,53183.43,9.81,80.98,2.6,12.55,19.33,100.0,99.45,100.0,8.19,10.36,5.85,94.06,91.83,99.82,78.16,94.74,91.72,83.57,8.16,7.13,6.74,0.63,-3.93,25.61,,0
FIN,246,Finland,Europe & Central Asia,high_income,2014,5461512,52710.73,9.05,81.18,2.6,12.6,19.25,100.0,99.45,100.0,8.66,9.99,6.12,94.21,92.0,99.82,77.41,93.26,91.34,83.9,7.44,7.05,6.89,0.68,-4.79,23.58,,0
FIN,246,Finland,Europe & Central Asia,high_income,2015,5479531,52782.49,8.39,81.48,2.5,12.63,19.31,100.0,99.45,100.0,9.38,10.98,5.63,94.87,92.11,99.82,75.47,96.07,91.67,83.87,7.8,7.69,6.74,0.74,-7.07,26.86,4.0,0
FIN,246,Finland,Europe & Central Asia,high_income,2016,5495303,53984.63,8.88,81.43,2.4,12.69,19.31,100.0,99.45,100.0,8.82,10.56,5.28,95.27,92.29,99.82,76.81,98.19,92.48,84.99,7.48,7.46,6.35,0.66,-6.48,25.92,,0
FIN,246,Finland,Europe & Central Asia,high_income,2017,5508214,55637.23,8.36,81.63,2.4,12.74,19.37,100.0,99.45,100.0,8.64,9.94,5.13,95.43,92.46,99.82,77.49,99.16,92.87,85.41,7.46,7.07,5.92,0.6,-6.85,27.62,,0
FIN,246,Finland,Europe & Central Asia,high_income,2018,5515525,56226.34,8.6,81.73,2.4,12.81,19.45,100.0,99.45,100.0,7.36,9.83,5.5,95.51,92.69,99.82,80.1,96.84,92.99,85.76,7.23,6.98,5.72,0.61,-5.27,25.01,,0
FIN,246,Finland,Europe & Central Asia,high_income,2019,5521606,56922.49,7.99,81.98,2.4,12.87,19.04,100.0,99.45,100.0,6.7,9.98,5.38,95.7,92.91,99.82,81.36,97.56,93.47,86.41,7.06,6.77,5.41,0.61,-4.55,23.56,,0
FIN,246,Finland,Europe & Central Asia,high_income,2020,5529543,55424.86,7.14,81.93,2.4,12.93,19.05,100.0,99.45,100.0,7.76,10.28,4.9,95.66,93.1,99.82,79.07,100.0,93.53,86.58,6.94,6.88,4.71,0.55,-4.99,24.84,,0
FIN,246,Finland,Europe & Central Asia,high_income,2021,5541017,56790.38,7.09,81.89,2.4,12.93,19.23,100.0,99.45,100.0,7.62,10.54,4.9,95.62,93.1,99.82,79.22,100.0,93.55,86.15,7.4,7.47,4.93,0.61,-4.93,25.66,,1
FIN,246,Finland,Europe & Central Asia,high_income,2022,5556106,57068.31,6.68,81.19,2.4,12.93,19.23,100.0,99.45,100.0,6.72,10.31,4.9,95.09,93.1,99.82,81.14,100.0,93.83,86.3,7.53,6.82,5.39,0.63,-4.52,26.13,4.0,1
FRA,250,France,Europe & Central Asia,high_income,2000,60918661,45922.48,6.58,79.06,5.4,9.47,14.94,100.0,98.66,100.0,10.22,7.03,16.09,84.64,73.06,99.55,75.86,60.99,78.82,78.43,0.4,4.81,-3.27,0.64,-6.42,3.69,4.0,0
FRA,250,France,Europe & Central Asia,high_income,2001,61364377,46454.87,6.6,79.16,5.2,9.66,14.85,100.0,98.66,100.0,8.61,6.61,15.88,85.13,73.46,99.55,79.3,61.42,79.77,79.24,0.53,4.49,-4.02,0.57,-3.58,3.45,,0
FRA,250,France,Europe & Central Asia,high_income,2002,61812142,46610.78,6.46,79.26,5.1,9.85,14.78,100.0,98.66,100.0,8.7,6.51,15.64,85.42,73.91,99.55,79.17,61.93,80.0,79.51,0.48,4.25,-4.18,0.56,-3.18,2.85,,0
FRA,250,France,Europe & Central Asia,high_income,2003,62249855,46730.98,6.5,79.11,4.9,10.05,14.87,100.0,98.66,100.0,8.31,6.81,15.39,85.74,74.79,99.55,79.8,62.47,80.47,79.58,0.9,4.32,-3.98,0.62,-1.71,2.87,,0
FRA,250,France,Europe & Central Asia,high_income,2004,62707588,47720.44,6.47,80.16,4.8,10.24,14.86,100.0,98.66,100.0,8.91,6.61,15.13,86.77,75.39,99.55,78.69,63.03,80.69,79.84,0.85,4.73,-3.57,0.68,-2.66,2.57,,0
FRA,250,France,Europe & Central Asia,high_income,2005,63180854,48257.47,6.45,80.16,4.6,10.32,15.43,100.0,98.66,100.0,8.88,6.53,14.89,87.24,77.26,99.55,78.8,63.57,81.28,80.13,1.15,4.85,-2.58,0.74,-2.65,2.36,,0
FRA,250,France,Europe & Central Asia,high_income,2006,63622342,49223.25,6.24,80.81,4.5,10.44,15.42,100.0,98.66,100.0,8.83,6.9,14.63,87.97,77.64,99.55,78.7,64.16,81.61,80.84,0.76,5.15,-2.83,0.75,-3.71,2.25,,0
FRA,250,France,Europe & Central Asia,high_income,2007,64016890,50157.78,6.09,81.11,4.4,10.57,15.35,100.0,98.66,100.0,8.01,6.58,14.33,88.45,77.88,99.55,80.52,64.84,82.25,81.67,0.58,5.19,-3.18,0.8,-3.11,2.18,,0
FRA,250,France,Europe & Central Asia,high_income,2008,64375116,50068.3,5.94,81.21,4.4,10.65,15.3,100.0,98.66,100.0,7.39,5.96,14.06,88.53,78.01,99.55,82.09,65.49,82.73,82.06,0.67,4.71,-3.41,0.79,-1.87,2.19,4.0,0
FRA,250,France,Europe & Central Asia,high_income,2009,64706436,48404.97,5.72,81.41,4.3,10.63,15.27,100.0,98.66,100.0,9.12,6.48,13.86,88.93,77.86,99.55,78.34,65.97,82.13,81.48,0.65,4.31,-3.68,0.7,-2.63,1.73,,0
FRA,250,France,Europe & Central Asia,high_income,2010,65026211,49130.42,5.8,81.66,4.2,10.78,15.38,100.0,98.66,100.0,9.28,7.04,13.78,89.38,78.65,99.55,77.73,66.16,82.3,81.71,0.59,4.27,-3.58,0.66,-2.67,1.51,,0
FRA,250,France,Europe & Central Asia,high_income,2011,65340830,50085.68,5.57,82.11,4.2,10.85,15.42,100.0,98.65,100.0,9.23,7.19,13.8,89.73,79.0,99.55,77.76,66.12,82.43,82.21,0.22,3.97,-4.04,0.6,-3.57,2.68,,0
FRA,250,France,Europe & Central Asia,high_income,2012,65657659,49935.63,5.56,81.97,4.1,10.94,15.49,100.0,98.65,100.0,9.84,7.12,12.56,89.87,79.48,99.55,76.57,69.26,82.95,82.52,0.43,3.93,-3.94,0.59,-4.65,2.71,,0
FRA,250,France,Europe & Central Asia,high_income,2013,65997932,50066.53,5.46,82.22,4.1,11.08,15.46,100.0,98.65,100.0,9.91,6.97,12.46,90.07,79.88,99.55,76.5,69.53,83.11,82.91,0.19,3.8,-4.66,0.55,-4.72,1.41,,0
FRA,250,France,Europe & Central Asia,high_income,2014,66312067,50326.57,4.93,82.72,4.1,11.23,15.44,100.0,98.65,100.0,10.27,7.37,10.69,90.45,80.31,99.55,75.58,74.64,84.11,83.4,0.7,3.8,-4.38,0.54,-5.97,5.77,,0
FRA,250,France,Europe & Central Asia,high_income,2015,66548272,50682.9,4.99,82.32,4.2,11.33,15.51,100.0,98.65,100.0,10.35,7.32,11.34,89.88,80.87,99.55,75.44,72.65,83.68,83.44,0.24,3.17,-4.11,0.58,-6.55,4.14,4.0,0
FRA,250,France,Europe & Central Asia,high_income,2016,66724104,50984.08,5.02,82.57,4.2,11.35,15.62,100.0,98.65,100.0,10.06,7.56,10.51,90.08,81.23,99.55,75.91,75.21,84.4,84.36,0.04,2.94,-4.12,0.53,-6.63,4.0,,0
FRA,250,France,Europe & Central Asia,high_income,2017,66918020,51895.57,5.06,82.58,4.2,11.41,15.74,100.0,98.65,100.0,9.41,7.41,10.46,90.08,81.76,99.55,77.28,75.37,84.81,84.64,0.16,2.56,-4.05,0.5,-6.15,5.01,,0
FRA,250,France,Europe & Central Asia,high_income,2018,67158348,52560.95,4.89,82.68,4.2,11.51,15.84,100.0,98.65,100.0,9.02,7.42,10.46,90.16,82.38,99.55,78.06,75.36,85.1,84.99,0.11,2.43,-3.85,0.5,-6.42,4.78,,0
FRA,250,France,Europe & Central Asia,high_income,2019,67382061,53448.55,4.79,82.83,4.2,11.61,15.87,100.0,98.65,100.0,8.41,7.85,9.83,90.27,82.78,99.55,79.04,77.45,85.82,85.69,0.12,2.12,-4.0,0.48,-5.99,4.61,,0
FRA,250,France,Europe & Central Asia,high_income,2020,67601110,49311.33,4.25,82.18,4.2,11.69,15.93,100.0,98.65,100.0,8.01,8.2,9.6,89.77,83.22,99.55,79.67,78.22,86.09,85.23,0.85,2.44,-3.75,0.48,-2.73,5.22,,0
FRA,250,France,Europe & Central Asia,high_income,2021,67842811,52517.34,4.67,82.32,4.3,11.69,15.99,100.0,98.65,100.0,7.87,7.67,9.6,89.63,83.37,99.55,80.22,78.22,86.2,85.29,0.91,2.46,-3.87,0.46,-2.88,5.26,,1
FRA,250,France,Europe & Central Asia,high_income,2022,68184457,53673.81,4.51,82.13,4.3,11.69,15.99,100.0,98.65,100.0,7.3,8.08,9.6,89.48,83.37,99.55,81.14,78.22,86.35,85.62,0.73,1.94,-3.62,0.46,-3.68,5.46,4.0,1
GAB,266,Gabon,Sub-Saharan Africa,upper_middle_income,2000,1275572,21717.22,5.18,61.81,73.3,6.15,11.5,80.07,26.82,73.6,17.85,42.26,28.01,43.06,52.45,60.16,42.06,42.48,48.04,70.9,-22.86,-27.93,-15.71,-34.63,-28.19,-9.77,1.0,0
GAB,266,Gabon,Sub-Saharan Africa,upper_middle_income,2001,1309589,21604.78,5.15,61.98,71.5,6.3,11.55,80.57,27.95,77.2,17.83,41.24,27.92,43.46,53.09,61.91,42.64,42.58,48.74,71.27,-22.53,-28.1,-15.99,-33.04,-27.31,-9.54,,0
GAB,266,Gabon,Sub-Saharan Africa,upper_middle_income,2002,1345135,20981.48,4.81,62.18,69.6,6.46,11.59,81.06,29.1,77.8,17.38,40.22,27.7,43.9,53.73,62.65,44.08,42.85,49.44,71.13,-21.69,-27.74,-15.8,-32.21,-25.2,-8.93,,0
GAB,266,Gabon,Sub-Saharan Africa,upper_middle_income,2003,1382350,20875.45,5.31,62.46,67.7,6.61,11.64,81.54,30.27,78.5,17.13,39.16,27.42,44.42,54.37,63.44,45.14,43.19,50.11,71.21,-21.09,-27.32,-15.71,-31.38,-23.43,-8.63,,0
GAB,266,Gabon,Sub-Saharan Africa,upper_middle_income,2004,1421609,20438.93,4.66,62.69,65.6,6.77,11.68,82.0,31.46,79.2,17.11,38.08,27.16,44.94,55.01,64.22,45.74,43.51,50.69,70.82,-20.14,-26.44,-14.76,-30.27,-22.9,-7.77,,0
GAB,266,Gabon,Sub-Saharan Africa,upper_middle_income,2005,1463495,20385.29,4.37,62.98,63.6,6.92,11.73,82.45,32.67,81.6,16.91,36.95,26.99,45.5,55.65,65.58,46.73,43.71,51.43,70.77,-19.34,-25.75,-14.29,-28.67,-22.63,-7.5,,0
GAB,266,Gabon,Sub-Saharan Africa,upper_middle_income,2006,1508337,19224.13,3.78,63.26,61.8,7.05,11.77,82.89,33.9,80.5,17.8,35.88,26.89,46.03,56.21,65.76,45.51,43.85,51.47,70.03,-18.56,-23.88,-12.79,-27.81,-24.08,-6.7,,0
GAB,266,Gabon,Sub-Saharan Africa,upper_middle_income,2007,1556237,19751.88,3.33,63.62,59.7,7.18,11.82,83.32,35.15,81.3,18.26,34.73,26.77,46.68,56.77,66.59,45.21,43.99,51.85,70.42,-18.58,-23.59,-12.51,-26.94,-25.28,-6.72,,0
GAB,266,Gabon,Sub-Saharan Africa,upper_middle_income,2008,1607175,18493.09,3.43,64.01,57.6,7.31,11.87,83.73,36.42,82.0,19.21,33.65,26.66,47.37,57.33,67.38,43.86,44.13,52.01,69.79,-17.78,-22.25,-11.32,-25.61,-26.58,-6.15,1.0,0
GAB,266,Gabon,Sub-Saharan Africa,upper_middle_income,2009,1661556,17911.15,3.28,64.36,55.6,7.44,11.91,84.13,37.7,82.7,19.76,32.59,26.58,48.02,57.89,68.18,43.33,44.23,52.33,69.61,-17.28,-22.2,-11.28,-25.06,-24.52,-6.53,,0
GAB,266,Gabon,Sub-Saharan Africa,upper_middle_income,2010,1719879,18530.58,3.46,64.72,53.4,7.57,11.96,84.52,39.0,89.3,20.39,31.52,26.55,48.73,58.45,70.94,42.63,44.27,53.01,69.92,-16.91,-22.03,-11.29,-22.55,-24.57,-6.6,,0
GAB,266,Gabon,Sub-Saharan Africa,upper_middle_income,2011,1781985,19153.09,3.27,65.1,51.3,7.85,12.01,84.9,40.32,88.7,19.9,31.41,27.17,49.47,59.52,71.31,43.68,43.5,53.49,70.4,-16.91,-22.18,-11.2,-22.62,-24.54,-6.77,,0
GAB,266,Gabon,Sub-Saharan Africa,upper_middle_income,2012,1846889,19450.4,3.19,65.44,49.4,8.13,12.05,85.27,41.66,89.3,19.66,31.29,26.83,50.13,60.59,72.07,44.21,43.92,54.19,70.53,-16.35,-21.73,-10.64,-21.98,-24.06,-7.14,,0
GAB,266,Gabon,Sub-Saharan Africa,upper_middle_income,2013,1913059,19836.46,3.18,65.75,47.3,8.42,12.1,85.62,43.01,86.4,19.74,31.14,27.78,50.85,61.66,71.68,44.14,42.76,54.22,70.98,-16.76,-21.67,-10.53,-22.7,-24.86,-8.49,,0
GAB,266,Gabon,Sub-Saharan Africa,upper_middle_income,2014,1978399,20008.99,3.17,66.07,45.8,8.7,12.15,85.97,44.38,87.1,19.87,30.99,26.27,51.44,62.74,72.48,43.95,44.62,55.04,71.56,-16.51,-21.44,-10.0,-22.13,-24.78,-7.31,,0
GAB,266,Gabon,Sub-Saharan Africa,upper_middle_income,2015,2040989,20147.71,3.16,66.34,44.4,8.98,12.19,86.29,45.76,87.3,19.94,30.83,30.74,51.98,63.81,73.12,43.89,39.38,54.43,71.65,-17.21,-21.19,-9.2,-21.64,-24.83,-12.44,1.0,0
GAB,266,Gabon,Sub-Saharan Africa,upper_middle_income,2016,2100306,19988.18,3.12,66.58,42.7,9.09,12.24,86.61,47.15,88.1,20.12,30.69,29.77,52.6,64.32,73.95,43.61,40.45,54.99,71.82,-16.84,-20.37,-8.64,-20.92,-25.46,-12.26,,0
GAB,266,Gabon,Sub-Saharan Africa,upper_middle_income,2017,2156900,19555.71,2.67,66.82,41.4,9.21,12.29,86.91,48.56,86.3,20.31,30.59,27.17,53.11,64.83,73.92,43.29,43.5,55.73,71.59,-15.86,-19.48,-7.71,-20.78,-25.01,-9.39,,0
GAB,266,Gabon,Sub-Saharan Africa,upper_middle_income,2018,2212318,19225.6,2.45,67.04,39.9,9.32,12.34,87.2,49.99,89.6,20.46,30.51,27.04,53.69,65.35,75.59,43.02,43.66,56.26,71.32,-15.06,-18.68,-6.89,-19.05,-25.43,-8.21,,0
GAB,266,Gabon,Sub-Saharan Africa,upper_middle_income,2019,2267706,19491.41,2.49,67.34,38.5,9.44,12.39,87.47,51.42,90.3,20.37,30.43,27.52,54.3,65.86,76.4,43.24,43.06,56.57,71.95,-15.38,-18.34,-6.74,-18.51,-24.91,-10.8,,0
GAB,266,Gabon,Sub-Saharan Africa,upper_middle_income,2020,2322539,18681.48,2.38,67.07,36.8,9.55,12.43,87.74,52.87,91.1,21.28,30.54,29.95,54.59,66.37,77.24,41.37,40.24,55.96,72.02,-16.06,-17.63,-6.6,-18.3,-24.65,-14.59,,0
GAB,266,Gabon,Sub-Saharan Africa,upper_middle_income,2021,2376722,18523.58,2.26,67.07,35.8,9.55,12.43,88.0,54.34,91.8,21.22,29.97,29.95,54.89,66.37,78.04,41.78,40.24,56.26,71.18,-14.91,-15.63,-5.78,-17.1,-24.56,-13.54,,1
GAB,266,Gabon,Sub-Saharan Africa,upper_middle_income,2022,2430747,18662.05,2.3,67.71,34.7,9.55,12.43,88.24,55.81,93.5,20.32,29.95,29.95,55.72,66.37,79.18,43.6,40.24,57.02,71.79,-14.76,-16.26,-5.58,-16.1,-25.33,-13.19,1.0,1
GBR,826,UK,Europe & Central Asia,high_income,2000,58892514,43115.56,9.37,77.74,6.5,10.7,16.0,100.0,99.13,100.0,5.56,9.69,16.11,81.62,80.09,99.71,83.78,60.95,81.23,77.83,3.4,2.5,4.38,1.11,2.53,4.04,4.0,0
GBR,826,UK,Europe & Central Asia,high_income,2001,59119673,43976.84,9.52,77.99,6.4,10.95,16.03,100.0,99.13,100.0,4.7,9.61,15.82,81.98,81.05,99.71,85.55,61.54,81.97,78.69,3.27,1.97,4.12,1.0,3.61,3.96,,0
GBR,826,UK,Europe & Central Asia,high_income,2002,59370479,44539.46,9.22,78.14,6.3,11.21,16.13,100.0,99.13,100.0,5.04,9.64,15.51,82.27,82.15,99.71,84.85,62.2,82.24,79.06,3.18,1.62,4.5,0.93,3.27,3.52,,0
GBR,826,UK,Europe & Central Asia,high_income,2003,59647577,45759.4,9.4,78.45,6.2,11.46,16.11,100.0,99.13,100.0,4.81,10.1,15.18,82.67,82.95,99.71,85.07,62.93,82.67,79.38,3.29,1.48,4.37,0.88,3.91,3.51,,0
GBR,826,UK,Europe & Central Asia,high_income,2004,59987905,46558.13,9.35,78.75,6.1,11.71,16.55,100.0,99.13,100.0,4.59,10.18,14.83,83.08,85.03,99.71,85.45,63.7,83.4,79.61,3.78,1.32,6.27,0.94,4.49,3.49,,0
GBR,826,UK,Europe & Central Asia,high_income,2005,60401206,47529.94,9.26,79.05,6.0,11.97,16.61,100.0,99.12,100.0,4.88,10.05,14.47,83.49,86.04,99.71,84.94,64.52,83.74,79.99,3.75,1.28,6.33,0.96,3.72,3.48,,0
GBR,826,UK,Europe & Central Asia,high_income,2006,60846820,48215.05,9.2,79.25,5.9,12.25,16.03,100.0,99.12,100.0,5.47,10.29,14.03,83.83,85.36,99.71,83.64,65.55,83.62,80.64,2.98,1.25,5.07,1.0,1.52,3.88,,0
GBR,826,UK,Europe & Central Asia,high_income,2007,61322463,49243.25,8.98,79.45,5.8,12.53,15.9,100.0,99.12,100.0,5.4,10.49,13.5,84.17,85.94,99.71,83.68,66.83,84.06,81.47,2.59,1.14,5.06,1.03,0.31,4.41,,0
GBR,826,UK,Europe & Central Asia,high_income,2008,61806995,48833.07,8.64,79.6,5.6,12.81,16.05,100.0,99.12,100.0,5.75,10.53,13.0,84.67,87.29,99.71,82.96,68.12,84.55,81.8,2.75,1.16,6.11,1.06,-0.65,5.16,4.0,0
GBR,826,UK,Europe & Central Asia,high_income,2009,62276270,46241.8,7.76,80.05,5.4,13.09,16.22,100.0,99.12,100.0,7.68,10.82,12.61,85.41,88.69,99.71,78.94,69.12,84.37,81.01,3.36,1.36,7.55,1.04,-1.36,5.52,,0
GBR,826,UK,Europe & Central Asia,high_income,2010,62766365,46917.89,7.98,80.4,5.2,13.21,16.46,100.0,99.12,100.0,7.97,11.36,12.46,86.09,89.76,99.71,78.08,69.52,84.63,81.22,3.41,1.55,7.95,0.99,-1.62,5.53,,0
GBR,826,UK,Europe & Central Asia,high_income,2011,63258810,46949.02,7.26,80.95,5.0,13.19,15.78,100.0,99.12,100.0,8.2,11.67,13.01,86.94,87.79,99.71,77.47,68.08,84.0,81.51,2.49,1.96,5.35,0.98,-2.92,5.46,,0
GBR,826,UK,Europe & Central Asia,high_income,2012,63711000,47328.21,7.56,80.9,4.8,13.34,15.7,100.0,99.12,100.0,8.28,12.13,11.48,87.34,88.07,99.71,77.06,72.24,84.88,81.94,2.95,2.03,5.13,0.92,-3.37,6.49,,0
GBR,826,UK,Europe & Central Asia,high_income,2013,64139000,47820.28,7.33,81.0,4.6,12.83,17.67,100.0,99.11,100.0,7.75,11.98,11.39,87.88,91.86,99.7,78.19,72.51,86.03,82.41,3.62,2.14,7.74,0.85,-2.38,5.18,,0
GBR,826,UK,Europe & Central Asia,high_income,2014,64620000,48964.29,6.66,81.3,4.5,12.89,17.5,100.0,99.11,100.0,6.4,12.71,10.81,88.35,91.58,99.7,80.52,74.27,86.88,83.11,3.78,2.01,7.13,0.77,-0.65,5.87,,0
GBR,826,UK,Europe & Central Asia,high_income,2015,65088000,49652.72,6.39,80.96,4.5,12.98,17.31,100.0,99.11,100.0,5.55,12.54,10.46,88.08,91.34,99.7,82.29,75.36,87.36,83.23,4.13,1.6,6.56,0.79,0.58,7.19,4.0,0
GBR,826,UK,Europe & Central Asia,high_income,2016,65607000,50346.86,5.97,81.16,4.4,13.07,17.36,100.0,99.11,100.0,4.91,12.87,10.04,88.48,91.79,99.7,83.41,76.74,88.03,84.22,3.81,1.49,6.57,0.72,1.03,5.77,,0
GBR,826,UK,Europe & Central Asia,high_income,2017,65966000,51586.68,5.77,81.26,4.4,13.16,17.41,100.0,99.11,100.0,4.5,12.97,10.38,88.56,92.24,99.7,84.17,75.61,88.06,84.58,3.48,1.11,6.49,0.67,0.81,5.36,,0
GBR,826,UK,Europe & Central Asia,high_income,2018,66289000,52131.69,5.64,81.26,4.4,13.24,17.15,100.0,99.11,100.0,4.14,13.03,10.24,88.56,91.78,99.7,84.85,76.07,88.19,84.9,3.3,0.94,5.65,0.67,0.48,5.64,,0
GBR,826,UK,Europe & Central Asia,high_income,2019,66631000,52515.68,5.39,81.37,4.4,13.32,17.18,100.0,99.11,100.0,3.66,12.87,9.95,88.65,92.14,99.7,85.91,77.04,88.69,85.49,3.2,0.71,5.57,0.67,1.14,4.52,,0
GBR,826,UK,Europe & Central Asia,high_income,2020,66744000,47158.99,4.79,80.33,4.4,13.41,17.17,100.0,99.11,100.0,4.47,12.49,9.91,87.85,92.38,99.7,84.48,77.15,88.31,84.71,3.6,1.08,5.96,0.71,2.73,4.98,,0
GBR,826,UK,Europe & Central Asia,high_income,2021,66984000,51004.43,5.04,80.65,4.4,13.41,17.63,100.0,99.11,100.0,4.86,11.79,9.91,88.09,93.67,99.7,84.07,77.15,88.54,84.96,3.58,1.29,6.77,0.66,1.37,4.71,,1
GBR,826,UK,Europe & Central Asia,high_income,2022,67604000,53139.15,4.81,81.01,4.5,13.41,17.63,100.0,99.1,100.0,3.77,11.75,9.91,88.13,93.67,99.7,86.28,77.15,88.99,85.51,3.48,0.7,6.8,0.63,1.59,4.57,4.0,1
GEO,268,Georgia,Europe & Central Asia,upper_middle_income,2000,4077131,5706.27,1.28,70.09,35.8,11.81,12.59,94.06,76.04,99.8,10.82,59.94,15.65,57.21,74.33,89.97,46.81,61.92,66.05,51.75,14.3,7.4,26.19,22.49,-9.72,22.18,1.0,0
GEO,268,Georgia,Europe & Central Asia,upper_middle_income,2001,4014373,6074.09,0.97,70.37,33.4,11.86,12.87,94.16,76.35,99.8,11.16,62.37,15.49,58.18,75.29,90.1,44.85,62.26,66.14,53.06,13.08,6.68,25.66,20.44,-11.54,21.91,,0
GEO,268,Georgia,Europe & Central Asia,upper_middle_income,2002,3978515,6464.33,0.9,70.44,30.9,11.92,13.11,94.29,76.73,99.9,12.59,62.45,15.34,59.08,76.13,90.31,41.95,62.58,66.01,54.45,11.56,5.87,25.07,18.06,-14.95,21.47,,0
GEO,268,Georgia,Europe & Central Asia,upper_middle_income,2003,3951736,7227.74,1.0,71.38,28.3,11.98,13.32,94.45,77.21,100.0,11.51,64.34,15.23,60.75,76.93,90.55,43.12,62.81,66.83,56.6,10.23,5.25,23.74,13.99,-14.75,20.58,,0
GEO,268,Georgia,Europe & Central Asia,upper_middle_income,2004,3927340,7693.92,1.1,71.01,25.8,12.03,13.51,94.6,77.86,99.9,12.62,64.8,15.19,61.47,77.64,90.79,40.65,62.91,66.69,57.4,9.3,5.19,23.18,12.82,-18.17,20.23,,0
GEO,268,Georgia,Europe & Central Asia,upper_middle_income,2005,3902469,8485.59,1.28,70.69,23.3,12.09,13.76,94.74,78.52,97.9,13.81,64.05,15.23,62.33,78.54,90.39,38.67,62.82,66.55,58.9,7.65,4.08,22.57,9.78,-21.69,19.47,,0
GEO,268,Georgia,Europe & Central Asia,upper_middle_income,2006,3880347,9337.99,1.46,70.98,21.0,12.15,13.51,94.88,79.17,100.0,13.57,64.27,15.42,63.69,78.02,91.35,39.04,62.4,66.9,60.34,6.56,4.11,20.81,8.4,-23.07,18.62,,0
GEO,268,Georgia,Europe & Central Asia,upper_middle_income,2007,3860158,10567.27,1.71,70.98,19.0,12.21,13.94,95.02,79.82,100.0,13.28,61.78,15.82,64.78,79.42,91.61,40.93,61.56,67.66,62.17,5.49,3.05,20.18,6.05,-22.74,16.79,,0
GEO,268,Georgia,Europe & Central Asia,upper_middle_income,2008,3848449,10856.1,1.48,70.95,17.1,12.27,13.44,95.16,80.47,100.0,17.87,59.5,16.44,65.89,78.22,91.88,32.95,60.27,65.84,62.69,3.15,3.66,18.33,5.52,-31.63,15.27,1.0,0
GEO,268,Georgia,Europe & Central Asia,upper_middle_income,2009,3814419,10553.09,1.7,71.06,15.5,12.32,13.87,95.3,81.11,100.0,20.71,59.18,17.31,67.04,79.62,92.14,27.43,58.54,64.95,62.63,2.32,4.56,19.23,5.71,-36.04,13.29,,0
GEO,268,Georgia,Europe & Central Asia,upper_middle_income,2010,3786695,11294.37,1.67,71.73,14.2,12.38,14.12,95.44,81.76,100.0,20.2,57.63,18.45,68.51,80.48,92.4,29.26,56.42,65.42,63.65,1.77,4.99,18.87,4.87,-34.24,10.59,,0
GEO,268,Georgia,Europe & Central Asia,upper_middle_income,2011,3756441,12288.68,2.02,72.48,13.1,12.44,14.36,95.57,82.4,100.0,19.63,56.92,22.2,69.97,81.34,92.66,30.78,50.24,65.0,64.8,0.2,5.11,17.98,3.22,-33.39,4.84,,0
GEO,268,Georgia,Europe & Central Asia,upper_middle_income,2012,3728874,13193.96,2.22,72.67,12.2,12.5,14.6,95.71,83.05,100.0,19.65,55.23,23.06,70.88,82.2,92.92,31.63,48.97,65.32,65.59,-0.27,5.28,17.35,2.59,-33.12,2.48,,0
GEO,268,Georgia,Europe & Central Asia,upper_middle_income,2013,3717668,13913.0,2.46,73.03,11.5,12.56,14.84,95.84,83.69,100.0,19.42,56.34,22.25,71.8,83.08,93.18,31.52,50.16,65.95,66.32,-0.37,5.22,16.9,2.01,-34.1,3.25,,0
GEO,268,Georgia,Europe & Central Asia,upper_middle_income,2014,3719414,14475.31,2.65,73.1,11.0,12.62,15.16,95.97,84.33,100.0,17.44,54.97,20.98,72.34,84.18,93.43,36.19,52.13,67.65,67.34,0.32,4.9,16.85,1.67,-28.98,4.08,,0
GEO,268,Georgia,Europe & Central Asia,upper_middle_income,2015,3725276,14936.84,2.86,73.24,10.6,12.72,15.39,96.1,84.96,100.0,16.51,52.52,20.33,72.85,85.15,93.69,39.34,53.18,68.84,67.61,1.23,4.63,17.05,1.38,-25.7,5.29,3.0,0
GEO,268,Georgia,Europe & Central Asia,upper_middle_income,2016,3727505,15442.96,2.96,73.14,10.2,12.81,15.56,96.23,85.6,100.0,16.6,51.98,19.31,73.18,85.94,93.94,39.44,54.89,69.48,68.2,1.28,4.49,17.15,1.17,-26.25,5.75,,0
GEO,268,Georgia,Europe & Central Asia,upper_middle_income,2017,3728004,16237.62,3.0,73.44,10.0,12.87,15.81,96.36,86.24,100.0,13.94,49.82,18.53,73.63,86.84,94.2,45.9,56.26,71.37,68.98,2.39,4.13,17.33,0.92,-19.66,5.8,,0
GEO,268,Georgia,Europe & Central Asia,upper_middle_income,2018,3726549,17228.68,2.99,73.98,9.8,13.34,16.01,96.49,86.87,99.9,12.67,47.36,18.45,74.27,88.94,94.42,49.74,56.41,72.76,69.76,2.99,3.76,18.49,0.53,-16.91,5.98,,0
GEO,268,Georgia,Europe & Central Asia,upper_middle_income,2019,3720161,18186.88,3.2,74.17,9.6,12.82,16.34,96.61,87.51,100.0,11.56,47.91,17.62,74.63,88.14,94.71,51.66,57.96,73.42,70.96,2.46,3.17,16.66,0.25,-15.34,5.08,,0
GEO,268,Georgia,Europe & Central Asia,upper_middle_income,2020,3722716,17031.14,3.1,73.51,9.4,12.78,16.27,96.74,88.15,100.0,11.73,47.76,17.04,74.36,87.8,94.96,51.4,59.06,73.52,70.72,2.8,3.7,16.29,0.02,-13.05,5.54,,0
GEO,268,Georgia,Europe & Central Asia,upper_middle_income,2021,3708610,18915.65,3.33,71.64,9.2,12.74,16.58,96.88,88.78,100.0,11.78,47.75,17.04,73.15,88.53,95.22,51.3,59.06,73.45,71.45,2.0,2.3,16.04,-0.07,-15.31,5.03,,1
GEO,268,Georgia,Europe & Central Asia,upper_middle_income,2022,3712502,20966.53,3.63,74.14,9.0,12.7,16.73,97.02,89.42,100.0,11.62,47.23,17.04,75.32,88.8,95.48,51.9,59.06,74.11,73.28,0.83,1.65,15.1,-0.49,-18.6,4.15,3.0,1
GHA,288,Ghana,Sub-Saharan Africa,lower_middle_income,2000,19637087,3327.35,0.31,58.14,99.9,6.87,7.17,65.52,5.72,43.7,10.46,77.01,63.11,36.87,42.84,38.31,38.55,15.37,34.39,42.62,-8.23,-3.31,3.61,-9.29,-13.97,-19.24,0.0,0
GHA,288,Ghana,Sub-Saharan Africa,lower_middle_income,2001,20167069,3369.51,0.32,58.4,95.8,6.94,6.86,66.27,5.81,44.8,9.62,76.72,61.76,37.53,42.19,38.96,40.39,16.09,35.03,42.95,-7.92,-3.42,2.34,-8.69,-11.98,-18.58,,0
GHA,288,Ghana,Sub-Saharan Africa,lower_middle_income,2002,20729388,3425.62,0.37,58.71,91.9,7.0,7.19,67.29,6.75,46.8,8.71,76.41,58.51,38.22,43.32,40.28,42.36,17.89,36.41,43.56,-7.14,-3.6,2.71,-8.42,-10.34,-17.13,,0
GHA,288,Ghana,Sub-Saharan Africa,lower_middle_income,2003,21296705,3507.75,0.34,59.01,88.2,7.06,7.13,68.3,7.71,48.3,7.73,76.08,54.55,38.9,43.34,41.44,44.5,20.23,37.68,44.13,-6.45,-3.58,2.14,-8.5,-8.64,-15.06,,0
GHA,288,Ghana,Sub-Saharan Africa,lower_middle_income,2004,21868298,3607.37,0.31,59.32,85.0,7.13,7.57,69.32,8.69,50.8,6.76,75.74,51.08,39.53,44.77,42.94,46.62,22.42,39.26,44.74,-5.48,-3.47,2.59,-7.97,-7.17,-13.46,,0
GHA,288,Ghana,Sub-Saharan Africa,lower_middle_income,2005,22449438,3721.31,0.32,59.64,82.0,7.19,8.22,70.34,9.68,41.3,5.82,75.36,49.3,40.17,46.8,40.44,48.71,23.61,39.95,45.31,-5.36,-3.76,4.11,-11.92,-5.74,-12.37,,0
GHA,288,Ghana,Sub-Saharan Africa,lower_middle_income,2006,23040702,3857.86,0.38,59.98,79.1,7.27,8.65,71.37,10.69,55.1,4.9,74.93,48.79,40.82,48.24,45.72,50.77,23.96,41.9,46.24,-4.34,-4.03,4.68,-8.45,-4.45,-12.28,,0
GHA,288,Ghana,Sub-Saharan Africa,lower_middle_income,2007,23642279,3923.13,0.39,60.28,76.2,7.35,9.31,72.39,11.72,56.9,5.1,74.61,48.36,41.46,50.35,47.0,50.53,24.25,42.72,46.57,-3.85,-3.95,6.27,-7.21,-4.94,-12.19,,0
GHA,288,Ghana,Sub-Saharan Africa,lower_middle_income,2008,24249946,4174.78,0.36,60.58,73.1,7.42,9.91,73.42,12.77,60.5,5.14,74.23,48.03,42.14,52.27,48.9,50.64,24.48,43.69,47.85,-4.17,-4.35,6.93,-7.99,-5.56,-12.61,0.0,0
GHA,288,Ghana,Sub-Saharan Africa,lower_middle_income,2009,24862664,4269.16,0.4,60.93,69.8,7.5,10.02,74.44,13.84,61.1,5.36,73.92,47.82,42.91,52.83,49.79,50.37,24.62,44.11,48.39,-4.29,-4.59,6.53,-8.0,-5.89,-12.82,,0
GHA,288,Ghana,Sub-Saharan Africa,lower_middle_income,2010,25474995,4495.69,0.44,61.3,66.5,7.58,10.35,75.47,14.92,64.2,5.38,73.59,47.75,43.72,54.02,51.53,50.5,24.67,44.89,49.12,-4.23,-4.54,6.82,-6.9,-5.81,-12.9,,0
GHA,288,Ghana,Sub-Saharan Africa,lower_middle_income,2011,26095088,5005.37,0.46,61.62,63.3,7.37,10.68,76.5,16.01,64.1,4.21,72.78,52.8,44.5,54.25,52.21,53.27,21.32,45.11,50.89,-5.78,-5.82,5.21,-9.69,-3.64,-15.1,,0
GHA,288,Ghana,Sub-Saharan Africa,lower_middle_income,2012,26734268,5339.71,0.54,62.0,60.3,7.16,10.94,77.53,17.13,56.5,3.13,72.18,56.96,45.32,54.26,50.39,55.76,18.79,44.9,51.65,-6.74,-6.07,4.14,-13.62,-1.44,-17.17,,0
GHA,288,Ghana,Sub-Saharan Africa,lower_middle_income,2013,27386193,5593.77,0.56,62.4,57.5,6.95,11.07,78.57,18.26,70.7,2.17,71.72,44.73,46.15,53.94,55.84,57.91,26.86,48.14,52.75,-4.61,-6.15,3.21,-9.83,0.19,-11.13,,0
GHA,288,Ghana,Sub-Saharan Africa,lower_middle_income,2014,28041592,5619.07,0.53,62.83,54.9,6.75,10.72,79.6,19.4,78.3,4.4,71.2,43.96,46.98,52.27,59.1,53.72,27.43,47.9,53.02,-5.11,-5.74,1.31,-6.5,-3.71,-11.38,,0
GHA,288,Ghana,Sub-Saharan Africa,lower_middle_income,2015,28696068,5607.37,0.54,63.18,52.5,6.54,11.18,80.63,20.56,74.0,6.81,70.76,68.01,47.73,52.84,58.4,49.14,12.87,44.2,52.62,-8.43,-5.26,1.55,-7.68,-7.96,-22.52,0.0,0
GHA,288,Ghana,Sub-Saharan Africa,lower_middle_income,2016,29356742,5666.08,0.55,63.52,50.3,6.33,11.1,81.67,21.73,79.3,5.26,69.12,62.89,48.47,51.93,60.9,53.11,15.48,45.98,53.1,-7.12,-5.0,0.3,-5.12,-4.39,-21.21,,0
GHA,288,Ghana,Sub-Saharan Africa,lower_middle_income,2017,30008354,5993.63,0.58,63.83,48.2,6.12,10.99,82.7,22.91,79.0,3.37,67.22,60.36,49.16,50.92,61.54,57.88,16.85,47.27,54.37,-7.1,-5.27,-1.58,-6.97,0.02,-21.92,,0
GHA,288,Ghana,Sub-Saharan Africa,lower_middle_income,2018,30637585,6234.51,0.62,64.14,46.1,6.22,10.96,83.73,24.11,80.4,3.2,65.37,56.0,49.89,51.19,62.75,59.18,19.35,48.47,55.0,-6.53,-5.36,-2.1,-7.3,0.62,-19.53,,0
GHA,288,Ghana,Sub-Saharan Africa,lower_middle_income,2019,31258945,6508.25,0.65,64.46,44.1,6.33,11.29,84.77,25.33,83.5,3.07,63.6,49.66,50.61,52.46,64.53,60.39,23.37,50.27,56.18,-5.91,-5.5,-1.85,-6.97,1.76,-17.29,,0
GHA,288,Ghana,Sub-Saharan Africa,lower_middle_income,2020,31887809,6412.69,0.72,64.31,42.2,6.43,11.43,85.81,26.55,85.4,3.18,63.08,54.24,50.98,53.19,65.92,60.44,20.42,50.19,56.56,-6.37,-5.51,-2.12,-7.52,4.03,-20.97,,0
GHA,288,Ghana,Sub-Saharan Africa,lower_middle_income,2021,32518665,6607.5,0.75,64.29,40.3,6.43,11.59,86.84,27.79,86.3,3.2,61.26,54.24,51.46,53.63,66.98,61.36,20.42,50.77,56.64,-5.87,-4.61,-1.81,-7.51,3.9,-20.87,,1
GHA,288,Ghana,Sub-Saharan Africa,lower_middle_income,2022,33149152,6728.45,0.72,65.25,38.6,6.43,11.59,87.88,29.04,85.1,2.87,60.87,54.24,52.67,53.63,67.34,62.23,20.42,51.26,57.64,-6.38,-5.29,-2.14,-7.91,2.67,-21.03,1.0,1
GIN,324,Guinea,Sub-Saharan Africa,low_income,2000,8428832,2358.29,0.17,52.42,165.7,1.45,5.24,49.75,9.16,15.2,4.59,90.88,46.53,26.98,19.37,24.71,43.0,25.54,27.92,38.05,-10.13,-7.86,-14.62,-12.17,-8.3,-7.77,0.0,0
GIN,324,Guinea,Sub-Saharan Africa,low_income,2001,8539960,2412.75,0.18,52.67,159.0,1.46,5.59,50.5,9.89,16.4,4.58,90.68,46.29,27.62,20.38,25.6,43.11,25.71,28.48,38.44,-9.96,-8.06,-14.41,-11.49,-8.06,-7.69,,0
GIN,324,Guinea,Sub-Saharan Africa,low_income,2002,8674066,2498.13,0.2,53.2,152.7,1.47,5.93,51.25,10.61,17.7,4.55,90.41,45.72,28.47,21.38,26.52,43.32,26.13,29.16,39.32,-10.15,-8.38,-14.57,-12.14,-8.21,-7.85,,0
GIN,324,Guinea,Sub-Saharan Africa,low_income,2003,8870781,2473.23,0.2,53.59,146.9,1.49,6.28,52.0,11.34,18.9,4.63,89.87,45.02,29.19,22.39,27.41,43.44,26.64,29.81,39.73,-9.92,-8.07,-14.13,-11.98,-8.37,-7.84,,0
GIN,324,Guinea,Sub-Saharan Africa,low_income,2004,9062726,2477.5,0.2,53.98,141.6,1.5,6.62,52.75,12.21,20.2,4.71,89.32,44.41,29.88,23.4,28.38,43.57,27.1,30.47,40.07,-9.6,-7.85,-13.79,-11.3,-8.56,-7.97,,0
GIN,324,Guinea,Sub-Saharan Africa,low_income,2005,9245844,2501.22,0.19,54.42,137.0,1.51,7.11,53.49,13.1,20.2,4.81,88.76,44.08,30.59,24.78,28.93,43.66,27.34,31.06,40.45,-9.39,-7.92,-12.88,-11.53,-8.82,-7.97,,0
GIN,324,Guinea,Sub-Saharan Africa,low_income,2006,9441171,2478.61,0.2,54.88,133.1,1.53,7.58,54.23,14.0,22.8,4.86,88.24,43.98,31.25,26.15,30.34,43.83,27.42,31.8,40.72,-8.92,-7.67,-12.01,-10.4,-8.81,-8.03,,0
GIN,324,Guinea,Sub-Saharan Africa,low_income,2007,9662281,2587.0,0.2,55.23,129.7,1.54,7.85,54.97,14.93,24.1,4.79,87.68,43.9,31.8,26.95,31.33,44.28,27.48,32.37,41.36,-8.99,-8.1,-12.07,-10.37,-8.61,-8.12,,0
GIN,324,Guinea,Sub-Saharan Africa,low_income,2008,9898870,2629.54,0.21,55.7,126.9,1.55,8.13,55.71,15.88,25.4,4.8,87.05,43.86,32.4,27.75,32.33,44.58,27.51,32.91,41.88,-8.97,-7.94,-11.99,-10.34,-8.54,-8.34,0.0,0
GIN,324,Guinea,Sub-Saharan Africa,low_income,2009,10143534,2537.31,0.22,56.05,124.4,1.57,8.3,56.45,16.84,26.7,4.91,86.56,43.86,32.89,28.28,33.33,44.62,27.51,33.33,41.44,-8.11,-7.89,-11.61,-8.18,-8.25,-8.31,,0
GIN,324,Guinea,Sub-Saharan Africa,low_income,2010,10396086,2594.83,0.24,56.43,122.2,1.58,8.48,57.18,17.83,28.1,5.02,85.99,43.92,33.37,28.82,34.37,44.71,27.47,33.75,41.82,-8.08,-7.65,-11.7,-6.84,-8.02,-8.22,,0
GIN,324,Guinea,Sub-Saharan Africa,low_income,2011,10656810,2673.41,0.25,56.78,120.3,1.65,8.65,58.36,18.83,29.5,5.02,85.4,45.74,33.81,29.54,35.56,45.01,26.11,34.01,42.23,-8.22,-8.33,-11.49,-6.79,-7.76,-7.3,,0
GIN,324,Guinea,Sub-Saharan Africa,low_income,2012,10921581,2762.9,0.23,57.12,118.4,1.73,8.65,59.55,19.85,26.2,4.87,84.74,47.85,34.24,29.79,35.2,45.65,24.61,33.9,42.45,-8.55,-8.75,-11.69,-8.35,-7.11,-7.35,,0
GIN,324,Guinea,Sub-Saharan Africa,low_income,2013,11191873,2802.56,0.2,57.46,116.6,1.8,8.88,60.74,20.9,32.2,4.94,84.13,37.44,34.67,30.67,37.95,45.84,32.79,36.38,43.66,-7.28,-9.0,-11.32,-6.79,-7.24,-2.46,,0
GIN,324,Guinea,Sub-Saharan Africa,low_income,2014,11472924,2834.97,0.21,57.58,115.4,1.87,9.11,61.94,21.96,33.5,5.04,83.5,39.85,34.88,31.56,39.13,45.97,30.71,36.45,43.86,-7.41,-9.14,-10.85,-6.01,-7.04,-4.74,,0
GIN,324,Guinea,Sub-Saharan Africa,low_income,2015,11767070,2869.85,0.24,57.9,113.7,2.45,9.29,63.16,23.04,34.9,5.15,82.91,54.28,35.28,33.97,40.37,46.06,20.4,35.22,43.42,-8.2,-9.42,-8.95,-5.56,-6.82,-10.07,0.0,0
GIN,324,Guinea,Sub-Saharan Africa,low_income,2016,12073030,3099.79,0.27,58.49,111.4,3.03,9.46,64.39,24.15,33.5,5.0,82.14,49.63,35.96,36.39,40.68,46.77,23.38,36.64,45.01,-8.37,-10.09,-7.69,-7.58,-6.8,-8.86,,0
GIN,324,Guinea,Sub-Saharan Africa,low_income,2017,12385659,3332.77,0.26,58.72,109.5,2.58,9.64,65.64,25.28,35.4,4.86,81.33,49.74,36.32,35.39,42.11,47.47,23.31,36.92,46.45,-9.53,-10.79,-9.67,-9.09,-6.6,-10.98,,0
GIN,324,Guinea,Sub-Saharan Africa,low_income,2018,12704774,3455.65,0.29,59.04,107.5,2.13,9.82,66.9,26.43,45.0,4.84,80.54,48.41,36.77,34.39,46.11,47.94,24.21,37.88,47.21,-9.33,-11.17,-11.35,-7.15,-6.69,-10.36,,0
GIN,324,Guinea,Sub-Saharan Africa,low_income,2019,13034346,3557.46,0.37,59.38,105.4,2.24,10.01,68.17,27.61,42.2,5.02,79.85,42.88,37.25,35.28,45.99,47.94,28.27,38.94,48.09,-9.14,-11.36,-11.09,-8.26,-6.66,-8.1,,0
GIN,324,Guinea,Sub-Saharan Africa,low_income,2020,13371183,3630.99,0.4,59.35,102.9,2.36,10.2,69.45,28.8,44.7,6.01,80.73,43.77,37.48,36.2,47.65,45.5,27.58,38.88,48.69,-9.81,-11.83,-11.54,-9.28,-7.4,-8.66,,0
GIN,324,Guinea,Sub-Saharan Africa,low_income,2021,13710513,3738.81,0.37,59.37,100.3,2.36,10.2,70.74,30.03,46.8,5.82,80.29,43.77,37.78,36.2,49.19,46.11,27.58,39.37,49.0,-9.62,-11.41,-11.73,-9.37,-7.34,-8.74,,1
GIN,324,Guinea,Sub-Saharan Africa,low_income,2022,14055137,3792.01,0.37,60.43,97.6,2.36,10.2,72.05,31.27,47.7,5.17,80.07,43.77,38.89,36.2,50.34,47.51,27.58,40.1,49.75,-9.65,-11.92,-11.82,-9.02,-7.73,-8.9,0.0,1
GMB,270,Gambia,Sub-Saharan Africa,low_income,2000,1455084,2658.62,0.18,56.9,112.8,2.24,5.8,71.75,51.06,34.3,9.72,76.33,61.0,34.6,23.59,52.37,40.38,16.5,33.49,39.5,-6.01,-2.0,-12.16,12.07,-11.31,-17.0,0.0,0
GMB,270,Gambia,Sub-Saharan Africa,low_income,2001,1495011,2737.7,0.2,57.28,108.1,2.32,6.02,72.47,49.91,29.9,9.64,76.08,60.12,35.36,24.46,50.76,40.68,16.98,33.65,39.97,-6.32,-2.2,-12.14,10.02,-10.89,-16.58,,0
GMB,270,Gambia,Sub-Saharan Africa,low_income,2002,1535691,2578.56,0.2,57.74,103.6,2.41,6.24,73.19,48.79,31.5,10.04,75.94,58.2,36.17,25.34,51.16,39.96,18.07,34.14,39.7,-5.56,-1.14,-11.05,11.57,-11.68,-15.93,,0
GMB,270,Gambia,Sub-Saharan Africa,low_income,2003,1577611,2682.48,0.2,58.22,99.2,2.49,6.45,73.89,47.72,27.8,9.99,75.76,55.93,37.02,26.22,49.81,40.14,19.4,34.52,40.67,-6.16,-1.39,-11.36,8.1,-11.97,-15.11,,0
GMB,270,Gambia,Sub-Saharan Africa,low_income,2004,1621312,2794.19,0.2,58.75,94.9,2.57,6.67,74.57,46.7,34.8,9.95,75.56,53.99,37.9,27.1,52.02,40.34,20.58,35.59,41.48,-5.89,-1.44,-11.66,8.87,-12.32,-14.58,,0
GMB,270,Gambia,Sub-Saharan Africa,low_income,2005,1667037,2653.64,0.2,59.11,90.7,2.66,6.88,75.25,46.58,30.5,9.92,75.45,53.08,38.67,27.97,50.78,40.45,21.15,35.8,41.15,-5.34,-0.62,-10.44,8.56,-12.32,-14.2,,0
GMB,270,Gambia,Sub-Saharan Africa,low_income,2006,1715275,2564.69,0.21,59.67,86.8,2.76,7.1,75.92,46.49,38.1,10.24,75.37,52.93,39.58,28.92,53.5,39.85,21.24,36.62,41.13,-4.52,0.21,-9.65,11.73,-12.99,-14.24,,0
GMB,270,Gambia,Sub-Saharan Africa,low_income,2007,1765774,2567.16,0.22,60.0,83.0,2.86,7.32,76.59,46.42,39.8,10.42,75.28,52.84,40.32,29.86,54.27,39.53,21.29,37.06,41.27,-4.21,0.52,-9.07,12.8,-13.31,-14.29,,0
GMB,270,Gambia,Sub-Saharan Africa,low_income,2008,1817852,2649.61,0.22,60.47,79.4,2.97,7.53,77.26,46.37,41.5,10.06,75.18,52.8,41.16,30.81,55.05,40.3,21.32,37.73,41.98,-4.25,0.73,-9.02,12.14,-12.87,-14.55,0.0,0
GMB,270,Gambia,Sub-Saharan Africa,low_income,2009,1871422,2745.33,0.23,60.74,76.0,3.07,7.53,77.93,46.35,43.2,9.78,74.97,52.82,41.84,31.15,55.83,40.99,21.3,38.22,42.45,-4.23,0.08,-9.68,11.85,-12.38,-14.69,,0
GMB,270,Gambia,Sub-Saharan Africa,low_income,2010,1926630,2824.21,0.23,61.17,72.7,3.17,7.48,78.59,46.35,46.8,9.67,74.66,52.91,42.65,31.35,57.25,41.36,21.25,38.77,42.91,-4.13,0.55,-10.16,13.39,-11.91,-14.66,,0
GMB,270,Gambia,Sub-Saharan Africa,low_income,2011,1983784,2519.84,0.23,61.56,69.7,3.31,7.6,79.26,46.38,48.3,10.28,74.5,56.19,43.41,32.14,57.98,40.24,19.24,38.6,41.46,-2.86,2.0,-8.19,17.46,-12.16,-13.99,,0
GMB,270,Gambia,Sub-Saharan Africa,low_income,2012,2043094,2574.94,0.22,61.9,66.8,3.44,7.73,79.91,46.42,49.9,10.35,74.27,66.42,44.14,32.94,58.75,40.22,13.66,37.94,41.55,-3.61,1.96,-7.71,17.37,-12.11,-18.03,,0
GMB,270,Gambia,Sub-Saharan Africa,low_income,2013,2103820,2572.45,0.21,62.25,64.0,3.57,7.86,80.57,46.48,51.5,9.45,73.23,47.63,44.87,33.74,59.52,42.55,24.76,41.09,42.65,-1.56,2.18,-7.31,17.32,-10.01,-10.36,,0
GMB,270,Gambia,Sub-Saharan Africa,low_income,2014,2164528,2465.11,0.22,62.58,61.4,3.68,8.02,81.22,46.57,53.0,8.19,72.23,50.96,45.57,34.54,60.26,45.6,22.5,41.7,42.15,-0.45,3.25,-6.34,19.23,-6.58,-12.57,,0
GMB,270,Gambia,Sub-Saharan Africa,low_income,2015,2224529,2495.96,0.23,62.97,58.9,3.78,8.18,81.87,46.66,54.7,7.23,71.16,63.75,46.33,35.33,61.08,48.09,15.03,41.17,41.7,-0.52,3.18,-6.08,19.3,-4.0,-14.85,0.0,0
GMB,270,Gambia,Sub-Saharan Africa,low_income,2016,2283769,2478.46,0.22,63.39,56.6,3.89,8.34,82.52,46.78,56.4,6.24,70.11,58.79,47.08,36.13,61.9,50.61,17.73,42.69,42.34,0.35,3.55,-5.57,20.15,-1.63,-13.64,,0
GMB,270,Gambia,Sub-Saharan Africa,low_income,2017,2342189,2533.19,0.22,63.71,54.3,3.99,8.5,83.16,46.91,56.2,5.1,69.07,64.54,47.78,36.92,62.09,53.45,14.62,42.97,43.17,-0.19,3.81,-5.24,18.99,1.02,-18.7,,0
GMB,270,Gambia,Sub-Saharan Africa,low_income,2018,2399632,2651.43,0.19,64.03,52.3,4.1,8.66,83.8,47.05,60.3,4.06,67.96,59.27,48.44,37.72,63.72,56.12,17.46,44.69,44.21,0.48,3.4,-5.25,18.01,3.13,-16.41,,0
GMB,270,Gambia,Sub-Saharan Africa,low_income,2019,2456844,2750.82,0.19,64.43,50.4,4.31,8.82,84.44,47.2,62.1,4.48,66.81,54.87,49.14,38.85,64.58,55.87,20.03,45.7,45.07,0.63,3.2,-4.88,17.71,2.85,-15.71,,0
GMB,270,Gambia,Sub-Saharan Africa,low_income,2020,2515733,2702.32,0.17,64.42,48.6,4.51,8.98,85.07,47.36,62.2,5.84,67.63,58.36,49.53,39.98,64.88,52.72,17.97,45.02,45.26,-0.24,3.47,-4.65,16.58,1.39,-17.16,,0
GMB,270,Gambia,Sub-Saharan Africa,low_income,2021,2576010,2777.8,0.19,63.85,47.0,4.51,8.98,85.7,47.54,63.7,6.21,66.28,58.36,49.45,39.98,65.64,52.69,17.97,45.15,45.55,-0.4,3.44,-4.8,15.48,1.03,-17.19,,1
GMB,270,Gambia,Sub-Saharan Africa,low_income,2022,2636470,2863.18,0.19,64.86,45.3,4.51,8.98,86.32,47.72,65.4,6.07,65.17,58.36,50.63,39.98,66.48,53.56,17.97,45.73,46.34,-0.61,2.81,-4.97,14.94,0.2,-17.39,0.0,1
GNB,624,Guinea-Bissau,Sub-Saharan Africa,low_income,2000,1234741,1974.62,0.16,50.56,174.8,2.15,7.94,55.18,4.53,1.3,3.36,77.82,55.31,24.97,29.22,20.34,52.33,19.77,29.33,35.97,-6.64,-7.32,-2.21,-11.63,1.65,-13.4,0.0,2
GNB,624,Guinea-Bissau,Sub-Saharan Africa,low_income,2001,1261273,2025.6,0.17,51.05,169.3,2.15,8.09,55.64,5.02,1.3,2.96,77.73,54.59,25.7,29.63,20.65,53.17,20.21,29.87,36.37,-6.5,-7.44,-2.7,-11.5,2.59,-13.09,,2
GNB,624,Guinea-Bissau,Sub-Saharan Africa,low_income,2002,1289307,2053.96,0.17,51.61,163.6,2.15,8.24,56.08,5.73,1.3,3.15,77.64,52.89,26.5,30.04,21.04,52.85,21.26,30.34,37.0,-6.66,-7.51,-3.2,-11.98,2.03,-12.64,,1
GNB,624,Guinea-Bissau,Sub-Saharan Africa,low_income,2003,1318806,2002.28,0.2,52.19,157.7,2.15,8.39,56.5,6.75,2.6,3.17,77.56,50.88,27.34,30.47,21.95,52.84,22.55,31.03,37.28,-6.25,-6.98,-3.3,-11.41,1.87,-11.87,,1
GNB,624,Guinea-Bissau,Sub-Saharan Africa,low_income,2004,1349563,1979.57,0.2,52.8,151.6,2.15,8.54,56.91,7.78,3.9,3.23,77.53,49.2,28.24,30.9,22.87,52.74,23.68,31.68,37.43,-5.74,-6.49,-3.32,-10.33,1.63,-11.24,,1
GNB,624,Guinea-Bissau,Sub-Saharan Africa,low_income,2005,1381585,2060.54,0.2,52.95,145.3,2.15,8.7,57.31,8.88,5.2,3.18,77.44,48.48,28.81,31.34,23.8,52.88,24.17,32.2,38.16,-5.96,-7.14,-3.88,-10.92,1.39,-11.01,,0
GNB,624,Guinea-Bissau,Sub-Saharan Africa,low_income,2006,1415303,2065.08,0.2,54.09,139.1,2.27,9.13,57.69,9.99,14.5,3.14,77.32,48.51,30.16,32.94,27.39,53.02,24.14,33.53,38.53,-4.99,-6.38,-3.02,-7.86,1.45,-11.14,,0
GNB,624,Guinea-Bissau,Sub-Saharan Africa,low_income,2007,1450986,2065.86,0.21,54.87,132.8,2.42,9.23,58.05,11.12,7.9,3.12,77.22,48.62,31.27,33.71,25.69,53.11,24.07,33.57,38.63,-5.06,-5.72,-2.62,-9.26,1.63,-11.2,,0
GNB,624,Guinea-Bissau,Sub-Saharan Africa,low_income,2008,1488054,2105.54,0.2,55.3,126.5,2.57,9.33,58.4,12.26,9.3,3.16,77.09,48.81,32.13,34.48,26.65,53.11,23.94,34.06,39.1,-5.04,-5.32,-2.63,-9.17,1.45,-11.49,0.0,0
GNB,624,Guinea-Bissau,Sub-Saharan Africa,low_income,2009,1526377,2102.93,0.2,56.3,120.2,2.71,9.43,58.74,13.42,4.7,3.16,76.99,49.07,33.45,35.25,25.62,53.15,23.77,34.25,39.03,-4.78,-5.0,-2.43,-10.03,1.47,-11.63,,0
GNB,624,Guinea-Bissau,Sub-Saharan Africa,low_income,2010,1566347,2164.13,0.2,57.0,114.3,2.86,9.53,59.06,14.59,6.0,3.12,76.87,49.4,34.54,36.01,26.55,53.3,23.54,34.79,39.51,-4.72,-4.19,-2.39,-8.98,1.73,-11.67,,0
GNB,624,Guinea-Bissau,Sub-Saharan Africa,low_income,2011,1608076,2278.41,0.2,57.66,108.6,3.01,9.63,59.36,15.78,13.5,3.07,76.65,51.05,35.6,36.78,29.55,53.51,22.44,35.58,40.15,-4.57,-4.6,-2.36,-7.86,1.75,-10.46,,0
GNB,624,Guinea-Bissau,Sub-Saharan Africa,low_income,2012,1651417,2180.61,0.19,58.27,103.6,3.16,9.73,59.65,16.98,14.9,3.14,76.52,55.81,36.58,37.55,30.51,53.46,19.47,35.51,39.43,-3.92,-3.67,-1.14,-5.74,2.15,-11.61,,0
GNB,624,Guinea-Bissau,Sub-Saharan Africa,low_income,2013,1695973,2192.46,0.19,58.88,99.1,3.3,9.83,59.92,18.21,16.3,3.17,76.39,41.54,37.53,38.32,31.48,53.45,29.32,38.02,40.78,-2.76,-3.34,-0.98,-6.02,1.83,-5.56,,0
GNB,624,Guinea-Bissau,Sub-Saharan Africa,low_income,2014,1741122,2156.2,0.2,59.48,95.2,3.45,9.93,60.18,19.45,17.2,3.28,76.33,43.56,38.43,39.09,32.28,53.26,27.74,38.16,40.53,-2.38,-2.29,-0.35,-4.84,1.85,-6.97,,0
GNB,624,Guinea-Bissau,Sub-Saharan Africa,low_income,2015,1786457,2230.39,0.2,60.07,91.6,3.5,10.03,60.42,20.7,20.1,3.17,76.24,56.92,39.3,39.51,33.74,53.54,18.81,36.98,40.32,-3.34,-2.59,-0.69,-4.7,2.09,-10.6,0.0,0
GNB,624,Guinea-Bissau,Sub-Saharan Africa,low_income,2016,1831893,2293.24,0.21,60.62,88.2,3.54,10.13,60.65,21.98,22.9,3.14,76.07,52.7,40.13,39.94,35.18,53.68,21.38,38.06,41.42,-3.36,-2.52,-0.94,-4.31,1.9,-9.69,,0
GNB,624,Guinea-Bissau,Sub-Saharan Africa,low_income,2017,1877072,2342.42,0.16,61.15,85.1,3.58,10.23,60.86,23.27,26.0,3.09,75.91,56.78,40.93,40.36,36.71,53.87,18.89,38.15,42.23,-4.08,-2.14,-0.98,-4.08,1.9,-14.14,,0
GNB,624,Guinea-Bissau,Sub-Saharan Africa,low_income,2018,1922168,2373.5,0.18,61.65,82.2,3.63,10.33,61.06,24.58,28.4,3.13,75.69,54.14,41.69,40.79,38.01,53.91,20.48,38.98,42.96,-3.98,-2.13,-1.03,-4.55,1.6,-13.09,,0
GNB,624,Guinea-Bissau,Sub-Saharan Africa,low_income,2019,1967696,2442.11,0.18,62.16,79.5,3.67,10.43,61.24,25.9,30.9,2.41,75.5,48.5,42.45,41.21,39.35,55.44,24.15,40.52,43.67,-3.15,-2.26,-1.29,-4.1,3.15,-11.29,,0
GNB,624,Guinea-Bissau,Sub-Saharan Africa,low_income,2020,2013255,2455.86,0.17,61.34,76.7,3.67,10.53,61.4,27.25,33.4,2.89,76.26,50.21,42.21,41.5,40.68,54.09,23.0,40.3,44.14,-3.85,-2.8,-2.12,-4.8,3.27,-11.77,,0
GNB,624,Guinea-Bissau,Sub-Saharan Africa,low_income,2021,2058841,2522.77,0.16,61.65,74.3,3.67,10.53,61.55,28.61,35.8,3.02,75.79,50.21,42.79,41.5,41.99,54.08,23.0,40.67,44.44,-3.77,-2.19,-2.25,-5.44,2.99,-11.79,,1
GNB,624,Guinea-Bissau,Sub-Saharan Africa,low_income,2022,2105529,2603.24,0.16,63.6,72.0,3.67,10.53,61.64,28.72,37.4,2.67,75.59,50.21,44.63,41.5,42.59,54.88,23.0,41.32,45.18,-3.86,-2.19,-2.4,-6.29,2.14,-11.99,0.0,1
GNQ,226,Equatorial Guinea,Sub-Saharan Africa,upper_middle_income,2000,703279,11767.47,3.9,53.4,154.5,6.39,6.1,51.1,54.79,64.8,7.44,28.73,36.21,28.49,38.25,56.9,69.99,33.91,45.51,62.54,-17.03,-32.6,-20.89,-30.8,7.44,-12.51,0.0,0
GNQ,226,Equatorial Guinea,Sub-Saharan Africa,upper_middle_income,2001,749836,18031.96,4.8,53.83,150.2,6.48,6.4,51.79,55.78,64.9,7.55,26.1,35.62,29.13,39.39,57.49,71.16,34.45,46.32,69.0,-22.68,-39.78,-27.21,-36.3,4.04,-15.64,,0
GNQ,226,Equatorial Guinea,Sub-Saharan Africa,upper_middle_income,2002,797957,20242.43,4.03,54.32,145.9,6.58,6.7,52.54,56.75,64.9,7.65,23.91,34.22,29.83,40.53,58.06,72.13,35.8,47.27,70.71,-23.44,-41.33,-28.54,-36.59,3.4,-15.56,,0
GNQ,226,Equatorial Guinea,Sub-Saharan Africa,upper_middle_income,2003,847862,21709.58,4.23,54.79,141.5,6.67,7.0,53.35,57.7,64.9,7.7,22.18,32.51,30.52,41.68,58.65,72.92,37.51,48.26,71.67,-23.42,-41.77,-28.91,-36.39,3.75,-14.79,,0
GNQ,226,Equatorial Guinea,Sub-Saharan Africa,upper_middle_income,2004,899917,28225.99,6.98,55.31,137.0,6.76,7.3,54.22,58.63,64.9,7.66,20.66,31.03,31.27,42.84,59.25,73.81,39.06,49.24,74.69,-25.45,-44.66,-31.18,-37.18,0.54,-16.1,,0
GNQ,226,Equatorial Guinea,Sub-Saharan Africa,upper_middle_income,2005,947367,31302.96,6.75,55.77,132.3,6.86,7.6,55.13,59.55,65.0,7.67,19.51,30.31,32.0,43.99,59.89,74.4,39.85,50.03,75.96,-25.93,-45.36,-31.74,-36.97,-0.73,-16.57,,0
GNQ,226,Equatorial Guinea,Sub-Saharan Africa,upper_middle_income,2006,990343,32251.77,6.45,56.35,127.4,6.96,7.91,56.1,60.44,65.1,7.61,18.75,30.14,32.86,45.16,60.55,74.91,40.04,50.7,76.55,-25.85,-44.81,-31.15,-36.37,-1.56,-16.83,,0
GNQ,226,Equatorial Guinea,Sub-Saharan Africa,upper_middle_income,2007,1036044,35540.45,6.89,56.86,122.6,7.06,8.21,57.12,61.32,65.1,7.59,18.22,30.0,33.67,46.32,61.18,75.23,40.19,51.32,77.9,-26.59,-45.24,-31.16,-36.01,-3.46,-18.03,,0
GNQ,226,Equatorial Guinea,Sub-Saharan Africa,upper_middle_income,2008,1084530,39994.62,6.09,57.38,118.0,7.16,8.51,58.18,62.18,65.2,7.57,17.85,29.89,34.49,47.5,61.85,75.46,40.31,51.92,79.62,-27.7,-46.46,-31.69,-35.91,-5.36,-19.96,1.0,0
GNQ,226,Equatorial Guinea,Sub-Saharan Africa,upper_middle_income,2009,1135673,38706.61,4.82,57.88,113.5,7.26,8.81,59.29,63.01,65.4,7.7,17.75,29.82,35.29,48.67,62.57,75.25,40.39,52.43,79.16,-26.72,-46.49,-30.77,-35.34,-2.42,-20.74,,0
GNQ,226,Equatorial Guinea,Sub-Saharan Africa,upper_middle_income,2010,1189085,33668.87,4.81,58.34,109.4,7.36,9.11,60.44,63.83,66.1,7.85,18.03,29.81,36.05,49.86,63.46,74.81,40.4,52.92,77.52,-24.61,-44.04,-28.35,-33.84,0.07,-18.77,,0
GNQ,226,Equatorial Guinea,Sub-Saharan Africa,upper_middle_income,2011,1241835,34341.93,4.8,58.83,105.6,7.47,9.42,61.63,64.63,66.1,7.84,18.34,30.91,36.8,51.04,64.12,74.67,39.19,53.17,77.99,-24.82,-43.99,-27.94,-33.38,-1.22,-19.32,,0
GNQ,226,Equatorial Guinea,Sub-Saharan Africa,upper_middle_income,2012,1293483,35711.49,4.34,59.3,102.0,7.57,9.72,62.85,65.41,65.7,7.76,18.65,30.27,37.54,52.23,64.65,74.66,39.89,53.8,78.67,-24.88,-44.03,-27.56,-33.01,-1.59,-21.44,,0
GNQ,226,Equatorial Guinea,Sub-Saharan Africa,upper_middle_income,2013,1346218,32894.37,4.25,59.78,98.6,7.68,10.02,63.67,66.05,65.9,7.68,19.26,29.59,38.28,53.43,65.21,74.51,40.65,54.42,77.95,-23.54,-42.54,-26.24,-32.21,-0.83,-19.72,,0
GNQ,226,Equatorial Guinea,Sub-Saharan Africa,upper_middle_income,2014,1399828,31765.9,4.08,60.23,95.3,7.79,10.32,63.93,66.12,66.0,7.67,19.9,29.86,38.99,54.63,65.35,74.19,40.35,54.7,77.93,-23.23,-41.6,-24.82,-32.06,-0.91,-19.77,,0
GNQ,226,Equatorial Guinea,Sub-Saharan Africa,upper_middle_income,2015,1453923,27797.79,3.72,60.64,92.1,7.89,10.62,64.18,66.18,66.1,7.78,20.64,38.49,39.68,55.82,65.49,73.58,31.87,53.29,76.2,-22.91,-39.03,-21.95,-31.33,0.12,-25.31,1.0,0
GNQ,226,Equatorial Guinea,Sub-Saharan Africa,upper_middle_income,2016,1508186,24435.06,3.57,61.08,89.0,8.0,10.92,64.43,66.25,66.2,7.8,21.42,36.53,40.39,57.02,65.62,73.13,33.61,53.96,74.77,-20.81,-36.16,-19.01,-30.68,1.07,-22.26,,0
GNQ,226,Equatorial Guinea,Sub-Saharan Africa,upper_middle_income,2017,1562396,22250.44,3.13,61.48,86.1,8.11,11.23,64.67,66.31,66.4,7.84,22.17,32.75,41.06,58.22,65.79,72.65,37.26,55.0,73.41,-18.42,-33.8,-16.38,-29.84,2.38,-17.26,,0
GNQ,226,Equatorial Guinea,Sub-Saharan Africa,upper_middle_income,2018,1616422,20165.48,3.29,61.92,83.2,8.17,11.53,64.67,66.31,66.5,7.82,22.86,31.39,41.76,59.25,65.83,72.33,38.68,55.57,71.97,-16.4,-31.4,-13.77,-29.19,3.23,-13.72,,2
GNQ,226,Equatorial Guinea,Sub-Saharan Africa,upper_middle_income,2019,1670177,18446.59,3.07,62.3,80.7,8.22,11.83,64.67,66.31,66.6,7.92,23.48,31.55,42.39,60.27,65.86,71.81,38.51,55.77,71.15,-15.39,-29.3,-11.44,-28.71,4.62,-14.56,,2
GNQ,226,Equatorial Guinea,Sub-Saharan Africa,upper_middle_income,2020,1716468,17089.15,2.86,62.14,77.9,8.28,12.13,64.67,66.31,66.7,8.62,22.94,35.38,42.65,61.3,65.89,70.67,34.68,55.04,70.77,-15.73,-28.06,-10.26,-29.06,6.16,-18.89,,2
GNQ,226,Equatorial Guinea,Sub-Saharan Africa,upper_middle_income,2021,1758786,16821.45,2.86,62.45,75.1,8.28,12.13,64.67,66.31,66.8,8.82,22.08,35.38,43.29,61.3,65.93,70.74,34.68,55.19,69.86,-14.67,-25.7,-9.34,-28.6,5.81,-17.78,,3
GNQ,226,Equatorial Guinea,Sub-Saharan Africa,upper_middle_income,2022,1803545,16932.77,2.82,63.36,72.8,8.28,12.13,64.67,66.31,67.0,8.33,22.36,35.38,44.32,61.3,65.99,71.57,34.68,55.57,70.51,-14.94,-26.27,-9.16,-28.66,3.91,-17.43,1.0,3
GRC,300,Greece,Europe & Central Asia,high_income,2000,10805808,31386.64,8.89,77.89,6.4,9.02,14.75,99.76,97.88,100.0,11.34,29.18,24.39,81.9,71.05,99.21,61.95,47.1,72.24,74.8,-2.55,6.38,-1.46,2.28,-14.1,-7.91,3.0,0
GRC,300,Greece,Europe & Central Asia,high_income,2001,10862132,32675.93,9.03,78.39,6.0,9.17,15.11,99.77,97.95,100.0,10.76,28.95,24.15,82.99,72.54,99.24,63.24,47.43,73.09,75.68,-2.59,6.42,-1.29,2.06,-13.64,-8.02,,0
GRC,300,Greece,Europe & Central Asia,high_income,2002,10902022,34081.03,9.0,78.64,5.6,9.31,15.76,99.79,98.02,100.0,10.35,28.96,23.8,83.93,74.82,99.27,64.07,47.91,74.0,76.36,-2.36,6.36,-0.2,1.82,-13.05,-8.48,,0
GRC,300,Greece,Europe & Central Asia,high_income,2003,10928070,35970.7,9.32,78.84,5.2,9.46,15.88,99.81,98.09,100.0,9.84,28.94,23.39,84.89,75.63,99.3,65.09,48.5,74.68,77.07,-2.39,6.41,-0.72,1.59,-12.07,-8.8,,0
GRC,300,Greece,Europe & Central Asia,high_income,2004,10955141,37811.49,9.27,79.04,4.9,9.6,16.25,99.83,98.17,100.0,10.63,28.67,22.95,85.69,77.15,99.33,63.65,49.13,74.99,77.66,-2.67,6.26,0.16,1.49,-14.07,-9.04,,0
GRC,300,Greece,Europe & Central Asia,high_income,2005,10987314,38146.96,9.43,79.24,4.6,9.75,16.98,99.84,98.24,100.0,10.07,28.49,22.52,86.53,79.66,99.36,64.86,49.76,76.03,77.93,-1.9,6.81,1.91,1.58,-13.12,-8.87,,0
GRC,300,Greece,Europe & Central Asia,high_income,2006,11020362,40483.16,9.29,79.44,4.3,10.1,17.11,99.86,98.31,100.0,8.91,28.39,22.03,87.41,81.22,99.39,67.25,50.5,77.15,78.93,-1.77,6.9,2.53,1.43,-12.4,-9.11,,0
GRC,300,Greece,Europe & Central Asia,high_income,2007,11048473,41796.23,9.59,79.44,4.1,10.06,16.54,99.87,98.38,100.0,8.35,27.68,21.45,87.93,79.46,99.42,68.73,51.39,77.39,79.7,-2.31,6.96,0.23,1.48,-12.29,-8.92,,0
GRC,300,Greece,Europe & Central Asia,high_income,2008,11077841,41709.39,9.19,79.94,4.0,10.1,16.75,99.89,98.44,100.0,7.66,27.03,20.89,88.58,80.22,99.44,70.44,52.28,78.19,80.08,-1.89,7.09,0.59,1.49,-10.97,-8.56,4.0,0
GRC,300,Greece,Europe & Central Asia,high_income,2009,11107017,39886.21,8.66,80.19,4.0,10.16,16.97,99.91,98.51,100.0,9.55,27.05,20.46,88.77,80.99,99.47,66.67,52.96,77.77,79.48,-1.7,6.6,1.24,1.44,-11.44,-8.59,,0
GRC,300,Greece,Europe & Central Asia,high_income,2010,11121341,37566.75,8.01,80.39,3.9,10.21,17.18,99.92,98.58,100.0,12.72,27.8,20.3,89.2,81.76,99.5,59.93,53.23,76.72,78.79,-2.06,7.58,2.23,1.7,-16.42,-7.56,,0
GRC,300,Greece,Europe & Central Asia,high_income,2011,11104899,33906.49,7.76,80.73,4.0,10.31,17.32,99.93,98.64,100.0,17.97,28.59,21.38,89.19,82.45,99.53,49.0,51.49,74.33,77.84,-3.5,8.58,3.62,2.08,-26.7,-6.84,,0
GRC,300,Greece,Europe & Central Asia,high_income,2012,11045011,31250.23,7.38,80.63,4.0,10.4,17.46,99.95,98.71,100.0,24.73,29.63,18.81,89.12,83.19,99.55,34.94,55.77,72.51,77.02,-4.5,9.4,5.09,2.48,-39.34,-3.19,,0
GRC,300,Greece,Europe & Central Asia,high_income,2013,10965211,30762.44,6.74,81.29,4.1,10.5,17.52,99.96,98.77,100.0,27.69,30.38,17.96,89.35,83.68,99.58,34.01,57.32,72.79,77.09,-4.3,9.45,4.91,2.46,-40.41,-1.65,,0
GRC,300,Greece,Europe & Central Asia,high_income,2014,10892413,31213.38,6.52,81.39,4.2,10.6,17.87,99.98,98.83,100.0,26.71,29.69,16.87,89.16,84.96,99.6,34.38,59.41,73.5,77.71,-4.21,8.81,5.74,2.26,-40.48,-0.35,,0
GRC,300,Greece,Europe & Central Asia,high_income,2015,10820883,31347.98,6.42,81.04,4.3,10.74,18.17,99.99,98.9,100.0,24.98,28.13,17.24,88.64,85.81,99.63,35.23,58.69,73.6,77.86,-4.26,8.11,6.4,2.22,-40.08,-0.86,3.0,0
GRC,300,Greece,Europe & Central Asia,high_income,2016,10775971,31468.62,6.33,81.39,4.3,10.25,18.47,100.0,98.96,100.0,23.51,26.74,15.78,88.91,84.18,99.65,38.9,61.65,74.66,78.41,-3.75,8.2,4.64,2.09,-37.08,0.42,,0
GRC,300,Greece,Europe & Central Asia,high_income,2017,10754679,31995.41,6.36,81.29,4.3,10.54,18.86,100.0,98.98,100.0,21.41,26.81,15.67,88.83,85.14,99.66,43.06,61.86,75.71,78.64,-2.93,7.81,5.35,2.07,-33.42,0.77,,0
GRC,300,Greece,Europe & Central Asia,high_income,2018,10732882,32722.33,6.2,81.79,4.2,10.83,19.19,100.0,98.99,100.0,19.18,25.92,15.58,89.47,86.1,99.66,48.0,62.05,77.06,78.95,-1.9,8.04,5.92,1.98,-29.38,1.18,,0
GRC,300,Greece,Europe & Central Asia,high_income,2019,10721582,33502.75,5.74,81.64,4.1,11.12,19.66,100.0,98.99,100.0,17.05,24.55,14.94,89.62,87.07,99.66,52.99,63.46,78.56,79.79,-1.23,7.72,6.37,1.81,-24.7,0.06,,0
GRC,300,Greece,Europe & Central Asia,high_income,2020,10698599,30487.11,4.89,81.29,4.1,11.41,19.67,100.0,98.99,100.0,15.9,24.17,14.41,89.35,88.03,99.66,55.48,64.67,79.44,79.03,0.41,8.74,7.67,1.72,-19.22,1.36,,0
GRC,300,Greece,Europe & Central Asia,high_income,2021,10569207,33531.16,5.08,80.08,4.0,11.41,20.03,100.0,99.0,100.0,14.66,23.93,14.41,88.69,88.03,99.67,58.09,64.67,79.83,79.55,0.28,8.01,6.92,1.62,-18.03,0.67,,1
GRC,300,Greece,Europe & Central Asia,high_income,2022,10436882,35831.34,5.28,80.79,4.0,11.41,20.03,100.0,99.0,100.0,12.43,22.66,14.41,89.23,88.03,99.67,63.22,64.67,80.96,80.58,0.38,7.01,6.44,1.44,-15.59,0.07,4.0,1
GTM,320,Guatemala,Americas,upper_middle_income,2000,11697592,8770.4,0.83,67.1,51.8,3.92,8.42,87.51,61.07,73.3,2.14,39.29,37.47,50.9,36.43,73.96,75.03,32.76,53.82,58.54,-4.72,-5.79,-18.53,-7.2,15.08,-11.4,1.0,0
GTM,320,Guatemala,Americas,upper_middle_income,2001,11969422,8771.16,0.85,67.44,49.7,3.88,8.67,87.78,61.56,73.7,2.25,39.15,36.55,51.61,37.02,74.35,74.89,33.6,54.29,58.98,-4.69,-5.88,-18.68,-7.11,15.7,-10.66,,0
GTM,320,Guatemala,Americas,upper_middle_income,2002,12246915,8901.54,0.87,67.83,47.7,3.85,8.92,88.04,62.05,78.7,2.25,38.99,35.13,52.36,37.6,76.26,74.97,34.92,55.22,59.41,-4.19,-6.02,-18.69,-5.73,15.87,-9.41,,0
GTM,320,Guatemala,Americas,upper_middle_income,2003,12525842,8926.15,0.85,68.2,45.9,3.8,9.19,88.3,62.51,78.5,2.81,38.85,33.5,53.06,38.2,76.44,73.94,36.51,55.63,59.77,-4.14,-5.8,-18.38,-5.93,14.62,-7.83,,0
GTM,320,Guatemala,Americas,upper_middle_income,2004,12807402,9003.86,0.85,68.24,44.1,3.75,9.47,88.55,62.96,77.2,2.97,38.7,31.92,53.53,38.81,76.24,73.69,38.12,56.08,59.76,-3.69,-5.34,-18.09,-6.2,13.77,-6.12,,0
GTM,320,Guatemala,Americas,upper_middle_income,2005,13087629,9099.72,0.9,68.17,42.4,3.7,9.75,88.8,63.4,78.3,3.06,38.57,30.66,53.89,39.41,76.83,73.58,39.46,56.64,59.92,-3.28,-5.47,-17.64,-5.57,12.68,-4.57,,0
GTM,320,Guatemala,Americas,upper_middle_income,2006,13367459,9386.0,0.89,68.79,40.7,3.65,10.02,89.05,63.82,83.7,2.96,38.39,29.6,54.82,40.02,78.86,73.87,40.64,57.64,60.41,-2.77,-4.83,-17.27,-4.2,11.72,-3.2,,0
GTM,320,Guatemala,Americas,upper_middle_income,2007,13652040,9772.81,0.93,69.3,39.1,3.84,10.3,89.29,64.24,80.7,2.85,38.15,28.52,55.64,41.42,78.08,74.23,41.87,58.25,60.98,-2.73,-4.82,-16.61,-5.28,11.22,-2.12,,0
GTM,320,Guatemala,Americas,upper_middle_income,2008,13935174,9889.57,0.83,69.49,37.5,4.04,10.58,89.54,64.65,81.9,2.9,37.9,27.58,56.25,42.83,78.7,74.26,43.0,59.01,61.33,-2.32,-4.57,-15.61,-5.33,10.55,-1.01,1.0,0
GTM,320,Guatemala,Americas,upper_middle_income,2009,14215611,9740.71,0.86,69.68,36.0,4.23,10.85,89.78,65.05,83.1,3.22,37.79,26.91,56.83,44.24,79.31,73.67,43.82,59.57,61.48,-1.91,-4.42,-14.89,-5.12,10.81,-0.58,,0
GTM,320,Guatemala,Americas,upper_middle_income,2010,14500112,9825.02,0.81,69.89,34.5,4.42,11.09,90.02,65.43,84.3,3.5,37.65,26.65,57.45,45.54,79.92,73.19,44.14,60.05,61.73,-1.68,-3.96,-13.92,-4.26,10.69,-0.26,,0
GTM,320,Guatemala,Americas,upper_middle_income,2011,14792126,10032.09,0.82,70.32,33.1,4.61,11.06,90.25,65.81,84.0,3.17,34.31,30.28,58.24,46.09,80.02,75.6,39.88,59.97,62.01,-2.04,-3.53,-14.18,-4.42,13.01,-3.23,,0
GTM,320,Guatemala,Americas,upper_middle_income,2012,15089647,10126.83,0.83,70.72,31.8,4.8,10.85,90.49,66.18,86.8,2.76,38.12,27.3,58.98,46.14,81.15,74.41,43.34,60.8,62.06,-1.25,-2.7,-14.69,-3.4,11.81,0.01,,0
GTM,320,Guatemala,Americas,upper_middle_income,2013,15387337,10297.84,0.88,70.88,30.4,4.9,10.83,90.72,66.54,88.1,3.02,37.96,29.09,59.59,46.41,81.79,73.98,41.21,60.6,62.24,-1.65,-2.46,-14.76,-2.73,10.98,-2.25,,0
GTM,320,Guatemala,Americas,upper_middle_income,2014,15681725,10553.56,0.93,70.94,29.2,5.84,10.93,90.95,66.89,85.5,2.72,37.77,26.73,60.08,49.81,81.12,74.69,44.04,61.95,63.02,-1.07,-2.68,-12.11,-4.08,12.24,-0.61,,0
GTM,320,Guatemala,Americas,upper_middle_income,2015,15971743,10785.96,1.06,70.92,28.1,4.93,10.97,91.18,67.24,90.5,2.51,36.93,27.4,60.47,46.93,82.98,75.55,43.22,61.83,63.1,-1.27,-2.86,-15.63,-3.07,13.44,-0.43,1.0,0
GTM,320,Guatemala,Americas,upper_middle_income,2016,16268760,10872.59,1.11,71.22,27.0,5.12,10.93,91.41,67.58,91.8,2.58,34.56,25.22,61.14,47.43,83.6,76.64,45.99,62.96,63.24,-0.28,-2.35,-15.36,-2.31,14.19,1.48,,0
GTM,320,Guatemala,Americas,upper_middle_income,2017,16567357,11005.46,1.03,71.58,26.1,5.31,10.88,91.64,67.92,93.3,2.46,37.66,25.18,61.79,47.92,84.29,75.26,46.03,63.06,63.59,-0.53,-1.89,-14.89,-2.32,13.26,0.49,,0
GTM,320,Guatemala,Americas,upper_middle_income,2018,16845685,11192.37,1.11,71.5,25.1,5.49,10.84,91.87,68.25,94.2,2.28,37.9,23.22,62.15,48.42,84.77,75.49,48.74,63.91,63.69,0.22,-1.84,-14.62,-2.0,12.87,3.72,,0
GTM,320,Guatemala,Americas,upper_middle_income,2019,17103803,11466.38,1.15,71.64,24.3,5.68,10.79,92.09,68.57,95.4,2.19,33.76,20.21,62.61,48.92,85.35,77.84,53.38,65.62,64.5,1.12,-1.81,-14.77,-2.17,15.24,6.76,,0
GTM,320,Guatemala,Americas,upper_middle_income,2020,17357325,11097.15,1.02,69.97,23.5,5.67,10.77,92.31,68.89,96.6,2.96,38.26,21.64,61.69,48.8,85.93,73.94,51.1,64.29,64.78,-0.49,-2.45,-15.64,-2.83,13.73,3.35,,0
GTM,320,Guatemala,Americas,upper_middle_income,2021,17598650,11825.14,1.15,67.86,22.7,5.67,10.77,92.53,69.46,97.9,2.17,42.0,21.64,60.44,48.8,86.63,73.54,51.1,64.1,65.02,-0.92,-3.39,-16.1,-3.02,11.85,3.21,,1
GTM,320,Guatemala,Americas,upper_middle_income,2022,17847877,12147.93,1.06,71.21,21.9,5.67,10.77,92.75,70.03,99.1,3.05,39.23,21.64,63.4,48.8,87.3,73.25,51.1,64.77,66.02,-1.25,-2.59,-16.39,-3.0,8.86,3.29,3.0,1
HND,340,Honduras,Americas,lower_middle_income,2000,6577773,4579.69,0.76,68.3,37.3,4.6,9.17,85.7,64.51,67.4,3.88,38.64,31.22,55.39,40.8,72.54,71.9,38.86,55.9,47.88,8.02,9.54,-3.61,13.07,17.27,1.54,1.0,0
HND,340,Honduras,Americas,lower_middle_income,2001,6757993,4578.95,0.87,68.49,35.6,4.67,9.28,86.2,65.51,64.2,4.0,38.57,30.88,56.04,41.35,71.97,71.7,39.23,56.06,48.05,8.01,9.61,-3.42,12.63,17.56,1.99,,0
HND,340,Honduras,Americas,lower_middle_income,2002,6938859,4627.02,0.9,68.71,34.0,4.74,9.4,86.73,66.53,63.1,4.02,38.43,30.25,56.71,41.9,72.12,71.73,39.92,56.48,48.61,7.87,9.52,-3.52,12.01,17.35,2.28,,0
HND,340,Honduras,Americas,lower_middle_income,2003,7119213,4714.87,0.97,68.87,32.5,4.8,9.52,87.2,67.56,65.1,5.3,38.17,29.44,57.32,42.46,73.29,69.31,40.82,56.64,49.04,7.6,9.67,-3.42,12.43,14.48,3.06,,0
HND,340,Honduras,Americas,lower_middle_income,2004,7298994,4885.34,1.07,69.05,31.1,4.87,9.64,87.67,68.57,67.1,5.99,37.9,28.58,57.94,43.01,74.45,68.07,41.81,57.05,49.6,7.46,9.85,-3.82,12.71,12.45,3.57,,0
HND,340,Honduras,Americas,lower_middle_income,2005,7478355,5056.68,0.95,69.2,29.8,4.94,9.76,88.13,69.58,68.9,4.91,37.71,27.77,58.51,43.56,75.54,70.34,42.77,58.14,50.25,7.9,9.43,-3.85,12.48,13.81,4.33,,0
HND,340,Honduras,Americas,lower_middle_income,2006,7656832,5263.15,1.06,69.36,28.6,4.95,9.88,88.59,70.59,71.3,3.57,37.12,26.85,59.09,43.92,76.83,73.32,43.89,59.41,51.24,8.17,9.1,-4.29,12.0,15.68,5.23,,0
HND,340,Honduras,Americas,lower_middle_income,2007,7834798,5461.9,1.11,69.54,27.4,4.95,9.99,89.04,71.58,73.5,3.21,34.04,25.76,59.69,44.27,78.04,75.66,45.27,60.59,51.83,8.76,8.85,-4.72,12.74,17.44,6.34,,0
HND,340,Honduras,Americas,lower_middle_income,2008,8012587,5566.71,1.08,69.66,26.4,5.11,10.11,89.48,72.58,76.4,3.16,33.71,24.71,60.18,45.13,79.49,75.95,46.67,61.48,52.34,9.14,9.01,-4.44,13.16,17.27,7.45,1.0,0
HND,340,Honduras,Americas,lower_middle_income,2009,8189899,5313.76,1.0,69.82,25.4,5.27,10.18,89.92,73.56,78.3,3.29,35.98,23.92,60.73,45.84,80.6,74.48,47.75,61.88,51.89,9.99,9.68,-3.69,15.42,16.42,8.57,,0
HND,340,Honduras,Americas,lower_middle_income,2010,8365878,5396.07,0.95,69.77,24.4,5.43,10.25,90.35,74.54,81.0,4.12,38.08,23.6,61.13,46.55,81.97,71.72,48.19,61.91,52.06,9.86,9.91,-3.34,17.39,13.93,9.08,,0
HND,340,Honduras,Americas,lower_middle_income,2011,8540583,5488.43,1.11,70.12,23.5,5.58,10.08,90.78,75.52,82.2,4.47,37.66,27.55,61.8,46.61,82.83,71.23,43.04,61.1,52.41,8.69,10.01,-3.85,17.88,13.53,5.67,,0
HND,340,Honduras,Americas,lower_middle_income,2012,8715076,5600.61,1.14,70.46,22.7,5.52,9.92,91.2,76.49,83.6,3.76,41.19,24.21,62.44,45.94,83.76,70.81,47.35,62.06,52.44,9.62,10.3,-4.95,18.22,13.19,10.81,,0
HND,340,Honduras,Americas,lower_middle_income,2013,8889278,5644.13,1.14,70.76,21.9,5.85,9.89,91.61,77.45,87.2,5.65,38.66,26.21,63.06,46.95,85.42,68.36,44.7,61.7,52.89,8.81,10.64,-3.93,19.47,10.57,6.63,,0
HND,340,Honduras,Americas,lower_middle_income,2014,9063122,5705.16,1.1,71.03,21.1,6.18,9.51,92.02,78.41,88.7,7.08,34.86,24.2,63.67,47.01,86.38,67.5,47.37,62.38,53.26,9.12,10.72,-4.19,20.29,9.94,8.4,,0
HND,340,Honduras,Americas,lower_middle_income,2015,9237305,5812.53,1.17,71.32,20.3,6.29,9.74,92.42,79.36,90.0,6.15,37.72,24.69,64.32,48.05,87.26,67.85,46.69,62.83,53.2,9.63,10.79,-3.82,20.06,10.47,10.81,1.0,0
HND,340,Honduras,Americas,lower_middle_income,2016,9412380,5926.49,1.03,71.61,19.6,6.53,9.72,92.82,80.31,91.6,6.73,33.24,22.88,64.92,48.77,88.24,69.05,49.23,64.04,53.79,10.25,10.79,-3.62,20.86,11.22,11.96,,0
HND,340,Honduras,Americas,lower_middle_income,2017,9588137,6099.61,0.97,71.81,18.9,6.41,9.64,93.2,81.25,86.5,5.53,36.73,22.06,65.46,48.14,86.98,69.61,50.46,64.13,54.65,9.48,10.78,-4.64,17.92,11.62,11.45,,0
HND,340,Honduras,Americas,lower_middle_income,2018,9765210,6219.28,0.92,72.0,18.2,6.29,9.67,93.59,82.18,91.6,5.65,36.45,20.52,66.02,47.83,89.12,69.52,52.87,65.07,54.96,10.11,10.81,-5.41,19.13,10.96,14.02,,0
HND,340,Honduras,Americas,lower_middle_income,2019,9943633,6264.02,1.02,72.12,17.7,7.09,9.96,93.96,83.11,91.1,5.7,34.89,18.14,66.42,51.3,89.39,70.24,56.98,66.87,55.63,11.24,10.87,-2.36,18.91,11.83,16.74,,0
HND,340,Honduras,Americas,lower_middle_income,2020,10119640,5603.26,0.91,70.86,17.1,7.3,9.96,94.33,84.03,93.1,10.98,35.38,20.31,65.83,51.99,90.49,59.41,53.2,64.18,54.47,9.71,11.22,-1.19,21.1,3.94,13.49,,0
HND,340,Honduras,Americas,lower_middle_income,2021,10289877,6202.98,1.01,69.49,16.5,7.3,9.96,94.69,84.95,94.1,8.51,34.92,20.31,65.16,51.99,91.25,64.61,53.2,65.24,55.7,9.55,9.92,-2.47,18.58,7.65,12.65,,1
HND,340,Honduras,Americas,lower_middle_income,2022,10463872,6352.59,1.01,72.72,16.0,7.3,9.96,95.09,85.86,94.4,8.77,34.63,20.31,67.97,51.99,91.78,64.23,53.2,65.84,56.76,9.07,10.8,-2.87,18.17,5.14,12.42,1.0,1
HRV,191,Croatia,Europe & Central Asia,high_income,2000,4468302,21302.25,4.34,72.81,8.3,9.62,12.82,98.65,98.45,100.0,16.06,18.76,22.61,75.17,67.69,99.03,58.0,49.63,69.9,70.68,-0.78,4.43,-0.23,4.35,-11.95,-2.43,3.0,0
HRV,191,Croatia,Europe & Central Asia,high_income,2001,4299642,22826.62,4.78,74.51,8.0,9.93,13.54,98.65,98.45,100.0,15.82,19.21,22.92,76.88,70.7,99.04,58.25,49.17,70.81,71.88,-1.07,4.64,0.95,3.79,-12.62,-3.45,,0
HRV,191,Croatia,Europe & Central Asia,high_income,2002,4302174,24137.11,4.96,74.72,7.7,10.05,13.66,98.76,98.29,100.0,15.05,18.86,23.47,77.45,71.45,99.02,59.97,48.38,71.26,72.71,-1.45,4.03,0.22,3.39,-11.51,-4.89,,0
HRV,191,Croatia,Europe & Central Asia,high_income,2003,4303399,25473.91,5.29,74.61,8.2,10.17,13.87,98.87,98.07,100.0,13.92,18.0,24.08,76.69,72.42,98.98,62.68,47.53,71.66,73.54,-1.87,2.29,-0.26,3.0,-8.92,-6.53,,0
HRV,191,Croatia,Europe & Central Asia,high_income,2004,4304600,26528.89,5.28,75.52,7.1,10.29,14.11,98.98,97.85,99.9,13.66,16.82,24.57,78.95,73.49,98.91,63.82,46.86,72.41,74.01,-1.6,3.83,0.21,2.8,-8.54,-7.58,,0
HRV,191,Croatia,Europe & Central Asia,high_income,2005,4310145,27641.21,5.3,75.24,6.7,10.41,14.34,99.08,97.64,99.9,12.6,15.93,24.77,79.37,74.56,98.87,66.42,46.58,73.16,74.57,-1.41,3.63,0.34,2.65,-6.98,-8.31,,0
HRV,191,Croatia,Europe & Central Asia,high_income,2006,4311159,29035.53,5.34,75.84,6.4,10.54,14.47,99.19,97.42,99.8,11.13,15.08,24.44,80.32,75.33,98.8,69.8,47.04,74.26,75.32,-1.07,4.1,0.36,2.43,-5.23,-8.47,,0
HRV,191,Croatia,Europe & Central Asia,high_income,2007,4310217,30508.28,5.69,75.71,6.2,10.66,14.55,99.29,97.2,99.8,9.91,14.4,23.64,80.57,75.94,98.77,72.6,48.15,75.2,76.11,-0.91,3.73,0.35,2.33,-3.92,-8.05,,0
HRV,191,Croatia,Europe & Central Asia,high_income,2008,4309705,31113.86,5.41,75.91,5.9,10.78,14.49,99.4,96.99,100.0,8.53,13.87,22.68,81.26,76.19,98.79,75.64,49.52,76.28,76.67,-0.39,3.73,0.01,2.23,-1.67,-7.33,3.0,0
HRV,191,Croatia,Europe & Central Asia,high_income,2009,4305181,29024.76,5.03,76.17,5.7,10.9,14.45,99.5,96.77,100.0,9.2,13.8,21.89,81.84,76.48,98.76,74.33,50.72,76.43,75.95,0.48,3.94,0.33,2.17,0.76,-6.31,,0
HRV,191,Croatia,Europe & Central Asia,high_income,2010,4295427,28702.0,4.88,76.48,5.5,11.02,14.7,99.6,96.56,100.0,11.62,14.0,21.55,82.46,77.56,98.72,69.39,51.23,75.87,75.64,0.24,4.65,1.39,2.19,-3.01,-5.48,,0
HRV,191,Croatia,Europe & Central Asia,high_income,2011,4280622,28769.33,4.78,76.78,5.3,11.14,14.82,99.7,96.34,100.0,13.68,13.92,23.61,83.09,78.31,98.68,65.32,48.18,74.72,75.84,-1.12,4.8,1.59,1.97,-8.02,-7.71,,0
HRV,191,Croatia,Europe & Central Asia,high_income,2012,4260368,28259.35,4.41,77.17,5.2,11.27,14.99,99.8,96.13,100.0,16.05,13.0,20.92,83.6,79.19,98.64,61.07,52.22,74.95,75.7,-0.75,5.35,2.44,2.06,-11.76,-4.85,,0
HRV,191,Croatia,Europe & Central Asia,high_income,2013,4233922,28397.86,4.34,77.57,5.1,11.4,15.28,99.9,95.92,100.0,17.23,11.99,20.26,84.12,80.44,98.61,59.23,53.29,75.14,76.02,-0.89,5.38,2.79,1.85,-14.11,-3.98,,0
HRV,191,Croatia,Europe & Central Asia,high_income,2014,4201598,28456.74,4.21,77.72,5.0,11.53,15.36,99.9,95.71,100.0,17.21,11.55,19.83,84.45,81.08,98.54,59.5,54.01,75.52,76.5,-0.98,5.44,3.08,1.59,-14.06,-3.77,,0
HRV,191,Croatia,Europe & Central Asia,high_income,2015,4151725,29466.7,4.34,77.28,4.9,11.66,15.32,99.9,95.72,100.0,16.15,11.62,20.17,84.33,81.39,98.54,61.59,53.44,75.86,77.03,-1.18,4.7,2.82,1.4,-12.8,-4.84,3.0,0
HRV,191,Croatia,Europe & Central Asia,high_income,2016,4106867,30821.16,4.45,77.92,4.9,11.79,15.31,99.9,95.73,100.0,13.02,10.67,18.18,84.83,81.82,98.54,68.35,56.91,78.09,78.13,-0.04,4.42,2.56,1.07,-7.32,-3.84,,0
HRV,191,Croatia,Europe & Central Asia,high_income,2017,4041407,32348.93,4.65,77.73,4.8,11.92,15.4,99.9,95.74,100.0,11.08,10.13,18.76,84.9,82.53,98.55,72.51,55.86,78.87,78.79,0.08,3.71,2.58,0.91,-4.15,-5.46,,0
HRV,191,Croatia,Europe & Central Asia,high_income,2018,3988775,33729.91,4.45,77.92,4.8,12.05,15.46,99.9,95.75,100.0,8.32,9.66,20.0,85.05,83.12,98.55,78.27,53.72,79.74,79.37,0.37,3.18,2.51,0.75,0.4,-7.82,,0
HRV,191,Croatia,Europe & Central Asia,high_income,2019,3949390,35122.85,4.55,78.22,4.7,12.19,15.46,99.9,95.77,100.0,6.55,9.22,15.91,85.51,83.59,98.56,82.04,61.35,82.21,80.44,1.77,2.92,2.22,0.54,3.56,-3.08,,0
HRV,191,Croatia,Europe & Central Asia,high_income,2020,3914206,32493.31,4.39,77.52,4.7,12.33,15.49,99.9,95.78,100.0,7.39,8.84,16.12,84.97,84.11,98.56,80.57,60.92,81.83,79.91,1.91,3.36,2.81,0.41,4.76,-3.71,,0
HRV,191,Croatia,Europe & Central Asia,high_income,2021,3878981,36930.28,4.51,76.42,4.6,12.33,15.57,99.9,95.79,100.0,7.48,8.8,16.12,84.36,84.35,98.57,80.4,60.92,81.72,80.9,0.82,2.1,1.83,0.2,2.64,-5.07,,1
HRV,191,Croatia,Europe & Central Asia,high_income,2022,3855641,39864.01,4.57,77.58,4.6,12.33,15.57,99.9,95.79,100.0,6.81,7.99,16.12,85.25,84.35,98.57,82.18,60.92,82.25,82.03,0.22,1.46,1.19,0.04,1.67,-6.0,4.0,2
HTI,332,Haiti,Americas,low_income,2000,8303151,3267.08,0.2,58.18,102.9,3.74,9.04,54.39,19.44,33.7,8.44,75.39,20.24,36.58,37.57,35.84,43.43,53.33,41.35,42.35,-1.0,-3.31,-1.38,-11.13,-9.02,18.83,0.0,0
HTI,332,Haiti,Americas,low_income,2001,8455918,3197.06,0.2,58.59,99.4,3.84,9.15,55.64,20.13,31.5,9.73,75.34,20.16,37.28,38.23,35.75,40.89,53.45,41.12,42.14,-1.02,-2.78,-0.76,-10.04,-11.24,19.17,,0
HTI,332,Haiti,Americas,low_income,2002,8607641,3173.74,0.23,59.04,96.2,3.95,9.26,56.87,20.8,33.1,11.01,75.32,19.95,37.98,38.9,36.92,38.34,53.81,41.19,42.36,-1.17,-2.52,-0.49,-9.04,-14.0,19.35,,0
HTI,332,Haiti,Americas,low_income,2003,8759912,3227.12,0.22,59.44,93.3,4.06,9.38,58.08,21.47,31.6,12.15,75.04,19.67,38.62,39.58,37.05,36.2,54.28,41.15,42.92,-1.77,-2.5,-0.42,-10.1,-16.58,19.46,,0
HTI,332,Haiti,Americas,low_income,2004,8910263,3130.86,0.2,58.52,90.7,4.17,9.49,58.97,22.0,34.1,13.42,74.92,19.4,38.21,40.25,38.36,33.74,54.74,41.06,42.83,-1.76,-2.68,0.02,-8.1,-19.4,19.44,,0
HTI,332,Haiti,Americas,low_income,2005,9061273,3173.26,0.2,60.32,88.4,4.27,9.61,59.8,22.5,34.5,14.56,74.78,19.21,39.88,40.94,38.94,31.53,55.07,41.27,43.25,-1.98,-1.79,0.29,-8.55,-22.12,19.57,,0
HTI,332,Haiti,Americas,low_income,2006,9216562,3174.98,0.2,60.74,86.2,4.36,9.73,60.62,23.0,33.9,15.87,74.62,19.1,40.48,41.56,39.18,29.0,55.27,41.1,43.7,-2.61,-1.68,0.42,-9.0,-25.06,19.59,,0
HTI,332,Haiti,Americas,low_income,2007,9373296,3268.82,0.23,61.09,84.1,4.45,9.84,61.43,23.49,35.5,16.8,74.62,19.0,41.01,42.19,40.14,27.13,55.43,41.18,44.22,-3.04,-1.94,0.36,-8.57,-27.19,19.49,,0
HTI,332,Haiti,Americas,low_income,2008,9530774,3300.26,0.23,61.28,82.2,4.54,9.97,62.22,23.97,36.1,16.2,74.49,18.93,41.41,42.83,40.76,28.39,55.57,41.79,44.74,-2.95,-1.9,0.38,-8.88,-26.21,19.26,0.0,0
HTI,332,Haiti,Americas,low_income,2009,9689581,3437.38,0.22,61.69,80.2,4.63,10.09,62.99,24.44,36.6,15.4,74.36,18.87,41.99,43.46,41.34,30.07,55.67,42.51,45.36,-2.85,-2.57,-0.05,-9.63,-24.72,19.15,,0
HTI,332,Haiti,Americas,low_income,2010,9803294,3205.5,0.27,45.58,137.7,4.72,10.21,63.74,24.9,37.2,15.24,74.47,18.83,23.73,44.11,41.95,30.32,55.73,39.17,44.53,-5.36,-19.99,1.1,-5.88,-23.75,19.49,,0
HTI,332,Haiti,Americas,low_income,2011,9914904,3331.0,0.3,61.58,76.5,4.82,10.34,64.48,25.34,37.8,14.51,74.3,18.89,42.42,44.79,42.54,31.88,55.64,43.46,45.1,-1.65,-2.41,1.12,-6.63,-22.25,21.51,,0
HTI,332,Haiti,Americas,low_income,2012,10069771,3296.25,0.27,62.27,74.6,4.93,10.46,65.21,25.78,37.9,14.1,74.3,19.06,43.22,45.48,42.96,32.69,55.32,43.94,44.73,-0.79,-1.84,1.88,-6.06,-21.17,22.7,,0
HTI,332,Haiti,Americas,low_income,2013,10222362,3387.47,0.29,62.62,72.8,5.03,10.59,65.91,26.21,38.9,13.7,74.37,19.4,43.76,46.18,43.67,33.45,54.75,44.36,45.92,-1.55,-2.09,2.07,-6.7,-20.76,19.2,,0
HTI,332,Haiti,Americas,low_income,2014,10373235,3434.64,0.31,62.97,70.9,5.13,10.72,66.6,26.62,39.6,13.81,74.12,20.76,44.31,46.87,44.27,33.38,52.48,44.26,46.22,-1.95,-2.02,2.36,-6.54,-20.76,16.5,,0
HTI,332,Haiti,Americas,low_income,2015,10523242,3433.08,0.33,63.22,69.1,5.23,10.85,67.27,27.03,40.8,13.78,74.14,21.51,44.79,47.57,45.03,33.41,51.3,44.42,45.65,-1.23,-1.95,2.7,-6.23,-20.51,20.08,0.0,0
HTI,332,Haiti,Americas,low_income,2016,10671457,3446.75,0.34,63.32,67.2,5.31,10.98,67.92,27.42,40.4,13.9,74.27,20.53,45.17,48.18,45.25,33.11,52.85,44.91,46.29,-1.38,-2.09,2.96,-6.1,-21.09,20.19,,0
HTI,332,Haiti,Americas,low_income,2017,10817754,3485.49,0.33,63.83,65.3,5.38,11.1,68.55,27.79,43.3,13.93,74.33,20.71,45.87,48.79,46.55,33.02,52.56,45.36,46.99,-1.63,-1.76,3.25,-5.96,-21.32,18.11,,0
HTI,332,Haiti,Americas,low_income,2018,10962362,3496.88,0.32,64.08,63.4,5.46,11.12,69.15,28.16,44.4,13.93,74.23,21.55,46.38,49.07,47.24,33.07,51.24,45.4,47.35,-1.95,-1.7,3.21,-6.35,-21.63,16.63,,0
HTI,332,Haiti,Americas,low_income,2019,11105163,3392.43,0.32,64.33,61.5,5.53,11.13,69.74,28.51,45.4,14.1,74.29,20.94,46.9,49.35,47.88,32.71,52.19,45.81,47.53,-1.72,-1.21,3.47,-5.01,-21.6,15.94,,0
HTI,332,Haiti,Americas,low_income,2020,11243848,3239.84,0.31,63.77,59.8,5.61,11.14,70.49,28.66,46.3,15.57,76.6,21.35,46.78,49.64,48.48,28.54,51.54,45.0,47.37,-2.37,-1.28,3.09,-5.14,-23.76,15.73,,0
HTI,332,Haiti,Americas,low_income,2021,11374586,3145.01,0.3,62.61,58.1,5.61,11.14,71.22,28.79,47.2,15.3,76.0,21.35,46.2,49.64,49.07,29.41,51.54,45.17,46.99,-1.82,-1.14,3.54,-4.61,-22.99,15.9,,1
HTI,332,Haiti,Americas,low_income,2022,11503606,3057.43,0.29,63.95,56.2,5.61,11.14,71.94,28.91,49.3,14.54,75.89,21.35,47.59,49.64,50.05,30.98,51.54,45.96,47.13,-1.18,-0.92,3.97,-3.32,-22.82,15.92,0.0,1
HUN,348,Hungary,Europe & Central Asia,high_income,2000,10210971,22117.92,5.82,71.25,10.1,10.17,14.32,93.9,98.04,100.0,6.56,11.77,20.66,71.84,73.68,97.31,80.68,52.65,75.23,71.1,4.13,0.61,5.28,2.41,10.15,0.24,3.0,0
HUN,348,Hungary,Europe & Central Asia,high_income,2001,10187576,23069.21,5.99,72.25,9.5,10.24,14.66,94.19,98.04,100.0,5.67,11.3,20.82,73.27,74.87,97.41,82.71,52.38,76.13,71.99,4.14,0.9,4.99,2.11,11.67,-0.34,,0
HUN,348,Hungary,Europe & Central Asia,high_income,2002,10158608,24229.3,5.9,72.35,9.0,10.39,15.05,94.51,98.04,100.0,5.61,10.58,21.15,73.94,76.45,97.52,83.22,51.85,76.59,72.75,3.85,0.47,5.17,1.86,11.67,-1.45,,0
HUN,348,Hungary,Europe & Central Asia,high_income,2003,10129552,25255.87,6.19,72.3,8.4,10.54,15.44,94.83,98.04,100.0,5.79,10.14,21.53,74.65,78.0,97.62,83.08,51.26,76.92,73.44,3.48,0.36,5.43,1.68,11.62,-2.71,,0
HUN,348,Hungary,Europe & Central Asia,high_income,2004,10107146,26568.12,6.02,72.65,8.0,10.68,15.18,95.14,98.03,100.0,5.83,10.9,21.85,75.45,77.78,97.73,82.6,50.77,76.87,74.02,2.84,0.3,4.48,1.61,10.22,-3.68,,0
HUN,348,Hungary,Europe & Central Asia,high_income,2005,10087065,27765.79,6.07,72.65,7.5,10.83,15.36,95.46,98.03,99.9,7.19,10.27,21.98,76.15,78.79,97.8,80.22,50.57,76.7,74.62,2.08,0.34,4.51,1.55,6.75,-4.38,,0
HUN,348,Hungary,Europe & Central Asia,high_income,2006,10071370,28903.05,6.02,73.1,7.2,11.08,15.45,95.77,98.02,99.9,7.49,9.48,21.82,76.94,79.84,97.9,80.02,50.81,77.1,75.27,1.83,0.78,4.93,1.55,5.05,-4.64,,0
HUN,348,Hungary,Europe & Central Asia,high_income,2007,10055780,29044.07,5.88,73.15,6.8,11.32,15.46,96.08,98.02,100.0,7.41,9.22,21.45,77.6,80.68,98.03,80.34,51.39,77.61,75.51,2.1,1.47,5.74,1.86,4.5,-4.12,,0
HUN,348,Hungary,Europe & Central Asia,high_income,2008,10038188,29384.01,5.76,73.7,6.5,11.57,15.45,96.39,98.02,100.0,7.82,8.95,21.0,78.51,81.47,98.13,79.66,52.1,77.97,75.98,2.0,1.8,6.03,1.86,3.13,-3.95,3.0,0
HUN,348,Hungary,Europe & Central Asia,high_income,2009,10022650,27445.96,5.16,73.9,6.2,11.81,15.4,96.69,98.01,100.0,10.03,9.25,20.62,79.18,82.16,98.23,75.07,52.7,77.47,75.27,2.2,2.1,6.74,1.93,2.26,-3.5,,0
HUN,348,Hungary,Europe & Central Asia,high_income,2010,10000023,27801.83,5.23,74.21,6.0,11.88,15.49,96.98,98.01,100.0,11.17,8.99,20.47,79.77,82.62,98.33,72.92,52.96,77.32,75.25,2.07,2.43,6.86,1.96,0.98,-3.25,,0
HUN,348,Hungary,Europe & Central Asia,high_income,2011,9971727,28415.12,5.16,74.86,5.9,11.92,15.5,97.28,98.0,100.0,11.03,8.88,21.31,80.45,82.8,98.43,73.27,51.61,77.31,75.68,1.63,2.35,6.25,1.78,0.1,-4.09,,0
HUN,348,Hungary,Europe & Central Asia,high_income,2012,9920362,28179.66,4.8,75.06,5.7,11.84,15.49,97.56,98.0,100.0,11.0,8.57,18.93,80.99,82.49,98.52,73.48,55.56,78.21,75.66,2.55,2.78,5.78,1.95,0.7,-1.46,,0
HUN,348,Hungary,Europe & Central Asia,high_income,2013,9872734,28891.02,4.54,75.57,5.6,12.01,15.83,97.84,98.0,100.0,10.18,8.23,17.85,81.56,84.0,98.61,75.32,57.52,79.4,76.26,3.15,2.57,6.1,1.78,1.75,-0.12,,0
HUN,348,Hungary,Europe & Central Asia,high_income,2014,9833038,30264.95,4.56,75.76,5.3,11.77,15.59,98.12,98.0,100.0,7.72,8.23,17.94,82.31,82.54,98.71,80.22,57.35,80.23,77.31,2.91,2.4,3.72,1.49,5.8,-1.75,,0
HUN,348,Hungary,Europe & Central Asia,high_income,2015,9797755,31485.57,4.85,75.57,5.1,11.85,15.32,98.39,98.0,100.0,6.81,7.94,17.98,82.58,82.04,98.8,82.19,57.28,80.58,77.91,2.66,1.99,2.57,1.37,6.81,-2.35,4.0,0
HUN,348,Hungary,Europe & Central Asia,high_income,2016,9759755,32378.97,4.95,76.06,4.7,11.89,15.15,98.67,97.99,100.0,5.12,7.8,16.24,83.85,81.72,98.89,85.66,60.68,82.16,78.79,3.37,2.73,1.79,1.22,9.28,-1.19,,0
HUN,348,Hungary,Europe & Central Asia,high_income,2017,9726756,33828.71,5.26,75.82,4.5,11.98,15.25,98.94,97.99,100.0,4.16,7.42,17.02,84.13,82.28,98.98,87.78,59.1,82.46,79.39,3.07,2.3,1.72,1.17,10.43,-3.13,,0
HUN,348,Hungary,Europe & Central Asia,high_income,2018,9706964,35798.04,5.28,76.07,4.3,12.07,15.17,99.21,97.99,100.0,3.67,7.46,17.5,84.82,82.37,99.07,88.74,58.18,82.63,80.18,2.45,2.11,0.93,1.06,9.91,-4.67,,0
HUN,348,Hungary,Europe & Central Asia,high_income,2019,9694824,37662.68,5.31,76.32,4.1,12.16,15.03,99.48,97.99,100.0,3.41,7.59,14.64,85.53,82.28,99.15,89.18,64.14,84.06,81.4,2.66,1.92,-0.08,0.91,9.49,-1.79,,0
HUN,348,Hungary,Europe & Central Asia,high_income,2020,9670419,36119.52,5.13,75.42,4.0,12.25,15.06,99.74,97.98,100.0,4.25,8.5,14.14,85.1,82.66,99.24,87.03,65.31,83.87,81.38,2.49,1.85,-0.2,0.77,9.38,-1.54,,0
HUN,348,Hungary,Europe & Central Asia,high_income,2021,9630932,38887.19,5.29,74.07,4.0,12.25,15.07,99.97,97.98,100.0,4.02,8.73,14.14,84.06,82.7,99.32,87.36,65.31,83.75,81.6,2.15,1.01,-0.59,0.81,8.75,-1.8,,1
HUN,348,Hungary,Europe & Central Asia,high_income,2022,9605074,40610.97,4.95,75.87,3.9,12.25,15.07,100.0,97.98,100.0,3.58,8.54,14.14,85.72,82.7,99.33,88.34,65.31,84.28,82.28,2.0,1.68,-0.72,0.76,7.54,-2.02,4.0,1
IDN,360,Indonesia,East Asia & Pacific,lower_middle_income,2000,216077790,6056.38,1.38,66.29,51.4,5.95,10.76,75.78,41.58,86.3,6.08,65.22,26.21,50.36,49.75,67.89,53.52,44.7,53.24,52.79,0.46,-0.46,0.59,-1.68,-3.53,4.27,1.0,0
IDN,360,Indonesia,East Asia & Pacific,lower_middle_income,2001,219097902,6190.52,1.46,66.58,49.0,6.23,10.81,76.78,43.53,86.3,6.08,61.29,25.85,51.1,50.79,68.87,55.58,45.15,54.3,53.42,0.88,-0.74,0.79,-1.5,-0.97,4.55,,0
IDN,360,Indonesia,East Asia & Pacific,lower_middle_income,2002,222088495,6381.95,1.46,66.95,46.7,6.5,10.95,77.76,45.5,87.6,6.6,61.13,25.53,51.91,52.08,70.29,54.62,45.58,54.89,54.2,0.69,-1.06,1.25,-1.46,-2.19,4.62,,0
IDN,360,Indonesia,East Asia & Pacific,lower_middle_income,2003,225048008,6599.09,1.57,67.13,44.6,6.77,11.19,78.74,47.48,87.9,6.66,62.91,25.2,52.55,53.66,71.38,53.57,46.01,55.43,55.05,0.39,-1.34,2.02,-2.04,-3.68,4.78,,0
IDN,360,Indonesia,East Asia & Pacific,lower_middle_income,2004,227926649,6843.55,1.58,65.52,48.6,7.05,11.33,79.71,49.48,89.0,7.3,61.25,24.83,50.38,54.95,72.73,53.16,46.51,55.54,55.48,0.07,-3.87,2.41,-1.34,-4.86,5.02,,0
IDN,360,Indonesia,East Asia & Pacific,lower_middle_income,2005,230871650,7140.85,1.57,67.53,40.7,7.32,11.24,80.67,51.48,84.8,7.94,59.08,24.39,53.85,55.62,72.32,53.01,47.1,56.38,56.24,0.14,-1.51,2.33,-3.13,-6.08,5.43,,0
IDN,360,Indonesia,East Asia & Pacific,lower_middle_income,2006,233951652,7434.49,1.64,67.66,38.9,7.59,11.37,81.62,53.5,90.6,7.55,58.58,23.89,54.44,56.89,75.24,54.06,47.8,57.69,57.03,0.66,-1.6,3.1,-1.58,-6.28,6.18,,0
IDN,360,Indonesia,East Asia & Pacific,lower_middle_income,2007,237062337,7802.46,1.69,67.91,37.2,7.02,12.01,82.56,55.53,91.1,8.06,58.98,23.32,55.12,56.78,76.4,52.84,48.6,57.95,57.74,0.2,-1.95,2.06,-1.04,-8.36,6.7,,0
IDN,360,Indonesia,East Asia & Pacific,lower_middle_income,2008,240157903,8165.06,1.65,68.08,35.6,7.07,11.98,83.49,57.57,92.7,7.21,58.46,22.62,55.73,56.83,77.92,54.81,49.62,58.98,58.55,0.44,-2.15,1.27,-1.0,-7.27,7.43,1.0,0
IDN,360,Indonesia,East Asia & Pacific,lower_middle_income,2009,243220028,8435.46,1.69,68.27,34.1,7.31,12.43,84.39,59.61,93.6,6.11,58.37,21.73,56.34,58.89,79.2,57.07,50.96,60.49,59.35,1.14,-2.62,1.99,-1.06,-4.77,7.91,,0
IDN,360,Indonesia,East Asia & Pacific,lower_middle_income,2010,246305322,8848.22,1.8,68.36,32.6,7.41,12.64,85.17,61.66,94.2,5.61,57.25,20.6,56.9,59.83,80.34,58.64,52.74,61.69,60.16,1.53,-2.81,1.98,-0.63,-3.16,9.3,,0
IDN,360,Indonesia,East Asia & Pacific,lower_middle_income,2011,249470032,9274.97,2.0,68.63,31.2,7.51,12.96,85.64,63.69,94.8,5.15,54.1,17.92,57.58,61.05,81.38,61.22,57.39,63.72,60.82,2.9,-2.9,2.03,-0.56,-0.8,15.05,,0
IDN,360,Indonesia,East Asia & Pacific,lower_middle_income,2012,252698525,9708.61,2.0,68.86,29.9,7.61,13.3,86.07,65.73,96.0,4.47,51.29,19.55,58.22,62.3,82.6,64.07,54.48,64.33,61.37,2.97,-2.76,2.19,-0.45,1.77,11.67,,0
IDN,360,Indonesia,East Asia & Pacific,lower_middle_income,2013,255852467,10121.81,1.86,69.06,28.6,7.7,13.33,86.5,67.78,96.5,4.34,50.88,20.1,58.86,62.7,83.59,64.55,53.55,64.65,61.97,2.68,-2.9,1.84,-0.33,1.67,10.27,,0
IDN,360,Indonesia,East Asia & Pacific,lower_middle_income,2014,258877399,10504.39,1.95,69.29,27.3,7.8,13.26,86.91,69.83,97.0,4.05,50.45,18.54,59.54,62.83,84.58,65.35,56.26,65.71,62.95,2.76,-3.15,0.98,-0.51,2.94,11.66,,0
IDN,360,Indonesia,East Asia & Pacific,lower_middle_income,2015,261799249,10893.66,1.96,69.52,26.1,7.91,13.64,87.3,71.89,97.5,4.51,48.21,18.67,60.2,64.27,85.56,65.6,56.02,66.33,63.24,3.09,-3.28,1.55,-0.69,3.4,12.25,3.0,0
IDN,360,Indonesia,East Asia & Pacific,lower_middle_income,2016,264627418,11319.66,1.92,69.73,25.0,7.98,13.61,87.68,73.96,97.6,4.3,48.33,19.13,60.83,64.38,86.41,65.96,55.21,66.56,63.83,2.73,-3.28,0.88,-0.55,3.19,10.2,,0
IDN,360,Indonesia,East Asia & Pacific,lower_middle_income,2017,267346658,11772.57,2.0,69.95,23.8,8.24,13.73,88.05,76.03,98.1,3.78,48.49,16.96,61.54,65.6,87.39,66.91,59.24,68.14,64.55,3.58,-3.19,1.58,-0.91,4.5,12.92,,0
IDN,360,Indonesia,East Asia & Pacific,lower_middle_income,2018,269951846,12262.23,2.21,70.08,22.8,8.16,13.79,88.41,78.1,98.5,4.39,49.12,18.44,62.1,65.5,88.34,65.37,56.44,67.55,65.0,2.55,-3.29,0.88,-0.52,2.1,10.33,,0
IDN,360,Indonesia,East Asia & Pacific,lower_middle_income,2019,272489381,12757.79,2.34,70.35,21.8,8.36,13.88,88.75,80.18,98.9,3.59,49.14,19.43,62.79,66.42,89.28,66.96,54.69,68.03,66.0,2.03,-3.24,0.93,-0.58,3.63,6.75,,0
IDN,360,Indonesia,East Asia & Pacific,lower_middle_income,2020,274814866,12388.54,2.17,68.82,20.8,8.56,13.98,89.09,82.26,97.0,4.26,50.31,17.88,62.13,67.34,89.45,65.01,57.46,68.28,66.34,1.94,-3.61,1.05,-1.63,4.06,8.3,,0
IDN,360,Indonesia,East Asia & Pacific,lower_middle_income,2021,276758053,12757.07,2.25,67.45,19.9,8.56,13.98,89.4,84.34,99.2,3.83,49.9,17.88,61.56,67.34,90.98,66.08,57.46,68.68,66.08,2.61,-3.35,1.21,-0.09,3.78,8.61,,1
IDN,360,Indonesia,East Asia & Pacific,lower_middle_income,2022,278830529,13334.27,2.59,70.92,19.1,8.56,13.98,89.71,85.65,100.0,3.46,50.28,17.88,64.67,67.34,91.79,66.61,57.46,69.58,67.3,2.28,-2.63,0.7,-0.15,1.42,8.52,3.0,1
IND,356,India,South Asia,lower_middle_income,2000,1057922733,3099.5,0.94,62.75,91.8,4.14,8.24,79.49,14.66,60.3,7.59,83.72,61.51,41.34,36.69,51.49,40.76,16.22,37.3,41.54,-4.24,2.33,-1.4,6.36,-11.44,-17.9,0.0,0
IND,356,India,South Asia,lower_middle_income,2001,1077898575,3188.81,0.94,63.16,88.1,4.22,8.24,80.07,17.22,62.0,7.61,83.68,61.91,42.1,36.97,53.1,40.73,16.01,37.78,42.1,-4.32,2.08,-1.99,7.39,-11.39,-18.26,,0
IND,356,India,South Asia,lower_middle_income,2002,1097600380,3250.7,0.96,63.65,84.6,4.3,8.42,80.77,19.96,62.3,7.68,83.59,62.37,42.92,37.71,54.34,40.64,15.76,38.27,42.71,-4.43,2.02,-2.05,7.57,-11.79,-18.83,,0
IND,356,India,South Asia,lower_middle_income,2003,1116803006,3445.93,0.97,64.09,81.1,4.38,8.99,81.47,22.73,65.4,7.63,83.5,62.77,43.71,39.57,56.53,40.79,15.55,39.23,43.84,-4.61,1.55,-1.36,7.24,-12.26,-19.59,,0
IND,356,India,South Asia,lower_middle_income,2004,1135991513,3656.13,1.03,64.48,77.7,4.45,9.24,82.17,25.5,64.4,7.6,83.31,62.95,44.48,40.51,57.36,40.96,15.45,39.75,44.93,-5.18,1.26,-1.86,6.0,-12.91,-20.51,,0
IND,356,India,South Asia,lower_middle_income,2005,1154676322,3881.97,1.05,64.94,74.3,4.53,9.49,82.87,28.3,68.8,7.55,83.15,62.77,45.32,41.46,59.99,41.13,15.55,40.69,45.95,-5.26,0.71,-1.84,6.2,-13.57,-20.72,,0
IND,356,India,South Asia,lower_middle_income,2006,1172878890,4129.78,1.11,65.37,71.0,4.64,9.74,83.56,31.11,67.9,7.55,82.93,61.2,46.15,42.51,60.86,41.25,16.39,41.43,47.3,-5.87,0.2,-2.03,4.41,-14.46,-20.32,,0
IND,356,India,South Asia,lower_middle_income,2007,1190676021,4379.7,1.19,65.8,67.8,4.74,9.99,84.26,33.94,72.3,7.56,82.74,58.02,46.98,43.56,63.5,41.33,18.17,42.71,48.24,-5.53,-0.16,-2.07,5.7,-14.99,-18.99,,0
IND,356,India,South Asia,lower_middle_income,2008,1207930964,4450.39,1.26,66.25,64.5,4.85,10.27,84.95,36.78,74.1,7.63,82.64,54.37,47.86,44.71,65.28,41.25,20.34,43.89,48.81,-4.92,0.4,-1.52,6.32,-15.46,-17.15,0.0,0
IND,356,India,South Asia,lower_middle_income,2009,1225524753,4731.36,1.32,66.7,61.2,4.96,10.2,85.64,39.64,75.0,7.64,82.48,51.35,48.78,44.87,66.76,41.32,22.25,44.79,50.0,-5.21,-0.32,-2.89,5.53,-15.76,-15.94,,0
IND,356,India,South Asia,lower_middle_income,2010,1243481564,5059.28,1.39,67.16,58.1,5.07,10.51,86.32,42.52,76.3,7.63,82.31,50.1,49.7,46.09,68.38,41.42,23.07,45.73,50.99,-5.26,-0.43,-2.81,6.01,-15.84,-15.45,,0
IND,356,India,South Asia,lower_middle_income,2011,1261224954,5249.55,1.46,67.62,55.0,5.3,11.07,87.01,45.41,79.5,7.61,80.97,61.71,50.65,48.42,70.64,42.17,16.11,45.6,51.67,-6.08,-0.42,-1.33,7.16,-15.15,-20.78,,0
IND,356,India,South Asia,lower_middle_income,2012,1278674502,5460.44,1.58,68.08,52.0,5.4,11.32,87.7,48.32,79.9,7.64,79.65,74.0,51.61,49.43,71.97,42.79,10.05,45.17,52.03,-6.86,-0.13,-1.04,7.23,-14.61,-26.19,,0
IND,356,India,South Asia,lower_middle_income,2013,1295829511,5732.24,1.6,68.5,49.1,5.5,11.36,88.38,51.25,83.1,7.68,79.09,76.25,52.56,49.88,74.24,43.02,9.05,45.75,53.13,-7.38,-0.11,-1.25,7.82,-14.91,-29.15,,0
IND,356,India,South Asia,lower_middle_income,2014,1312277191,6079.84,1.71,68.93,46.4,5.59,11.71,89.06,54.19,85.1,7.66,78.52,79.04,53.5,51.17,76.12,43.36,7.85,46.4,54.26,-7.85,-0.44,-1.1,8.06,-14.71,-31.72,,0
IND,356,India,South Asia,lower_middle_income,2015,1328024498,6488.15,1.72,69.33,43.7,5.69,11.81,89.74,57.15,88.0,7.63,77.88,73.81,54.46,51.79,78.3,43.75,10.14,47.69,54.93,-7.24,-0.78,-1.97,7.82,-14.42,-27.16,1.0,0
IND,356,India,South Asia,lower_middle_income,2016,1343944296,6940.63,1.72,69.71,41.3,5.79,12.23,90.42,60.12,89.6,7.61,77.22,75.79,55.36,53.25,80.05,44.14,9.25,48.41,56.3,-7.89,-1.16,-1.72,7.74,-14.92,-30.07,,0
IND,356,India,South Asia,lower_middle_income,2017,1359657400,7326.61,1.8,70.07,39.0,6.01,12.07,91.09,63.11,91.8,7.63,76.52,67.31,56.26,53.58,82.0,44.48,13.21,49.91,57.56,-7.65,-1.16,-2.13,7.08,-14.88,-28.1,,0
IND,356,India,South Asia,lower_middle_income,2018,1374659064,7714.34,1.86,70.42,36.9,6.24,11.4,91.76,66.11,95.7,7.65,75.81,68.12,57.13,52.48,84.53,44.79,12.81,50.35,58.24,-7.9,-1.24,-4.2,8.08,-15.35,-28.45,,0
IND,356,India,South Asia,lower_middle_income,2019,1389030312,7930.09,1.84,70.75,34.9,6.28,11.35,92.43,69.13,95.9,6.51,75.2,59.89,57.99,52.47,85.82,47.4,17.11,52.16,59.2,-7.04,-0.94,-4.97,8.23,-12.81,-25.62,,0
IND,356,India,South Asia,lower_middle_income,2020,1402617695,7399.53,1.68,70.16,33.0,6.49,11.72,93.1,72.05,96.5,7.86,75.08,48.39,58.14,54.22,87.22,44.77,24.23,53.71,58.83,-5.12,-0.32,-3.37,9.17,-12.73,-18.86,,0
IND,356,India,South Asia,lower_middle_income,2021,1414203896,8050.02,1.84,67.28,31.2,6.53,12.01,93.76,74.93,99.6,6.38,74.55,48.39,56.54,55.14,89.43,48.0,24.23,54.67,59.58,-4.91,-2.11,-3.44,9.12,-10.92,-19.23,,1
IND,356,India,South Asia,lower_middle_income,2022,1425423212,8594.39,1.97,71.7,29.5,6.57,12.58,94.42,77.82,99.2,4.82,74.0,48.39,60.55,56.86,90.48,51.41,24.23,56.7,61.23,-4.53,-0.71,-2.83,8.26,-10.14,-19.84,1.0,1
IRL,372,Ireland,Europe & Central Asia,high_income,2000,3805174,53675.01,11.52,76.54,7.2,9.55,16.43,96.64,90.0,100.0,4.32,15.66,12.55,79.58,77.48,95.55,83.12,69.28,81.0,79.89,1.11,-1.98,-0.39,-4.14,-1.74,11.05,4.0,0
IRL,372,Ireland,Europe & Central Asia,high_income,2001,3866243,55630.1,11.91,77.13,6.9,9.81,16.56,96.66,89.99,100.0,3.68,14.86,12.43,80.5,78.7,95.55,84.81,69.61,81.84,81.05,0.79,-2.19,-0.61,-4.31,-1.16,10.32,,0
IRL,372,Ireland,Europe & Central Asia,high_income,2002,3931947,57927.49,11.44,77.63,6.5,10.07,16.81,96.68,89.98,100.0,4.22,14.46,12.3,81.54,80.23,95.56,83.96,69.94,82.25,81.66,0.58,-2.08,0.08,-4.46,-2.02,8.96,,0
IRL,372,Ireland,Europe & Central Asia,high_income,2003,3996521,58709.15,11.13,78.14,6.1,10.32,16.98,96.7,89.97,100.0,4.48,14.16,12.17,82.61,81.58,95.56,83.59,70.3,82.73,81.73,1.0,-1.34,0.78,-4.39,-1.72,8.61,,0
IRL,372,Ireland,Europe & Central Asia,high_income,2004,4070262,61558.58,11.05,78.54,5.6,10.58,17.24,96.72,89.96,100.0,4.49,14.24,12.02,83.85,83.15,95.56,83.52,70.71,83.36,82.17,1.19,-0.98,2.14,-4.4,-1.8,7.66,,0
IRL,372,Ireland,Europe & Central Asia,high_income,2005,4159914,63689.08,11.32,78.94,5.2,10.83,17.24,96.74,89.94,100.0,4.24,13.73,11.85,84.97,84.0,95.56,84.3,71.2,84.01,82.65,1.36,-0.5,1.84,-4.42,-1.24,6.85,,0
IRL,372,Ireland,Europe & Central Asia,high_income,2006,4273591,65087.18,11.16,79.24,4.8,11.09,16.97,96.76,89.93,100.0,4.36,12.76,11.57,86.07,84.11,95.57,84.57,71.99,84.46,83.49,0.97,0.04,1.29,-4.39,-1.78,6.67,,0
IRL,372,Ireland,Europe & Central Asia,high_income,2007,4398942,66590.19,10.67,79.64,4.6,11.35,17.01,96.78,89.92,100.0,4.98,12.77,11.18,86.83,85.09,95.57,83.32,73.13,84.79,84.65,0.14,0.09,1.35,-4.42,-4.32,6.7,,0
IRL,372,Ireland,Europe & Central Asia,high_income,2008,4489544,62320.67,10.31,80.1,4.4,11.42,17.26,96.8,89.91,100.0,6.77,13.19,10.78,87.67,86.02,95.57,79.51,74.34,84.62,84.37,0.25,1.12,2.6,-4.12,-7.46,8.05,4.0,0
IRL,372,Ireland,Europe & Central Asia,high_income,2009,4535375,58547.27,9.08,80.19,4.3,11.5,17.04,96.82,89.9,100.0,12.61,13.85,10.47,87.99,85.64,95.58,67.49,75.32,82.4,83.38,-0.97,1.03,2.46,-4.06,-16.31,8.4,,0
IRL,372,Ireland,Europe & Central Asia,high_income,2010,4560155,59209.1,8.97,80.74,4.2,11.57,17.46,96.84,89.89,100.0,14.53,13.67,10.35,88.67,87.07,95.58,63.74,75.72,82.16,83.64,-1.49,1.31,3.23,-4.02,-19.53,8.36,,0
IRL,372,Ireland,Europe & Central Asia,high_income,2011,4580084,59899.92,8.11,80.75,4.1,11.0,17.94,96.86,89.89,100.0,15.35,13.31,10.54,88.93,86.49,95.58,62.29,75.11,81.68,84.12,-2.44,1.13,1.96,-3.96,-21.65,9.37,,0
IRL,372,Ireland,Europe & Central Asia,high_income,2012,4599533,59405.05,8.18,80.85,4.0,11.07,17.96,96.88,89.88,100.0,15.45,13.37,9.59,89.28,86.79,95.59,62.06,78.26,82.39,84.36,-1.97,1.42,1.94,-3.94,-21.76,9.12,,0
IRL,372,Ireland,Europe & Central Asia,high_income,2013,4623816,60388.94,7.86,80.95,3.9,11.14,18.07,96.9,89.87,100.0,13.74,13.52,9.19,89.63,87.15,95.59,65.41,79.67,83.49,84.92,-1.43,1.37,0.96,-3.97,-18.51,8.35,,0
IRL,372,Ireland,Europe & Central Asia,high_income,2014,4657740,65575.81,7.76,81.35,3.8,11.22,18.18,96.92,89.86,100.0,11.86,13.3,8.84,90.22,87.39,95.59,69.28,80.96,84.69,86.21,-1.52,0.76,0.46,-4.13,-15.98,7.42,,0
IRL,372,Ireland,Europe & Central Asia,high_income,2015,4701957,80954.66,8.01,81.45,3.7,11.29,18.71,96.94,89.85,100.0,9.91,12.69,8.81,90.59,87.63,95.59,73.5,81.09,85.68,88.2,-2.51,-1.11,-1.59,-4.56,-14.76,4.54,4.0,0
IRL,372,Ireland,Europe & Central Asia,high_income,2016,4762722,80899.02,8.3,81.65,3.6,11.36,18.79,96.96,89.83,100.0,8.37,12.36,8.11,91.04,87.87,95.6,76.74,83.85,87.02,89.35,-2.33,-1.29,-2.01,-4.52,-11.69,3.97,,0
IRL,372,Ireland,Europe & Central Asia,high_income,2017,4827445,87882.71,7.93,82.16,3.5,11.43,18.71,96.98,89.82,100.0,6.71,11.54,8.38,91.74,88.11,95.6,80.5,82.74,87.74,90.26,-2.52,-1.84,-3.06,-4.63,-9.47,3.34,,0
IRL,372,Ireland,Europe & Central Asia,high_income,2018,4898022,93276.02,7.76,82.2,3.4,11.51,19.76,96.99,89.81,100.0,5.74,11.02,8.3,92.09,88.36,95.6,82.72,83.09,88.37,91.35,-2.98,-2.17,-3.91,-4.66,-8.97,1.78,,0
IRL,372,Ireland,Europe & Central Asia,high_income,2019,4976456,96371.29,7.31,82.7,3.4,11.58,18.95,97.01,89.8,100.0,4.95,10.42,7.89,92.47,88.61,95.6,84.62,84.76,89.21,92.16,-2.95,-2.53,-4.72,-4.64,-8.23,1.09,,0
IRL,372,Ireland,Europe & Central Asia,high_income,2020,5039747,101968.55,6.8,82.46,3.5,11.66,18.84,97.03,89.79,100.0,5.62,10.77,8.17,91.97,88.86,95.61,83.09,83.61,88.62,93.31,-4.68,-3.81,-6.64,-4.62,-8.92,-2.83,,0
IRL,372,Ireland,Europe & Central Asia,high_income,2021,5110585,116903.61,7.12,82.25,3.6,11.66,19.13,97.05,89.77,100.0,6.36,10.52,8.17,91.51,88.86,95.61,81.75,83.61,88.26,93.61,-5.35,-5.06,-7.25,-4.63,-11.24,-3.31,,1
IRL,372,Ireland,Europe & Central Asia,high_income,2022,5212836,123219.08,6.85,82.51,3.7,11.66,19.13,97.06,89.76,100.0,4.46,10.18,8.17,91.41,88.86,95.61,85.71,83.61,89.04,94.34,-5.3,-5.28,-7.33,-4.67,-9.57,-3.96,4.0,1
IRN,364,Iran,Middle East & N. Africa,upper_middle_income,2000,66418659,11643.12,5.33,70.17,36.4,8.46,11.8,94.21,78.22,97.9,11.7,43.8,36.48,57.09,60.96,90.11,53.55,33.66,59.08,62.39,-3.32,-3.84,1.97,2.62,-8.9,-12.68,1.0,0
IRN,364,Iran,Middle East & N. Africa,upper_middle_income,2001,67452005,11739.01,5.46,70.62,34.3,8.68,12.14,94.41,78.97,98.1,12.36,43.76,36.3,58.08,62.66,90.5,52.24,33.83,59.46,62.97,-3.51,-3.76,2.64,2.62,-9.54,-12.71,,0
IRN,364,Iran,Middle East & N. Africa,upper_middle_income,2002,68011317,12583.04,5.65,71.11,32.3,8.9,12.13,94.61,79.72,98.1,12.8,43.65,35.88,59.11,63.37,90.81,51.43,34.21,59.79,64.17,-4.39,-4.45,1.68,1.67,-10.92,-12.91,,0
IRN,364,Iran,Middle East & N. Africa,upper_middle_income,2003,68769340,13519.45,5.9,70.46,30.3,9.12,12.28,94.81,80.45,98.2,11.53,43.48,35.38,59.31,64.51,91.15,54.06,34.68,60.74,65.44,-4.7,-5.72,1.24,0.9,-8.92,-13.2,,0
IRN,364,Iran,Middle East & N. Africa,upper_middle_income,2004,70256316,13807.2,6.19,72.04,28.3,9.34,12.05,95.0,81.16,98.3,10.3,43.33,34.96,61.26,64.6,91.49,56.59,35.08,61.8,65.54,-3.74,-3.93,0.99,1.25,-7.16,-12.87,,0
IRN,364,Iran,Middle East & N. Africa,upper_middle_income,2005,71828455,13935.77,6.53,72.45,26.5,9.56,12.03,95.18,81.87,98.4,11.81,43.25,34.78,62.29,65.29,91.82,53.61,35.25,61.65,65.71,-4.06,-3.23,1.4,1.64,-11.21,-12.71,,0
IRN,364,Iran,Middle East & N. Africa,upper_middle_income,2006,73392747,14320.66,6.9,72.9,24.7,9.87,12.31,95.36,82.56,98.4,11.52,43.29,34.99,63.4,67.08,92.11,54.18,35.05,62.36,66.13,-3.76,-2.26,2.95,1.58,-12.01,-12.84,,0
IRN,364,Iran,Middle East & N. Africa,upper_middle_income,2007,74602648,15237.42,7.22,73.3,23.1,9.63,12.49,95.54,83.23,98.7,10.77,43.0,35.56,64.43,66.8,92.49,55.83,34.52,62.81,67.0,-4.19,-2.23,1.66,1.63,-11.65,-13.74,,0
IRN,364,Iran,Middle East & N. Africa,upper_middle_income,2008,75514204,15091.25,7.35,73.68,21.7,9.39,13.07,95.7,83.89,98.8,10.63,42.33,36.37,65.41,67.6,92.8,56.46,33.77,63.21,67.06,-3.85,-1.29,2.34,1.85,-11.66,-14.55,1.0,0
IRN,364,Iran,Middle East & N. Africa,upper_middle_income,2009,76457825,15055.15,7.5,74.04,20.4,9.55,13.27,95.86,84.53,99.7,12.11,41.78,37.32,66.35,68.71,93.36,53.79,32.9,63.02,67.28,-4.26,-1.18,2.48,1.87,-12.55,-16.11,,0
IRN,364,Iran,Middle East & N. Africa,upper_middle_income,2010,77420842,15729.91,7.45,74.39,19.3,9.71,13.46,96.02,85.17,99.4,13.68,40.95,38.31,67.23,69.76,93.53,51.09,32.03,62.73,67.81,-5.08,-0.98,2.77,1.6,-14.81,-17.2,,0
IRN,364,Iran,Middle East & N. Africa,upper_middle_income,2011,78383598,15947.77,7.48,74.72,18.3,9.8,13.96,96.18,85.79,99.5,12.49,40.18,39.61,68.06,71.43,93.82,53.87,30.91,63.62,68.03,-4.41,-0.58,3.79,1.48,-12.55,-17.38,,0
IRN,364,Iran,Middle East & N. Africa,upper_middle_income,2012,79370580,15159.29,7.46,75.04,17.5,9.89,15.37,96.33,86.4,99.5,12.28,40.71,38.01,68.79,75.65,94.08,54.02,32.29,64.97,67.3,-2.33,1.11,8.56,2.19,-11.93,-15.8,,0
IRN,364,Iran,Middle East & N. Africa,upper_middle_income,2013,80414686,14734.74,7.62,75.35,16.8,10.04,15.22,96.47,87.0,99.8,10.6,41.55,38.75,69.47,75.75,94.42,56.94,31.64,65.65,67.02,-1.38,2.05,8.62,2.57,-9.17,-15.91,,0
IRN,364,Iran,Middle East & N. Africa,upper_middle_income,2014,81502045,15262.85,7.81,75.64,16.1,10.12,15.11,96.61,87.6,100.0,10.68,40.93,36.37,70.15,75.7,94.74,57.1,33.76,66.29,68.02,-1.73,1.88,7.48,2.45,-8.63,-14.92,,0
IRN,364,Iran,Middle East & N. Africa,upper_middle_income,2015,82619362,14841.9,7.62,75.91,15.5,10.21,14.89,96.75,88.18,100.0,11.17,40.91,38.7,70.77,75.4,94.98,56.14,31.69,65.8,67.52,-1.73,2.66,7.41,2.72,-8.82,-16.11,3.0,0
IRN,364,Iran,Middle East & N. Africa,upper_middle_income,2016,83812228,15920.37,7.66,76.16,14.9,10.31,14.55,96.89,88.75,100.0,12.62,41.82,37.48,71.39,74.81,95.21,52.75,32.76,65.38,68.61,-3.23,2.24,5.52,2.14,-13.3,-16.78,,0
IRN,364,Iran,Middle East & N. Africa,upper_middle_income,2017,85026754,16167.97,7.84,76.4,14.4,10.42,14.44,97.02,89.32,99.9,12.23,41.96,35.02,71.95,74.84,95.41,53.45,35.03,66.14,68.92,-2.78,2.51,5.4,2.17,-12.05,-15.38,,0
IRN,364,Iran,Middle East & N. Africa,upper_middle_income,2018,86117998,15364.8,7.68,76.62,13.9,10.53,14.33,97.15,89.7,100.0,12.2,41.84,37.68,72.5,74.9,95.62,53.59,32.58,65.84,68.19,-2.35,3.75,6.36,2.84,-11.61,-16.46,,0
IRN,364,Iran,Middle East & N. Africa,upper_middle_income,2019,87051648,14841.08,8.19,76.86,13.4,10.64,14.22,97.27,90.02,100.0,10.74,41.33,34.02,73.08,74.97,95.77,56.77,36.0,67.32,68.12,-0.81,4.78,6.88,3.31,-7.74,-14.05,,0
IRN,364,Iran,Middle East & N. Africa,upper_middle_income,2020,87723443,15381.58,8.39,74.14,13.0,10.75,14.12,97.4,90.27,100.0,9.69,40.59,32.29,71.32,75.03,95.89,59.26,37.74,67.85,69.33,-1.48,2.29,5.14,1.76,-3.63,-14.41,,0
IRN,364,Iran,Middle East & N. Africa,upper_middle_income,2021,88455488,15884.43,8.87,73.75,12.6,10.75,14.12,97.51,90.32,100.0,9.28,39.65,32.29,71.36,75.03,95.94,60.57,37.74,68.13,69.09,-0.96,3.25,5.31,1.9,-3.69,-13.98,,1
IRN,364,Iran,Middle East & N. Africa,upper_middle_income,2022,89524246,16377.96,8.85,76.8,12.1,10.75,14.12,97.63,90.36,100.0,9.09,39.45,32.29,74.15,75.03,96.0,61.07,37.74,68.8,70.07,-1.28,4.02,5.09,1.6,-6.18,-13.92,3.0,1
IRQ,368,Iraq,Middle East & N. Africa,upper_middle_income,2000,24424056,12702.16,3.64,64.86,44.3,5.66,8.34,80.85,70.5,96.8,8.04,33.94,42.03,50.87,42.02,82.72,66.06,28.93,54.12,63.59,-9.47,-11.44,-18.23,-6.3,2.69,-18.03,1.0,0
IRQ,368,Iraq,Middle East & N. Africa,upper_middle_income,2001,25197840,12529.61,3.99,65.29,43.4,5.74,8.61,81.74,71.08,96.9,8.25,33.56,42.15,51.43,43.05,83.24,65.84,28.84,54.48,63.86,-9.39,-11.43,-17.96,-5.76,3.34,-18.14,,0
IRQ,368,Iraq,Middle East & N. Africa,upper_middle_income,2002,26006559,11144.05,3.65,65.72,42.5,5.82,8.88,82.63,71.65,97.1,8.62,33.48,42.22,51.99,44.08,83.79,65.14,28.78,54.76,62.54,-7.78,-9.75,-15.7,-3.27,4.12,-17.47,,0
IRQ,368,Iraq,Middle East & N. Africa,upper_middle_income,2003,26802659,6849.33,3.09,64.83,41.6,5.9,9.16,83.52,72.21,97.2,8.96,33.55,42.27,51.54,45.11,84.31,64.43,28.74,54.82,55.69,-0.87,-3.02,-7.18,9.57,6.91,-12.91,,0
IRQ,368,Iraq,Middle East & N. Africa,upper_middle_income,2004,27577878,10210.56,3.28,64.63,40.7,5.98,9.43,84.4,72.78,97.3,8.72,33.69,42.35,51.62,46.14,84.83,64.84,28.68,55.22,61.55,-6.32,-9.2,-12.71,-0.59,3.98,-16.78,,0
IRQ,368,Iraq,Middle East & N. Africa,upper_middle_income,2005,28407448,10078.44,3.07,64.9,39.7,6.07,9.66,85.29,74.45,97.4,8.57,33.79,42.48,52.09,47.05,85.71,65.08,28.58,55.7,61.43,-5.73,-8.95,-11.61,0.57,3.39,-16.49,,0
IRQ,368,Iraq,Middle East & N. Africa,upper_middle_income,2006,28616515,10568.91,2.97,64.03,38.8,6.15,9.89,86.18,76.12,97.6,8.41,33.79,43.23,51.67,47.97,86.63,65.39,27.99,55.93,62.16,-6.23,-9.87,-11.16,0.43,2.26,-17.05,,0
IRQ,368,Iraq,Middle East & N. Africa,upper_middle_income,2007,28391607,10853.82,2.76,64.43,37.7,6.23,10.12,87.07,77.81,98.1,8.65,33.72,44.77,52.29,48.87,87.66,64.96,26.83,56.12,62.56,-6.44,-9.86,-10.78,1.41,1.07,-18.22,,0
IRQ,368,Iraq,Middle East & N. Africa,upper_middle_income,2008,28971036,11511.94,3.13,66.46,36.7,6.3,10.35,87.96,79.51,97.9,8.47,32.8,46.54,54.15,49.78,88.46,65.8,25.53,56.74,63.48,-6.74,-8.89,-11.04,1.08,0.62,-20.08,1.0,0
IRQ,368,Iraq,Middle East & N. Africa,upper_middle_income,2009,30058206,11470.52,3.22,67.83,35.6,6.38,10.59,88.85,81.23,98.1,8.41,31.87,48.0,55.53,50.68,89.39,66.39,24.5,57.3,63.76,-6.46,-8.16,-11.04,1.37,2.27,-21.67,,0
IRQ,368,Iraq,Middle East & N. Africa,upper_middle_income,2010,31045366,11816.84,3.59,68.09,34.5,6.46,10.82,89.75,82.97,98.4,8.27,30.91,48.61,56.07,51.58,90.37,67.2,24.08,57.86,64.26,-6.4,-8.12,-10.72,1.84,3.37,-22.23,,0
IRQ,368,Iraq,Middle East & N. Africa,upper_middle_income,2011,32161424,12267.58,3.6,68.44,33.4,6.54,11.05,90.66,84.72,98.0,8.19,29.92,44.59,56.69,52.48,91.13,67.87,26.96,59.02,64.78,-5.75,-8.14,-10.86,1.72,3.71,-18.43,,0
IRQ,368,Iraq,Middle East & N. Africa,upper_middle_income,2012,33654842,13357.01,3.95,68.83,32.4,6.56,11.18,91.56,86.48,99.3,7.96,28.87,43.76,57.32,52.91,92.45,68.88,27.59,59.83,65.74,-5.91,-8.47,-12.14,1.97,4.02,-19.05,,0
IRQ,368,Iraq,Middle East & N. Africa,upper_middle_income,2013,35281989,13712.93,4.09,69.05,31.3,6.58,11.31,92.46,88.26,99.0,9.22,27.83,42.92,57.87,53.34,93.24,66.91,28.24,59.92,66.13,-6.21,-8.48,-12.59,2.22,1.43,-18.49,,0
IRQ,368,Iraq,Middle East & N. Africa,upper_middle_income,2014,36550059,13536.82,3.78,69.68,30.3,6.6,11.44,93.36,90.04,99.2,10.59,28.55,37.79,58.7,53.77,94.2,63.79,32.48,60.59,66.49,-5.9,-7.76,-12.44,3.29,-0.73,-14.82,,0
IRQ,368,Iraq,Middle East & N. Africa,upper_middle_income,2015,37560535,13516.03,3.67,69.98,29.3,6.62,11.57,94.25,91.83,99.4,10.86,28.2,44.64,59.3,54.21,95.16,63.43,26.92,59.8,66.3,-6.5,-7.45,-12.26,4.0,-0.53,-19.67,1.0,0
IRQ,368,Iraq,Middle East & N. Africa,upper_middle_income,2016,38469627,15016.09,4.03,68.68,28.4,6.64,11.7,95.14,93.64,99.7,10.82,27.46,42.34,58.64,54.64,96.16,63.9,28.69,60.41,67.82,-7.41,-9.64,-13.7,3.68,-1.46,-20.08,,0
IRQ,368,Iraq,Middle East & N. Africa,upper_middle_income,2017,39337353,14417.63,4.25,69.79,27.5,6.67,11.82,96.02,95.45,99.9,13.02,26.62,40.03,59.84,55.07,97.13,59.95,30.56,60.51,67.36,-6.85,-7.9,-12.47,5.16,-4.22,-18.37,,0
IRQ,368,Iraq,Middle East & N. Africa,upper_middle_income,2018,40265624,14456.24,4.49,71.12,26.5,6.69,11.95,96.9,97.0,99.9,13.46,26.57,41.76,61.26,55.5,97.93,59.1,29.15,60.59,67.35,-6.76,-6.6,-11.99,5.99,-5.51,-19.1,,0
IRQ,368,Iraq,Middle East & N. Africa,upper_middle_income,2019,41192171,14910.23,4.7,71.24,25.7,6.75,12.09,97.78,97.86,100.0,14.1,27.13,37.73,61.7,56.08,98.55,57.53,32.54,61.28,68.19,-6.91,-6.68,-12.1,6.02,-7.0,-17.58,,0
IRQ,368,Iraq,Middle East & N. Africa,upper_middle_income,2020,42116605,12827.63,4.37,69.65,24.9,6.81,12.22,98.36,98.49,100.0,15.77,27.18,38.18,60.81,56.66,98.95,54.16,32.15,60.55,66.81,-6.27,-5.46,-10.2,7.39,-7.13,-17.49,,0
IRQ,368,Iraq,Middle East & N. Africa,upper_middle_income,2021,43071211,12731.75,4.64,70.7,24.0,6.81,12.22,98.37,98.5,100.0,16.17,26.98,38.18,62.02,56.66,98.96,53.45,32.15,60.65,66.05,-5.4,-2.85,-9.45,7.91,-8.83,-16.68,,1
IRQ,368,Iraq,Middle East & N. Africa,upper_middle_income,2022,44070551,13433.4,5.04,72.04,23.3,6.81,12.22,98.38,98.5,100.0,15.41,27.02,38.18,63.37,56.66,98.96,54.96,32.15,61.22,67.4,-6.18,-4.03,-10.1,6.94,-10.31,-16.89,1.0,1
ISR,376,Israel,Middle East & N. Africa,high_income,2000,6289000,33275.06,9.43,78.95,6.9,10.59,14.31,100.0,100.0,100.0,11.1,8.67,25.31,81.9,75.08,100.0,73.23,45.86,75.21,75.36,-0.15,5.71,1.96,2.76,-3.77,-9.51,3.0,0
ISR,376,Israel,Middle East & N. Africa,high_income,2001,6439000,32590.23,9.2,79.41,6.6,10.64,14.38,100.0,100.0,100.0,11.81,8.68,25.22,82.74,75.4,100.0,71.81,45.98,75.19,75.65,-0.47,6.2,1.6,2.83,-5.02,-9.46,,0
ISR,376,Israel,Middle East & N. Africa,high_income,2002,6570000,31897.58,9.51,79.45,6.4,10.68,14.89,100.0,100.0,100.0,12.89,8.61,25.14,83.1,76.98,100.0,69.69,46.09,75.17,75.68,-0.51,6.31,2.64,2.88,-6.33,-9.74,,0
ISR,376,Israel,Middle East & N. Africa,high_income,2003,6689700,31780.78,9.6,79.65,6.1,10.73,14.77,100.0,100.0,100.0,13.5,8.66,25.06,83.78,76.79,100.0,68.43,46.19,75.04,75.86,-0.82,6.71,1.65,2.88,-6.69,-10.01,,0
ISR,376,Israel,Middle East & N. Africa,high_income,2004,6809000,32675.21,9.4,80.15,5.8,10.77,14.67,100.0,100.0,100.0,13.03,8.58,24.99,84.71,76.66,100.0,69.43,46.29,75.42,76.24,-0.82,6.97,1.04,2.83,-6.04,-10.43,,0
ISR,376,Israel,Middle East & N. Africa,high_income,2005,6930100,33512.89,8.93,80.15,5.6,11.28,14.65,100.0,100.0,100.0,11.34,8.52,24.92,85.09,78.27,100.0,72.83,46.39,76.52,76.66,-0.14,6.9,1.8,2.81,-3.27,-10.82,,0
ISR,376,Israel,Middle East & N. Africa,high_income,2006,7053700,34770.03,9.22,80.55,5.3,11.78,14.58,100.0,100.0,100.0,10.71,8.4,24.84,86.0,79.76,100.0,74.17,46.49,77.28,77.36,-0.08,7.36,2.6,2.72,-3.34,-11.31,,0
ISR,376,Israel,Middle East & N. Africa,high_income,2007,7180100,36317.85,9.39,80.5,5.1,12.38,14.71,100.0,100.0,100.0,9.38,8.23,24.77,86.38,82.16,100.0,76.91,46.58,78.41,78.15,0.26,7.2,4.43,2.71,-2.09,-11.92,,0
ISR,376,Israel,Middle East & N. Africa,high_income,2008,7308800,36827.92,9.27,80.95,4.9,12.42,14.57,100.0,100.0,100.0,7.7,8.16,24.7,87.16,81.88,100.0,80.3,46.68,79.2,78.69,0.51,7.29,3.58,2.61,0.62,-12.48,4.0,0
ISR,376,Israel,Middle East & N. Africa,high_income,2009,7485600,36403.16,8.96,81.4,4.7,12.46,14.85,100.0,100.0,100.0,9.53,8.13,24.63,87.96,82.79,100.0,76.65,46.78,78.84,78.5,0.33,6.98,3.98,2.36,-0.13,-13.49,,0
ISR,376,Israel,Middle East & N. Africa,high_income,2010,7623600,37722.41,9.44,81.6,4.6,12.5,15.04,100.0,100.0,100.0,8.48,8.06,24.56,88.34,83.44,100.0,78.8,46.87,79.49,78.83,0.66,6.66,3.86,2.19,2.38,-13.98,,0
ISR,376,Israel,Middle East & N. Africa,high_income,2011,7765800,39075.38,9.16,81.66,4.4,12.6,15.05,100.0,100.0,100.0,7.14,7.96,24.48,88.87,83.79,100.0,81.53,46.98,80.23,79.48,0.75,6.29,3.26,1.96,3.78,-13.28,,0
ISR,376,Israel,Middle East & N. Africa,high_income,2012,7910500,39299.35,9.81,81.7,4.3,12.69,15.06,100.0,99.99,100.0,6.76,7.84,22.1,89.15,84.14,100.0,82.35,50.39,81.21,79.85,1.36,6.22,3.15,1.91,4.68,-12.54,,0
ISR,376,Israel,Middle East & N. Africa,high_income,2013,8059500,40148.78,8.47,82.06,4.1,12.8,15.11,100.0,99.98,100.0,6.14,7.77,22.58,89.94,84.65,99.99,83.64,49.68,81.58,80.45,1.13,6.35,2.39,1.74,5.53,-14.61,,0
ISR,376,Israel,Middle East & N. Africa,high_income,2014,8215700,40872.58,8.02,82.15,4.0,12.92,15.1,100.0,99.97,100.0,5.79,8.0,21.18,90.28,84.98,99.99,84.21,51.82,82.26,81.1,1.16,6.14,2.34,1.6,5.56,-13.35,,0
ISR,376,Israel,Middle East & N. Africa,high_income,2015,8380100,40967.37,8.11,82.05,3.9,12.96,15.05,100.0,99.97,100.0,5.18,8.02,22.1,90.48,85.0,99.99,85.43,50.38,82.26,81.14,1.11,6.31,2.21,1.61,6.32,-14.44,4.0,0
ISR,376,Israel,Middle East & N. Africa,high_income,2016,8546000,41963.68,7.9,82.41,3.8,13.06,14.91,100.0,99.96,100.0,4.72,8.16,18.82,91.04,84.93,99.99,86.26,55.76,83.6,82.12,1.47,6.3,1.69,1.47,6.27,-11.71,,0
ISR,376,Israel,Middle East & N. Africa,high_income,2017,8713300,42947.06,7.78,82.55,3.7,13.15,14.92,100.0,99.95,100.0,4.14,8.04,20.03,91.44,85.29,99.98,87.49,53.68,83.58,82.48,1.1,6.28,1.6,1.4,6.56,-13.31,,0
ISR,376,Israel,Middle East & N. Africa,high_income,2018,8882800,43814.3,7.15,82.8,3.7,13.25,14.86,100.0,99.95,100.0,3.92,8.0,20.56,91.63,85.43,99.98,87.96,52.8,83.56,82.83,0.73,6.16,1.3,1.36,5.98,-14.31,,0
ISR,376,Israel,Middle East & N. Africa,high_income,2019,9054000,44580.81,7.21,82.8,3.6,13.34,14.78,100.0,99.94,100.0,3.73,7.93,19.56,91.93,85.55,99.98,88.36,54.47,84.06,83.56,0.5,6.05,0.94,1.3,5.99,-14.96,,0
ISR,376,Israel,Middle East & N. Africa,high_income,2020,9215100,42915.94,6.66,82.65,3.5,13.44,14.83,100.0,99.94,100.0,4.17,8.24,18.6,92.12,86.01,99.98,87.33,56.15,84.32,83.58,0.73,6.54,0.79,1.15,6.97,-14.24,,0
ISR,376,Israel,Middle East & N. Africa,high_income,2021,9371400,46162.08,6.51,82.5,3.5,13.44,15.03,100.0,99.93,100.0,4.81,8.11,18.6,92.0,86.56,99.98,86.11,56.15,84.16,83.81,0.35,6.49,0.89,1.1,4.82,-14.47,,1
ISR,376,Israel,Middle East & N. Africa,high_income,2022,9557500,48098.19,6.66,82.7,3.4,13.44,15.03,100.0,99.92,100.0,3.7,7.92,18.6,92.47,86.56,99.97,88.44,56.15,84.72,84.37,0.34,6.25,0.89,1.07,5.14,-14.59,4.0,1
ITA,380,Italy,Europe & Central Asia,high_income,2000,56942108,50353.42,7.98,79.78,5.6,8.76,15.08,99.56,99.89,100.0,10.83,19.66,26.25,84.8,71.08,99.81,67.99,44.65,73.67,79.29,-5.63,3.95,-6.16,0.44,-15.82,-13.2,3.0,0
ITA,380,Italy,Europe & Central Asia,high_income,2001,56976981,51332.29,7.96,80.13,5.3,8.84,15.41,99.58,99.89,100.0,9.6,19.5,25.81,85.67,72.27,99.82,70.54,45.21,74.7,80.25,-5.54,3.89,-6.23,0.35,-14.05,-13.49,,0
ITA,380,Italy,Europe & Central Asia,high_income,2002,57089824,51369.11,8.07,80.23,5.1,8.95,15.65,99.61,99.89,100.0,9.21,19.13,25.26,86.17,73.3,99.83,71.51,45.93,75.35,80.48,-5.13,3.89,-5.72,0.37,-12.46,-13.99,,0
ITA,380,Italy,Europe & Central Asia,high_income,2003,57399184,51126.26,8.38,79.98,4.8,9.06,15.91,99.63,99.89,100.0,8.87,19.03,24.63,86.64,74.39,99.84,72.25,46.78,75.98,80.43,-4.45,4.21,-5.19,0.51,-10.76,-13.64,,0
ITA,380,Italy,Europe & Central Asia,high_income,2004,57828179,51495.0,8.51,80.78,4.6,9.16,16.06,99.66,99.89,100.0,7.87,19.44,23.97,87.71,75.17,99.85,74.04,47.68,76.89,80.54,-3.65,4.83,-4.42,0.64,-8.51,-13.55,,0
ITA,380,Italy,Europe & Central Asia,high_income,2005,58166682,51585.64,8.48,80.78,4.5,9.27,16.19,99.69,99.89,100.0,7.73,18.41,23.34,87.95,75.88,99.86,74.85,48.57,77.42,80.74,-3.32,4.82,-4.53,0.76,-7.58,-13.38,,0
ITA,380,Italy,Europe & Central Asia,high_income,2006,58399861,52304.24,8.35,81.28,4.3,9.39,16.31,99.71,99.89,100.0,6.78,18.2,22.62,88.83,76.61,99.87,76.87,49.61,78.36,81.43,-3.07,5.3,-4.38,0.81,-6.41,-13.03,,0
ITA,380,Italy,Europe & Central Asia,high_income,2007,58756247,52747.19,8.17,81.43,4.2,9.53,16.39,99.74,99.89,100.0,6.08,17.99,21.79,89.2,77.29,99.87,78.38,50.87,79.12,82.2,-3.08,5.32,-4.26,0.9,-5.97,-12.46,,0
ITA,380,Italy,Europe & Central Asia,high_income,2008,59211181,51806.39,7.85,81.49,4.1,9.65,16.35,99.76,99.89,100.0,6.72,17.5,21.0,89.5,77.59,99.88,77.34,52.1,79.28,82.43,-3.14,5.25,-4.15,0.98,-7.09,-11.66,4.0,0
ITA,380,Italy,Europe & Central Asia,high_income,2009,59555454,48774.39,6.95,81.64,4.1,9.73,16.28,99.79,99.89,100.0,7.75,17.22,20.4,89.62,77.67,99.89,75.44,53.06,79.13,81.56,-2.42,4.9,-3.95,1.01,-5.65,-11.29,,0
ITA,380,Italy,Europe & Central Asia,high_income,2010,59819407,49301.7,7.08,82.04,4.0,9.82,16.23,99.81,99.89,100.0,8.36,17.48,20.17,90.19,77.84,99.9,74.08,53.44,79.09,81.74,-2.66,5.04,-4.43,0.99,-6.38,-11.26,,0
ITA,380,Italy,Europe & Central Asia,high_income,2011,60026841,49473.01,6.91,82.19,3.9,9.9,16.39,99.84,99.89,100.0,8.36,17.32,21.34,90.59,78.52,99.91,74.17,51.57,78.95,82.08,-3.13,4.98,-4.41,1.0,-6.99,-11.71,,0
ITA,380,Italy,Europe & Central Asia,high_income,2012,60191247,47795.96,6.55,82.24,3.8,10.02,16.17,99.87,99.89,100.0,10.66,17.23,18.77,90.91,78.33,99.92,69.62,55.85,78.93,82.04,-3.12,5.47,-4.69,1.1,-10.95,-10.04,,0
ITA,380,Italy,Europe & Central Asia,high_income,2013,60311613,46833.36,6.0,82.69,3.7,10.12,15.98,99.89,99.89,100.0,12.15,17.23,18.05,91.54,78.13,99.93,66.63,57.14,78.68,82.18,-3.51,6.04,-5.78,1.14,-13.64,-9.83,,0
ITA,380,Italy,Europe & Central Asia,high_income,2014,60320707,46825.65,5.69,83.09,3.6,10.22,15.96,99.92,99.89,100.0,12.68,17.18,16.89,92.15,78.42,99.93,65.59,59.36,79.09,82.62,-3.53,6.32,-5.62,1.13,-14.94,-8.26,,0
ITA,380,Italy,Europe & Central Asia,high_income,2015,60229605,47311.83,5.87,82.54,3.5,10.31,15.95,99.92,99.89,100.0,11.9,16.98,17.76,92.03,78.67,99.93,67.27,57.69,79.12,82.72,-3.6,6.11,-5.64,1.15,-13.79,-9.66,4.0,0
ITA,380,Italy,Europe & Central Asia,high_income,2016,60115223,47987.84,5.81,83.24,3.4,10.39,15.95,99.92,99.89,100.0,11.69,16.67,15.7,92.89,78.96,99.93,67.85,61.8,80.29,83.67,-3.39,6.48,-5.76,1.07,-13.9,-8.27,,0
ITA,380,Italy,Europe & Central Asia,high_income,2017,60002252,48849.22,5.76,82.95,3.3,10.48,16.15,99.92,99.89,100.0,11.21,16.12,15.97,92.98,79.79,99.93,69.1,61.24,80.61,83.97,-3.36,6.21,-5.36,1.03,-13.55,-8.06,,0
ITA,380,Italy,Europe & Central Asia,high_income,2018,60148658,49133.14,5.66,83.35,3.2,10.57,16.29,99.92,99.89,100.0,10.54,15.92,16.34,93.62,80.47,99.93,70.54,60.48,81.01,84.21,-3.2,6.72,-5.01,1.04,-13.02,-8.84,,0
ITA,380,Italy,Europe & Central Asia,high_income,2019,59729081,49690.63,5.57,83.5,3.1,10.65,16.38,99.92,99.89,100.0,9.88,15.77,14.89,94.09,81.01,99.93,71.93,63.56,82.11,84.85,-2.75,6.84,-4.91,1.02,-12.04,-7.93,,0
ITA,380,Italy,Europe & Central Asia,high_income,2020,59438851,45505.07,4.97,82.2,3.0,10.74,16.53,99.92,99.89,100.0,9.19,15.74,14.66,93.44,81.72,99.93,73.33,64.1,82.5,84.29,-1.78,7.12,-4.25,1.0,-7.9,-7.41,,0
ITA,380,Italy,Europe & Central Asia,high_income,2021,59133173,49825.39,5.59,82.65,2.9,10.74,16.66,99.92,99.89,100.0,9.5,15.05,14.66,94.16,82.07,99.93,73.08,64.1,82.67,84.7,-2.03,7.65,-4.54,0.93,-9.29,-7.93,,1
ITA,380,Italy,Europe & Central Asia,high_income,2022,59013667,52333.33,5.61,82.7,2.8,10.74,16.66,99.92,99.89,100.0,8.07,14.67,14.66,94.58,82.07,99.93,76.14,64.1,83.36,85.34,-1.98,7.34,-4.62,0.89,-8.34,-8.21,4.0,1
JAM,388,Jamaica,Americas,upper_middle_income,2000,2607826,9667.92,3.93,71.28,20.5,7.52,10.1,93.04,80.39,84.4,6.75,38.07,15.75,64.18,53.13,85.94,66.46,61.7,66.28,59.88,6.4,6.03,-3.22,2.19,5.75,16.73,3.0,0
JAM,388,Jamaica,Americas,upper_middle_income,2001,2624403,9736.06,3.93,71.29,20.0,7.6,10.83,93.23,80.44,87.7,6.64,37.52,15.85,64.45,55.43,87.12,66.97,61.5,67.09,60.44,6.65,5.39,-1.82,3.05,6.94,16.34,,0
JAM,388,Jamaica,Americas,upper_middle_income,2002,2640572,9869.71,3.89,71.48,19.6,7.69,10.98,93.41,80.49,86.7,6.62,35.96,15.91,64.82,56.13,86.87,67.84,61.36,67.4,60.89,6.51,4.83,-1.76,2.15,7.99,16.07,,0
JAM,388,Jamaica,Americas,upper_middle_income,2003,2656623,10169.75,3.97,71.58,19.3,7.77,10.34,93.59,80.54,86.5,6.53,35.98,15.95,65.07,54.63,86.88,67.99,61.27,67.17,61.67,5.5,4.15,-4.02,1.19,7.77,15.68,,0
JAM,388,Jamaica,Americas,upper_middle_income,2004,2672225,10244.21,3.97,71.54,19.1,7.85,11.61,93.54,81.07,87.2,6.54,36.15,15.96,65.15,58.44,87.27,67.9,61.25,68.0,61.59,6.41,4.27,-0.46,1.77,7.01,15.75,,0
JAM,388,Jamaica,Americas,upper_middle_income,2005,2687066,10278.68,3.96,71.49,19.1,7.94,11.85,93.5,81.6,88.0,6.58,34.66,15.95,65.11,59.37,87.7,68.61,61.28,68.41,61.71,6.71,3.77,0.4,2.12,6.76,16.01,,0
JAM,388,Jamaica,Americas,upper_middle_income,2006,2700968,10522.24,4.56,71.4,19.1,8.02,12.46,93.36,82.12,88.7,6.6,35.49,15.93,65.03,61.35,88.06,68.11,61.33,68.78,62.1,6.67,3.55,2.28,1.92,5.02,16.33,,0
JAM,388,Jamaica,Americas,upper_middle_income,2007,2713800,10622.44,4.51,71.4,19.1,8.1,13.07,93.05,82.65,89.4,6.61,33.47,15.9,65.04,63.33,88.37,69.17,61.39,69.46,62.25,7.21,3.23,4.01,2.66,5.46,16.57,,0
JAM,388,Jamaica,Americas,upper_middle_income,2008,2725635,10490.47,3.62,71.5,19.1,8.19,13.69,92.74,83.18,92.0,6.67,35.81,15.84,65.12,65.32,89.31,67.82,61.5,69.81,62.17,7.65,3.44,5.96,3.92,3.56,16.88,3.0,0
JAM,388,Jamaica,Americas,upper_middle_income,2009,2736995,9992.98,2.94,71.72,19.1,8.27,13.71,92.43,83.71,91.0,7.31,38.22,15.74,65.28,65.64,89.05,65.26,61.73,69.39,61.85,7.54,3.64,6.11,3.97,2.2,17.06,,0
JAM,388,Jamaica,Americas,upper_middle_income,2010,2748568,9805.9,2.8,71.98,19.0,8.36,13.25,92.12,84.24,92.2,7.63,38.9,15.56,65.54,64.66,89.52,64.27,62.11,69.22,61.7,7.52,4.16,5.22,5.39,1.78,17.74,,0
JAM,388,Jamaica,Americas,upper_middle_income,2011,2760494,9932.48,2.75,72.24,19.0,8.44,13.33,91.8,84.77,91.1,8.03,37.0,14.95,65.75,65.17,89.22,64.46,63.45,69.61,61.85,7.76,4.15,5.06,5.14,1.93,20.44,,0
JAM,388,Jamaica,Americas,upper_middle_income,2012,2772430,9829.04,2.53,72.4,18.9,8.53,13.13,91.49,85.3,93.1,8.7,37.52,15.42,65.93,64.9,89.96,62.86,62.4,69.21,61.57,7.64,4.74,4.57,6.47,0.48,19.44,,0
JAM,388,Jamaica,Americas,upper_middle_income,2013,2783687,9839.97,2.69,72.44,18.9,8.61,12.93,91.17,85.83,93.9,9.7,37.59,15.77,65.95,64.63,90.3,60.82,61.65,68.67,61.59,7.08,4.62,4.23,7.11,-1.82,18.65,,0
JAM,388,Jamaica,Americas,upper_middle_income,2014,2793749,9872.16,2.58,72.36,18.8,8.7,12.89,90.85,86.36,93.3,9.05,37.53,16.46,65.95,64.81,90.17,62.16,60.23,68.66,61.96,6.7,4.27,4.11,7.07,0.16,16.2,,0
JAM,388,Jamaica,Americas,upper_middle_income,2015,2802534,9931.9,2.54,72.21,18.7,8.79,12.85,90.53,86.89,94.9,8.82,37.01,16.86,65.89,64.99,90.77,62.87,59.42,68.79,61.85,6.93,3.87,3.9,7.03,1.35,16.8,3.0,0
JAM,388,Jamaica,Americas,upper_middle_income,2016,2809915,10179.25,2.71,72.05,18.7,8.88,12.77,90.21,87.41,96.6,8.63,36.54,15.96,65.77,65.07,91.41,63.5,61.27,69.4,62.25,7.15,3.31,3.47,7.33,1.52,17.54,,0
JAM,388,Jamaica,Americas,upper_middle_income,2017,2815764,10391.04,2.6,71.88,18.7,8.97,12.69,89.88,87.94,97.4,7.4,35.82,16.66,65.64,65.16,91.74,66.35,59.83,69.74,62.77,6.98,2.85,3.37,6.57,4.73,14.93,,0
JAM,388,Jamaica,Americas,upper_middle_income,2018,2820097,10636.09,3.08,71.61,18.7,9.06,12.61,89.56,88.47,98.2,5.47,35.36,16.84,65.43,65.25,92.08,70.45,59.46,70.53,62.95,7.58,2.22,3.09,6.57,8.18,15.02,,0
JAM,388,Jamaica,Americas,upper_middle_income,2019,2823271,10816.37,2.99,71.53,18.8,9.15,12.54,89.23,89.0,98.9,4.99,34.14,17.07,65.31,65.34,92.38,72.06,59.01,70.82,63.69,7.13,1.78,2.64,6.19,9.83,13.08,,0
JAM,388,Jamaica,Americas,upper_middle_income,2020,2830739,9891.97,2.09,71.45,18.7,9.25,12.46,88.9,89.52,99.7,6.5,34.69,17.41,65.31,65.44,92.71,68.74,58.35,70.11,63.13,6.98,2.82,2.91,6.6,9.33,12.0,,0
JAM,388,Jamaica,Americas,upper_middle_income,2021,2837682,10430.69,2.28,69.08,18.6,9.25,12.46,88.57,90.05,100.0,5.19,34.24,17.41,63.55,65.44,92.87,71.6,58.35,70.36,63.25,7.11,1.4,2.58,6.08,10.84,11.99,,1
JAM,388,Jamaica,Americas,upper_middle_income,2022,2839144,11096.64,2.65,71.48,18.4,9.25,12.46,88.23,90.58,100.0,4.08,33.11,17.41,65.51,65.44,92.94,74.41,58.35,71.33,64.78,6.55,0.76,1.66,4.54,10.77,11.56,3.0,1
JOR,400,Jordan,Middle East & N. Africa,upper_middle_income,2000,5386945,8086.92,3.06,71.93,25.8,7.36,12.2,98.38,99.0,99.0,13.7,13.44,24.23,62.18,58.43,98.79,65.53,47.32,66.45,57.41,9.04,6.7,4.63,19.66,6.23,3.87,1.0,0
JOR,400,Jordan,Middle East & N. Africa,upper_middle_income,2001,5498894,8339.79,3.0,72.14,25.0,7.51,12.26,98.4,98.89,99.0,14.7,13.23,24.64,62.69,59.07,98.76,63.64,46.76,66.18,58.27,7.91,5.96,4.13,18.61,4.84,2.95,,0
JOR,400,Jordan,Middle East & N. Africa,upper_middle_income,2002,5616066,8638.08,3.06,72.36,24.2,7.65,12.31,98.43,98.77,99.5,15.3,12.98,25.67,63.21,59.7,98.9,62.57,45.39,65.95,58.97,6.99,5.3,3.9,17.72,3.69,1.34,,0
JOR,400,Jordan,Middle East & N. Africa,upper_middle_income,2003,5741828,8800.5,3.07,72.58,23.5,7.8,12.45,98.46,98.65,99.0,14.5,12.72,27.04,63.7,60.57,98.7,64.3,43.66,66.19,59.58,6.61,5.04,4.22,16.64,5.09,-0.54,,0
JOR,400,Jordan,Middle East & N. Africa,upper_middle_income,2004,5882061,9326.67,3.23,72.79,22.7,8.15,12.55,98.49,98.53,99.2,14.63,12.44,28.44,64.23,62.02,98.74,64.2,41.97,66.23,60.24,5.99,4.85,4.57,15.59,4.0,-2.6,,0
JOR,400,Jordan,Middle East & N. Africa,upper_middle_income,2005,6029587,9839.69,3.37,72.98,22.0,8.49,12.41,98.55,98.42,99.0,14.8,12.0,29.58,64.72,62.78,98.66,64.08,40.66,66.18,61.07,5.11,4.09,4.49,14.21,2.57,-4.16,,0
JOR,400,Jordan,Middle East & N. Africa,upper_middle_income,2006,6427371,9977.76,3.2,73.22,21.3,8.83,12.38,98.61,98.31,100.0,14.0,11.56,30.59,65.26,63.84,98.97,65.91,39.54,66.7,61.36,5.35,4.58,5.59,14.06,3.28,-4.91,,0
JOR,400,Jordan,Middle East & N. Africa,upper_middle_income,2007,6827227,10161.4,3.13,73.41,20.7,9.18,11.49,98.67,98.2,98.8,13.1,11.18,31.66,65.71,62.52,98.56,67.91,38.4,66.62,61.58,5.04,4.62,3.88,14.09,4.59,-5.97,,0
JOR,400,Jordan,Middle East & N. Africa,upper_middle_income,2008,6989866,10641.59,2.93,73.56,20.1,9.52,11.75,98.73,98.1,100.0,12.7,10.82,32.62,66.15,64.37,98.94,68.9,37.39,67.15,62.39,4.76,4.24,4.79,13.14,4.51,-7.39,3.0,0
JOR,400,Jordan,Middle East & N. Africa,upper_middle_income,2009,7141753,10938.5,2.95,73.71,19.5,9.56,11.65,98.78,97.99,99.4,12.9,10.5,33.32,66.59,64.25,98.72,68.67,36.68,66.98,63.11,3.87,3.59,3.29,11.63,4.92,-8.97,,0
JOR,400,Jordan,Middle East & N. Africa,upper_middle_income,2010,7297043,10953.54,2.82,73.8,18.9,9.61,11.56,98.83,97.89,100.0,12.5,10.24,33.6,67.0,64.12,98.91,69.61,36.41,67.21,63.24,3.97,3.92,2.99,11.99,6.33,-9.09,,0
JOR,400,Jordan,Middle East & N. Africa,upper_middle_income,2011,7480424,10977.48,2.81,73.93,18.4,9.76,11.57,98.88,97.78,99.6,12.9,10.04,29.66,67.39,64.66,98.75,68.92,40.57,68.06,63.31,4.75,4.19,3.0,11.72,5.64,-3.54,,0
JOR,400,Jordan,Middle East & N. Africa,upper_middle_income,2012,7587127,11086.03,3.23,74.09,17.9,9.91,11.91,98.92,97.68,99.5,12.2,9.87,29.02,67.81,66.13,98.7,70.4,41.29,68.87,63.27,5.59,4.78,3.94,11.98,7.08,-3.1,,0
JOR,400,Jordan,Middle East & N. Africa,upper_middle_income,2013,7991809,10799.35,3.02,74.28,17.4,10.07,12.0,98.96,97.58,99.7,12.6,9.75,32.68,68.27,66.89,98.75,69.67,37.34,68.18,62.91,5.27,5.49,4.93,12.97,6.27,-6.65,,0
JOR,400,Jordan,Middle East & N. Africa,upper_middle_income,2014,8791710,10149.0,2.94,74.61,17.0,10.22,12.09,99.0,97.48,99.8,11.9,9.7,30.2,68.77,67.64,98.76,71.1,39.97,69.25,62.41,6.84,6.64,6.43,14.77,8.91,-4.31,,0
JOR,400,Jordan,Middle East & N. Africa,upper_middle_income,2015,9544729,9581.69,2.69,75.06,16.5,10.38,12.17,99.03,97.37,99.9,13.08,9.78,32.11,69.44,68.4,98.77,68.7,37.92,68.65,61.3,7.35,8.0,7.96,16.07,7.44,-4.27,3.0,0
JOR,400,Jordan,Middle East & N. Africa,upper_middle_income,2016,10006367,9321.9,2.52,75.55,16.1,10.53,12.26,99.06,97.26,100.0,15.28,9.86,28.38,70.09,69.16,98.77,64.26,42.05,68.87,60.92,7.95,8.99,9.14,17.28,2.92,-0.68,,0
JOR,400,Jordan,Middle East & N. Africa,upper_middle_income,2017,10234226,9339.81,2.59,76.07,15.7,10.68,12.35,99.08,97.16,100.0,18.12,9.64,28.38,70.76,69.93,98.75,58.69,42.04,68.03,61.18,6.86,9.61,10.02,16.69,-2.24,-1.76,,0
JOR,400,Jordan,Middle East & N. Africa,upper_middle_income,2018,10462306,9311.53,2.41,76.49,15.3,10.35,12.44,99.11,97.05,99.9,18.26,9.14,30.89,71.36,69.07,98.69,58.68,39.21,67.4,61.0,6.41,10.15,9.18,16.94,-2.69,-3.88,,0
JOR,400,Jordan,Middle East & N. Africa,upper_middle_income,2019,10671891,9288.53,2.18,76.86,14.9,10.4,12.53,99.14,96.94,99.9,16.8,9.28,31.26,71.94,69.48,98.66,61.51,38.82,68.08,61.5,6.58,10.67,9.35,16.57,0.28,-5.5,,0
JOR,400,Jordan,Middle East & N. Africa,upper_middle_income,2020,10865228,9022.64,1.93,75.58,14.5,10.45,12.63,99.17,96.84,99.9,19.21,8.42,28.77,71.25,69.9,98.64,57.14,41.58,67.7,61.77,5.93,10.04,8.92,15.03,-1.65,-3.71,,0
JOR,400,Jordan,Middle East & N. Africa,upper_middle_income,2021,11066356,9182.5,1.96,74.2,14.1,10.45,12.63,99.2,96.73,99.9,19.84,8.47,28.77,70.49,69.9,98.61,55.87,41.58,67.29,61.46,5.82,10.09,9.12,14.78,-3.97,-3.3,,1
JOR,400,Jordan,Middle East & N. Africa,upper_middle_income,2022,11256263,9266.58,2.07,77.09,13.7,10.45,12.63,99.23,96.63,100.0,18.2,8.38,28.77,73.02,69.9,98.62,59.19,41.58,68.46,62.29,6.17,10.74,8.99,14.43,-2.96,-3.26,3.0,1
JPN,392,Japan,East Asia & Pacific,high_income,2000,126843000,39005.91,9.8,81.08,4.5,12.09,14.99,98.52,100.0,100.0,4.75,13.25,13.16,88.18,81.92,99.51,83.53,67.69,84.16,76.88,7.28,10.18,7.2,1.43,3.93,11.37,4.0,0
JPN,392,Japan,East Asia & Pacific,high_income,2001,127149000,39062.28,9.67,81.42,4.3,12.13,15.02,98.52,100.0,100.0,5.02,12.66,13.08,88.93,82.15,99.51,83.3,67.89,84.36,77.5,6.86,10.29,6.45,1.4,3.38,11.16,,0
JPN,392,Japan,East Asia & Pacific,high_income,2002,127445000,38987.91,9.92,81.69,4.1,12.17,15.05,98.52,99.99,100.0,5.39,12.31,12.94,89.66,82.39,99.5,82.75,68.26,84.51,77.72,6.79,10.54,6.03,1.38,3.39,10.72,,0
JPN,392,Japan,East Asia & Pacific,high_income,2003,127718000,39501.81,9.96,81.76,4.0,12.22,15.08,98.52,99.99,100.0,5.25,12.14,12.75,89.98,82.62,99.5,83.11,68.75,84.79,77.97,6.82,10.44,5.39,1.35,4.39,10.64,,0
JPN,392,Japan,East Asia & Pacific,high_income,2004,127761000,40351.78,9.92,82.03,3.9,12.26,15.11,98.52,99.99,100.0,4.73,12.04,12.53,90.46,82.86,99.5,84.19,69.32,85.27,78.28,6.99,10.31,5.31,1.37,5.46,10.51,,0
JPN,392,Japan,East Asia & Pacific,high_income,2005,127773000,41075.82,10.01,81.96,3.7,12.31,15.14,98.55,99.99,100.0,4.45,11.74,12.32,90.98,83.09,99.51,84.93,69.91,85.68,78.63,7.05,10.42,4.67,1.41,5.86,10.47,,0
JPN,392,Japan,East Asia & Pacific,high_income,2006,127854000,41613.15,9.82,82.32,3.6,12.35,15.18,98.59,99.98,100.0,4.19,10.94,12.02,91.56,83.33,99.52,85.86,70.73,86.2,79.2,7.0,10.72,4.37,1.45,5.83,10.8,,0
JPN,392,Japan,East Asia & Pacific,high_income,2007,128001000,42182.18,10.09,82.51,3.5,12.4,15.21,98.62,99.98,100.0,3.89,10.55,11.62,92.01,83.56,99.54,86.67,71.85,86.73,79.8,6.92,10.92,4.24,1.56,5.53,11.41,,0
JPN,392,Japan,East Asia & Pacific,high_income,2008,128063000,41645.57,9.53,82.59,3.4,12.44,15.24,98.66,99.98,100.0,4.0,10.26,11.23,92.38,83.8,99.55,86.6,73.0,87.06,80.07,7.0,10.91,4.19,1.6,5.21,12.18,4.0,0
JPN,392,Japan,East Asia & Pacific,high_income,2009,128047000,39279.5,9.04,82.93,3.4,12.49,15.27,98.69,99.98,100.0,5.07,9.95,10.94,92.65,84.03,99.56,84.63,73.87,86.95,79.31,7.63,10.68,4.44,1.59,6.74,12.54,,0
JPN,392,Japan,East Asia & Pacific,high_income,2010,128070000,40881.8,9.5,82.84,3.3,12.53,15.3,98.73,99.98,100.0,5.1,9.63,10.85,92.9,84.27,99.57,84.73,74.14,87.12,79.73,7.39,10.14,3.81,1.41,7.11,12.12,,0
JPN,392,Japan,East Asia & Pacific,high_income,2011,127833000,40967.34,9.93,82.59,3.3,12.54,15.33,98.76,99.97,100.0,4.55,9.4,12.27,92.71,84.4,99.58,85.95,70.02,86.53,80.01,6.53,9.49,3.34,1.35,7.52,9.15,,0
JPN,392,Japan,East Asia & Pacific,high_income,2012,127629000,41596.92,10.25,83.1,3.1,12.56,15.36,98.8,99.97,100.0,4.36,9.32,12.81,93.78,84.54,99.59,86.38,68.6,86.58,80.5,6.07,10.08,2.9,1.28,7.87,4.79,,0
JPN,392,Japan,East Asia & Pacific,high_income,2013,127445000,42492.24,10.38,83.33,3.0,12.57,15.4,98.83,99.97,100.0,4.04,9.13,13.25,94.31,84.67,99.6,87.12,67.46,86.63,81.1,5.53,9.99,1.76,1.14,8.22,2.16,,0
JPN,392,Japan,East Asia & Pacific,high_income,2014,127276000,42674.7,10.01,83.59,2.9,12.59,15.4,98.87,99.97,100.0,3.59,9.08,13.74,94.88,84.73,99.61,88.04,66.25,86.7,81.59,5.11,10.18,1.62,1.09,8.8,0.29,,0
JPN,392,Japan,East Asia & Pacific,high_income,2015,127141000,43386.71,9.69,83.79,2.8,12.6,15.41,98.9,99.96,100.0,3.38,8.82,12.87,95.42,84.81,99.62,88.59,68.44,87.38,81.78,5.6,10.53,1.4,1.08,8.71,2.6,4.0,0
JPN,392,Japan,East Asia & Pacific,high_income,2016,127076000,43736.13,9.67,83.98,2.7,12.61,15.38,98.94,99.96,100.0,3.13,8.43,12.8,95.96,84.76,99.63,89.3,68.62,87.66,82.61,5.05,10.7,1.05,1.01,8.76,0.34,,0
JPN,392,Japan,East Asia & Pacific,high_income,2017,126972000,44505.28,9.55,84.1,2.6,12.63,15.39,98.97,99.96,100.0,2.82,8.32,13.12,96.46,84.83,99.64,89.98,67.8,87.74,82.9,4.85,10.84,0.72,0.97,8.57,0.16,,0
JPN,392,Japan,East Asia & Pacific,high_income,2018,126811000,44848.49,9.17,84.21,2.5,12.64,15.4,99.01,99.96,100.0,2.47,8.22,13.08,96.97,84.92,99.66,90.74,67.9,88.04,83.12,4.92,11.2,0.51,0.97,8.43,0.33,,0
JPN,392,Japan,East Asia & Pacific,high_income,2019,126633000,44730.91,8.87,84.36,2.5,12.66,15.44,99.04,99.95,100.0,2.35,8.11,12.94,97.08,85.08,99.67,91.03,68.26,88.22,83.6,4.62,11.16,0.43,0.98,8.61,-1.24,,0
JPN,392,Japan,East Asia & Pacific,high_income,2020,126261000,42992.48,8.4,84.56,2.4,12.67,15.46,99.08,99.95,100.0,2.81,8.11,12.84,97.68,85.16,99.68,90.11,68.53,88.23,83.6,4.63,12.09,-0.08,0.85,9.73,-1.9,,0
JPN,392,Japan,East Asia & Pacific,high_income,2021,125681593,44355.35,8.59,84.45,2.4,12.67,15.46,99.11,99.95,100.0,2.81,8.65,12.84,97.59,85.16,99.69,89.83,68.53,88.16,83.32,4.84,12.62,0.02,0.89,9.13,-1.31,,1
JPN,392,Japan,East Asia & Pacific,high_income,2022,125124989,44972.34,8.4,84.0,2.4,12.67,15.46,99.15,99.95,100.0,2.61,7.89,12.84,97.25,85.16,99.7,90.62,68.53,88.25,83.57,4.68,11.86,0.35,0.92,8.28,-0.92,4.0,1
KAZ,398,Kazakhstan,Europe & Central Asia,upper_middle_income,2000,15501103,12935.86,8.53,63.79,42.1,9.78,12.24,90.03,96.85,99.6,12.75,40.47,16.7,50.61,66.6,95.49,53.2,59.75,65.13,63.85,1.28,-12.02,6.08,6.21,-10.38,12.65,1.0,0
KAZ,398,Kazakhstan,Europe & Central Asia,upper_middle_income,2001,15575550,14612.03,8.38,64.11,39.6,10.03,12.64,90.45,96.85,99.7,10.43,39.99,16.56,51.51,68.54,95.67,58.09,60.02,66.77,66.0,0.77,-13.85,5.22,4.28,-6.21,11.95,,0
KAZ,398,Kazakhstan,Europe & Central Asia,upper_middle_income,2002,15656677,15960.87,9.3,64.44,37.2,10.28,13.04,90.82,96.9,99.8,9.33,38.09,16.48,52.45,70.48,95.84,61.29,60.18,68.05,67.44,0.61,-14.87,5.09,3.36,-4.03,11.32,,0
KAZ,398,Kazakhstan,Europe & Central Asia,upper_middle_income,2003,15747380,17344.75,10.3,64.75,35.1,10.53,13.44,91.19,96.95,99.9,8.78,37.45,16.46,53.32,72.43,96.01,62.73,60.22,68.94,68.76,0.18,-15.56,5.18,2.77,-3.29,10.31,,0
KAZ,398,Kazakhstan,Europe & Central Asia,upper_middle_income,2004,15850159,18886.58,11.01,65.04,33.0,10.77,13.84,91.55,97.0,100.0,8.4,35.8,16.51,54.21,74.37,96.18,64.36,60.13,69.85,69.75,0.1,-15.91,5.84,2.39,-3.24,9.64,,0
KAZ,398,Kazakhstan,Europe & Central Asia,upper_middle_income,2005,15968117,20565.53,11.75,65.36,31.0,11.02,14.25,91.91,97.06,100.0,8.13,34.4,16.63,55.13,76.31,96.33,65.64,59.89,70.66,70.89,-0.23,-16.25,6.23,2.0,-3.83,8.6,,0
KAZ,398,Kazakhstan,Europe & Central Asia,upper_middle_income,2006,16103716,22574.34,13.05,65.72,28.9,11.27,14.65,92.27,97.13,99.8,7.79,33.59,16.88,56.17,78.25,96.4,66.74,59.38,71.39,72.17,-0.78,-16.28,6.8,1.56,-4.96,7.14,,0
KAZ,398,Kazakhstan,Europe & Central Asia,upper_middle_income,2007,16257214,24351.35,13.51,66.18,26.8,11.52,14.61,92.63,97.19,100.0,7.26,32.81,17.36,57.35,78.96,96.61,68.21,58.45,71.92,73.21,-1.29,-16.13,6.59,1.5,-5.13,5.33,,0
KAZ,398,Kazakhstan,Europe & Central Asia,upper_middle_income,2008,16426525,24895.66,15.12,66.76,24.7,11.26,14.57,92.99,97.25,100.0,6.63,31.94,18.09,58.68,78.02,96.75,69.93,57.07,72.09,73.8,-1.71,-15.53,4.94,1.42,-4.3,3.36,3.0,0
KAZ,398,Kazakhstan,Europe & Central Asia,upper_middle_income,2009,16619846,24901.35,13.51,67.46,22.5,11.01,14.53,93.35,97.31,100.0,6.55,31.27,19.13,60.23,77.07,96.89,70.44,55.21,71.97,74.04,-2.07,-15.38,2.97,1.11,-1.07,0.48,,0
KAZ,398,Kazakhstan,Europe & Central Asia,upper_middle_income,2010,16836810,26374.84,14.39,68.26,20.4,11.18,14.49,93.71,97.38,100.0,5.77,31.0,20.51,61.91,77.51,97.03,72.14,52.88,72.29,74.59,-2.29,-14.64,2.46,0.93,0.96,-2.48,,0
KAZ,398,Kazakhstan,Europe & Central Asia,upper_middle_income,2011,17066002,27946.16,15.39,69.11,18.3,11.34,14.7,94.07,97.44,99.8,5.39,30.36,25.49,63.74,78.64,97.1,73.24,45.63,71.67,75.47,-3.8,-14.12,2.3,0.53,0.31,-9.8,,0
KAZ,398,Kazakhstan,Europe & Central Asia,upper_middle_income,2012,17306106,28881.24,14.95,69.94,16.3,11.51,14.79,94.42,97.5,100.0,5.29,29.21,27.2,65.64,79.43,97.31,74.05,43.46,71.97,75.98,-4.01,-12.93,2.38,0.62,0.91,-14.04,,0
KAZ,398,Kazakhstan,Europe & Central Asia,upper_middle_income,2013,17556502,30177.49,15.73,70.72,14.5,11.67,14.57,94.77,97.56,100.0,5.2,28.57,25.84,67.51,79.38,97.44,74.56,45.17,72.81,76.84,-4.03,-12.12,0.88,0.41,0.41,-13.39,,0
KAZ,398,Kazakhstan,Europe & Central Asia,upper_middle_income,2014,17816285,30986.44,13.08,71.42,13.0,11.83,14.4,95.13,97.62,100.0,5.06,27.07,23.84,69.23,79.43,97.58,75.63,47.87,73.95,77.62,-3.67,-11.02,0.31,0.27,0.88,-11.73,,0
KAZ,398,Kazakhstan,Europe & Central Asia,upper_middle_income,2015,18084169,30893.76,11.21,72.02,11.9,12.0,14.2,95.48,97.68,100.0,4.93,25.62,22.56,70.66,79.44,97.72,76.66,49.71,74.83,77.67,-2.83,-9.67,0.22,0.37,1.56,-9.54,3.0,0
KAZ,398,Kazakhstan,Europe & Central Asia,upper_middle_income,2016,18363600,30758.32,11.77,72.55,11.0,12.07,14.11,95.75,97.74,100.0,4.96,25.58,22.76,71.91,79.41,97.83,76.62,49.4,75.04,78.1,-3.07,-8.46,0.18,0.36,0.98,-11.31,,0
KAZ,398,Kazakhstan,Europe & Central Asia,upper_middle_income,2017,18651931,31524.44,12.14,73.0,10.5,12.14,14.22,96.0,97.8,100.0,4.9,25.54,21.02,72.76,79.95,97.93,76.76,52.07,75.9,78.44,-2.55,-8.05,0.37,0.4,0.5,-8.72,,0
KAZ,398,Kazakhstan,Europe & Central Asia,upper_middle_income,2018,18932727,32330.23,12.12,73.37,10.3,12.21,14.35,96.31,97.86,100.0,4.85,25.49,20.59,73.26,80.56,98.05,76.88,52.75,76.3,78.79,-2.49,-8.0,0.55,0.41,-0.3,-7.86,,0
KAZ,398,Kazakhstan,Europe & Central Asia,upper_middle_income,2019,19209555,33298.21,11.39,73.66,10.2,12.32,14.58,96.61,97.91,100.0,4.8,25.43,20.86,73.59,81.58,98.17,77.02,52.32,76.54,79.71,-3.17,-8.22,0.97,0.34,-0.56,-10.94,,0
KAZ,398,Kazakhstan,Europe & Central Asia,upper_middle_income,2020,19482117,32011.55,11.57,71.19,10.1,12.43,14.82,96.92,97.95,100.0,4.89,25.22,20.03,71.8,82.6,98.29,76.94,53.68,76.66,79.7,-3.04,-9.57,1.52,0.2,1.41,-10.67,,0
KAZ,398,Kazakhstan,Europe & Central Asia,upper_middle_income,2021,19743603,32945.85,12.25,70.13,10.0,12.43,14.82,97.23,97.95,100.0,5.57,25.01,20.03,71.09,82.6,98.39,75.7,53.68,76.29,79.3,-3.01,-9.31,1.75,0.4,-0.12,-9.95,,1
KAZ,398,Kazakhstan,Europe & Central Asia,upper_middle_income,2022,20034609,33506.26,12.31,73.5,9.8,12.43,14.82,97.53,97.95,100.0,4.86,24.98,20.03,73.9,82.6,98.49,77.13,53.68,77.16,79.66,-2.5,-7.31,2.0,0.46,-0.6,-9.47,3.0,1
KEN,404,Kenya,Sub-Saharan Africa,lower_middle_income,2000,30642890,3756.64,0.29,56.08,95.2,5.43,8.39,45.36,23.65,15.2,2.88,59.43,21.14,35.82,41.41,28.07,62.95,51.87,44.02,44.52,-0.5,-6.43,0.22,-23.93,9.79,16.35,0.0,0
KEN,404,Kenya,Sub-Saharan Africa,lower_middle_income,2001,31619170,3778.26,0.26,56.5,90.5,5.55,8.47,46.23,24.32,17.0,2.88,59.65,20.89,36.69,42.02,29.18,62.86,52.27,44.6,44.79,-0.19,-6.23,0.32,-22.64,9.9,16.69,,0
KEN,404,Kenya,Sub-Saharan Africa,lower_middle_income,2002,32629808,3681.26,0.25,56.76,85.6,5.66,8.23,47.1,25.03,18.9,2.92,59.85,20.3,37.49,41.74,30.34,62.67,53.24,45.09,44.69,0.4,-5.57,-0.01,-20.93,9.63,17.68,,0
KEN,404,Kenya,Sub-Saharan Africa,lower_middle_income,2003,33652223,3674.09,0.21,57.37,80.8,5.78,8.8,47.96,25.75,16.0,2.87,60.07,19.58,38.59,43.72,29.91,62.65,54.43,45.86,44.85,1.01,-4.67,1.81,-21.66,9.29,18.82,,0
KEN,404,Kenya,Sub-Saharan Africa,lower_middle_income,2004,34713455,3743.57,0.23,57.95,76.1,5.89,9.38,48.83,26.47,22.6,2.84,60.15,18.99,39.68,45.69,32.63,62.66,55.46,47.23,45.28,1.94,-3.91,2.98,-19.51,8.67,19.35,,0
KEN,404,Kenya,Sub-Saharan Africa,lower_middle_income,2005,35796484,3844.74,0.25,58.51,71.2,6.01,9.43,49.69,27.19,24.5,2.74,60.2,18.74,40.84,46.22,33.79,62.84,55.9,47.92,45.8,2.12,-3.61,3.06,-19.66,8.2,19.71,,0
KEN,404,Kenya,Sub-Saharan Africa,lower_middle_income,2006,36904008,3970.73,0.27,59.06,66.8,6.09,9.73,50.54,27.91,26.4,2.67,60.27,18.98,41.95,47.32,34.95,62.93,55.48,48.53,46.68,1.85,-3.35,3.37,-20.17,7.51,19.06,,0
KEN,404,Kenya,Sub-Saharan Africa,lower_middle_income,2007,38036349,4116.45,0.26,59.41,62.9,6.16,10.04,51.4,28.64,28.3,2.64,60.23,19.64,42.87,48.43,36.11,63.01,54.33,48.95,47.28,1.67,-3.28,3.7,-19.64,7.19,17.61,,0
KEN,404,Kenya,Sub-Saharan Africa,lower_middle_income,2008,39206351,4002.88,0.27,59.96,58.0,6.24,10.33,52.25,29.36,30.3,2.75,60.32,20.62,44.17,49.48,37.3,62.75,52.71,49.28,47.26,2.03,-1.72,4.68,-18.26,6.87,15.83,0.0,0
KEN,404,Kenya,Sub-Saharan Africa,lower_middle_income,2009,40408891,4012.19,0.31,60.48,55.2,6.31,10.61,53.1,30.08,23.0,2.82,60.41,21.81,45.12,50.53,35.39,62.57,50.83,48.89,47.46,1.43,-1.47,5.09,-20.4,6.77,13.77,,0
KEN,404,Kenya,Sub-Saharan Africa,lower_middle_income,2010,41598567,4211.52,0.32,60.92,53.1,5.82,10.66,53.95,30.8,19.2,2.79,60.41,23.13,45.87,49.01,34.65,62.62,48.88,48.2,48.15,0.05,-1.44,2.68,-21.68,6.78,11.7,,0
KEN,404,Kenya,Sub-Saharan Africa,lower_middle_income,2011,42758461,4307.11,0.32,61.28,51.7,6.06,10.71,54.79,31.52,36.2,2.7,60.37,25.18,46.44,49.94,40.84,62.83,46.03,49.22,48.6,0.62,-1.67,3.05,-16.27,7.05,10.81,,0
KEN,404,Kenya,Sub-Saharan Africa,lower_middle_income,2012,43888303,4387.94,0.29,61.54,50.7,6.3,10.75,55.63,32.25,38.1,2.68,60.39,25.64,46.85,50.88,41.99,62.86,45.43,49.6,48.63,0.97,-1.77,3.62,-15.84,7.15,11.31,,0
KEN,404,Kenya,Sub-Saharan Africa,lower_middle_income,2013,44986791,4443.37,0.31,61.73,49.4,6.54,10.8,56.48,32.97,40.1,2.76,60.4,24.58,47.28,51.81,43.18,62.69,46.85,50.36,49.39,0.97,-1.84,4.4,-15.39,6.74,10.42,,0
KEN,404,Kenya,Sub-Saharan Africa,lower_middle_income,2014,46051440,4558.55,0.34,61.99,48.3,6.79,10.85,57.32,33.69,36.0,2.77,60.41,23.75,47.73,52.75,42.34,62.67,47.99,50.69,49.93,0.76,-2.09,4.83,-16.91,6.77,10.8,,0
KEN,404,Kenya,Sub-Saharan Africa,lower_middle_income,2015,47088526,4679.62,0.36,62.28,46.8,7.03,10.94,58.16,34.41,41.6,2.76,60.41,24.78,48.29,53.8,44.72,62.68,46.58,51.22,49.84,1.38,-2.18,5.2,-15.83,6.87,13.28,0.0,0
KEN,404,Kenya,Sub-Saharan Africa,lower_middle_income,2016,48139687,4770.31,0.38,62.53,45.5,7.27,11.03,58.99,35.14,53.1,2.76,60.44,24.02,48.79,54.86,49.08,62.68,47.61,52.6,50.51,2.09,-2.34,5.76,-11.73,6.43,12.88,,0
KEN,404,Kenya,Sub-Saharan Africa,lower_middle_income,2017,49197766,4846.86,0.39,62.72,44.7,7.51,11.12,59.83,35.86,55.8,3.54,60.45,19.9,49.13,55.91,50.5,61.1,53.89,54.11,51.19,2.92,-2.38,6.62,-11.68,4.69,17.59,,0
KEN,404,Kenya,Sub-Saharan Africa,lower_middle_income,2018,50207107,5017.67,0.38,62.82,43.7,7.75,11.21,60.66,36.58,61.2,4.28,60.42,20.99,49.46,56.97,52.81,59.63,52.12,54.2,51.8,2.4,-2.81,7.0,-10.99,2.59,15.64,,0
KEN,404,Kenya,Sub-Saharan Africa,lower_middle_income,2019,51202827,5171.71,0.38,62.94,42.7,7.99,11.29,61.49,37.3,69.7,5.01,60.44,19.57,49.8,58.02,56.16,58.16,54.45,55.32,52.81,2.51,-3.15,7.28,-8.73,1.13,16.18,,0
KEN,404,Kenya,Sub-Saharan Africa,lower_middle_income,2020,52217334,5057.4,0.37,61.6,42.1,7.69,11.38,62.32,38.02,71.5,5.61,63.06,24.39,48.92,57.24,57.28,55.58,47.1,53.22,52.92,0.31,-4.3,5.66,-9.12,0.78,8.63,,0
KEN,404,Kenya,Sub-Saharan Africa,lower_middle_income,2021,53219166,5338.85,0.4,61.22,41.3,7.69,11.38,63.14,38.74,76.5,5.69,64.88,24.39,48.84,57.24,59.46,54.46,47.1,53.42,53.49,-0.07,-4.43,5.12,-9.05,-1.38,8.28,,1
KEN,404,Kenya,Sub-Saharan Africa,lower_middle_income,2022,54252461,5491.69,0.41,63.55,40.5,7.69,11.38,63.96,39.45,76.0,5.56,64.56,24.39,50.84,57.24,59.81,54.89,47.1,53.98,54.58,-0.61,-4.35,4.73,-9.85,-3.01,8.02,1.0,1
KGZ,417,Kyrgyz Republic,Europe & Central Asia,lower_middle_income,2000,4898362,3638.46,0.98,68.56,50.8,10.35,11.44,80.94,92.83,99.6,2.14,36.45,23.04,52.23,66.26,91.12,76.53,49.0,67.03,44.01,23.02,10.54,25.59,40.3,23.56,13.75,1.0,0
KGZ,417,Kyrgyz Republic,Europe & Central Asia,lower_middle_income,2001,4945073,3795.89,0.82,68.71,48.1,10.4,11.75,80.94,92.83,99.5,2.27,36.24,22.94,52.94,67.32,91.09,76.38,49.14,67.37,44.87,22.51,9.94,25.55,39.09,23.4,13.53,,0
KGZ,417,Kyrgyz Republic,Europe & Central Asia,lower_middle_income,2002,4990704,3760.53,1.01,68.16,45.5,10.46,11.82,81.58,93.01,100.0,2.42,36.18,22.76,53.12,67.7,91.53,76.13,49.41,67.58,45.03,22.54,9.7,25.62,39.47,22.99,13.69,,0
KGZ,417,Kyrgyz Republic,Europe & Central Asia,lower_middle_income,2003,5043308,3982.93,1.12,68.26,43.0,10.52,12.04,82.23,93.18,99.4,2.55,35.9,22.56,53.81,68.5,91.6,76.01,49.7,67.93,46.16,21.77,9.17,25.35,37.09,22.22,13.47,,0
KGZ,417,Kyrgyz Republic,Europe & Central Asia,lower_middle_income,2004,5104713,4211.52,1.1,68.15,40.9,10.58,11.98,82.87,93.36,99.3,2.68,35.51,22.42,54.27,68.53,91.84,75.95,49.91,68.1,47.13,20.97,8.77,24.06,35.51,21.28,12.95,,0
KGZ,417,Kyrgyz Republic,Europe & Central Asia,lower_middle_income,2005,5162640,4156.96,1.09,67.96,39.2,10.63,12.05,83.48,93.66,99.4,2.82,35.38,22.42,54.58,68.91,92.18,75.75,49.9,68.26,47.02,21.24,8.86,24.6,36.02,20.61,13.14,,0
KGZ,417,Kyrgyz Republic,Europe & Central Asia,lower_middle_income,2006,5218373,4240.17,1.07,67.7,37.6,10.69,12.17,84.08,93.95,98.9,2.96,35.32,22.64,54.83,69.45,92.31,75.48,49.59,68.33,47.72,20.62,8.46,24.52,34.98,19.58,12.67,,0
KGZ,417,Kyrgyz Republic,Europe & Central Asia,lower_middle_income,2007,5268385,4558.71,1.28,67.9,35.9,10.75,12.24,84.69,94.25,99.5,3.09,35.19,23.12,55.49,69.82,92.81,75.29,48.89,68.46,48.87,19.59,7.69,23.58,33.69,18.64,11.42,,0
KGZ,417,Kyrgyz Republic,Europe & Central Asia,lower_middle_income,2008,5318729,4894.94,1.47,68.45,33.8,10.81,12.23,85.29,94.55,99.5,3.21,34.83,23.91,56.57,69.99,93.11,75.26,47.77,68.54,50.31,18.23,7.57,22.39,30.98,17.71,9.57,3.0,0
KGZ,417,Kyrgyz Republic,Europe & Central Asia,lower_middle_income,2009,5389643,4969.96,1.31,69.1,31.6,10.86,12.23,85.9,94.84,99.5,3.34,34.8,25.05,57.8,70.17,93.41,75.0,46.21,68.52,50.79,17.73,7.89,21.68,30.53,17.51,7.61,,0
KGZ,417,Kyrgyz Republic,Europe & Central Asia,lower_middle_income,2010,5467059,4876.48,1.21,69.3,29.5,10.96,12.23,86.51,95.14,99.0,3.5,34.89,26.59,58.7,70.5,93.55,74.63,44.21,68.32,50.39,17.93,9.17,22.15,32.42,17.68,6.01,,0
KGZ,417,Kyrgyz Republic,Europe & Central Asia,lower_middle_income,2011,5546587,5092.85,1.42,69.6,27.6,11.06,12.22,87.12,95.44,98.3,3.64,35.88,33.45,59.66,70.81,93.62,73.83,36.56,66.89,51.17,15.73,9.07,21.52,31.15,16.77,-0.03,,0
KGZ,417,Kyrgyz Republic,Europe & Central Asia,lower_middle_income,2012,5652076,4993.39,1.85,70.0,26.0,11.16,12.45,87.73,95.73,99.8,3.79,34.98,34.38,60.61,71.78,94.42,74.02,35.64,67.29,50.57,16.73,10.22,22.68,32.56,17.37,0.42,,0
KGZ,417,Kyrgyz Republic,Europe & Central Asia,lower_middle_income,2013,5777150,5418.54,1.68,70.2,24.7,11.26,12.64,88.34,96.03,98.9,3.88,39.45,33.83,61.33,72.64,94.42,71.47,36.18,67.21,52.25,14.96,9.51,22.4,29.76,14.04,-1.53,,0
KGZ,417,Kyrgyz Republic,Europe & Central Asia,lower_middle_income,2014,5905848,5513.75,1.68,70.4,23.5,11.36,12.67,88.96,96.32,99.8,4.02,39.9,30.55,62.02,73.06,95.03,70.96,39.58,68.13,52.72,15.41,9.57,22.38,30.03,13.69,0.96,,0
KGZ,417,Kyrgyz Republic,Europe & Central Asia,lower_middle_income,2015,6040036,5600.21,1.71,70.65,22.3,11.46,12.62,89.57,96.62,98.7,4.14,36.91,29.75,62.78,73.25,94.96,72.3,40.47,68.75,52.6,16.15,9.81,21.99,28.92,15.2,5.1,3.0,0
KGZ,417,Kyrgyz Republic,Europe & Central Asia,lower_middle_income,2016,6175338,5715.01,1.58,70.95,21.1,11.56,12.67,90.19,96.91,99.7,4.29,35.12,29.02,63.61,73.73,95.6,72.93,41.3,69.43,53.23,16.21,10.01,21.95,29.33,15.37,4.5,,0
KGZ,417,Kyrgyz Republic,Europe & Central Asia,lower_middle_income,2017,6306696,5861.22,1.53,71.2,20.0,11.66,12.52,90.81,97.2,100.0,4.42,33.2,26.86,64.38,73.63,96.0,73.68,43.88,70.32,54.03,16.28,10.28,21.49,28.15,15.96,5.39,,0
KGZ,417,Kyrgyz Republic,Europe & Central Asia,lower_middle_income,2018,6444079,5951.83,1.78,71.4,19.0,11.76,12.45,91.43,97.49,100.0,4.56,33.0,27.45,65.1,73.76,96.31,73.51,43.15,70.37,54.31,16.05,10.53,21.27,27.52,15.22,4.8,,0
KGZ,417,Kyrgyz Republic,Europe & Central Asia,lower_middle_income,2019,6590211,6087.6,1.55,71.6,18.3,11.86,12.49,92.04,97.78,99.9,5.45,31.38,26.76,65.66,74.21,96.58,72.58,44.0,70.61,55.21,15.39,10.53,21.05,26.83,14.33,4.09,,0
KGZ,417,Kyrgyz Republic,Europe & Central Asia,lower_middle_income,2020,6726596,5537.8,1.38,71.8,17.8,11.96,12.63,92.59,98.02,99.9,5.94,32.31,24.38,66.11,74.97,96.83,71.1,47.11,71.23,54.3,16.93,11.67,21.99,27.77,15.71,7.55,,0
KGZ,417,Kyrgyz Republic,Europe & Central Asia,lower_middle_income,2021,6851224,5736.48,1.53,71.9,17.5,11.96,12.99,93.25,98.15,99.7,5.15,30.8,24.38,66.37,75.97,97.03,73.49,47.11,72.0,54.54,17.45,12.17,22.73,26.53,17.11,7.47,,1
KGZ,417,Kyrgyz Republic,Europe & Central Asia,lower_middle_income,2022,6975220,6139.78,1.51,72.05,17.3,11.96,12.99,93.78,98.28,99.7,4.77,30.65,24.38,66.61,75.97,97.25,74.33,47.11,72.26,56.26,15.99,9.9,21.67,24.53,15.52,6.72,3.0,1
KHM,116,Cambodia,East Asia & Pacific,lower_middle_income,2000,12462336,1922.03,0.16,59.49,105.2,3.37,7.96,52.31,10.45,16.6,0.74,61.77,29.8,37.35,33.34,26.45,66.0,40.41,40.71,35.65,5.06,5.44,2.29,-4.78,15.42,7.26,0.0,0
KHM,116,Cambodia,East Asia & Pacific,lower_middle_income,2001,12658484,2032.08,0.17,60.46,96.0,3.43,8.59,53.98,10.8,9.5,0.78,60.22,29.91,39.09,35.31,24.76,66.75,40.29,41.24,36.41,4.83,5.91,2.94,-7.48,16.15,6.99,,0
KHM,116,Cambodia,East Asia & Pacific,lower_middle_income,2002,12855241,2126.34,0.17,61.4,86.2,3.49,9.78,55.51,13.52,13.1,0.86,59.86,30.02,40.98,38.81,27.38,66.77,40.17,42.82,37.4,5.42,6.47,5.09,-6.64,15.82,6.26,,0
KHM,116,Cambodia,East Asia & Pacific,lower_middle_income,2003,13050968,2309.84,0.19,62.34,77.5,3.56,10.33,56.92,16.5,19.3,0.91,59.5,30.1,42.87,40.54,30.9,66.86,40.08,44.25,38.94,5.31,6.56,4.91,-6.54,15.32,5.62,,0
KHM,116,Cambodia,East Asia & Pacific,lower_middle_income,2004,13244731,2491.31,0.18,63.26,70.4,3.62,10.84,58.31,19.49,14.2,1.0,59.11,30.1,44.61,42.19,30.66,66.88,40.07,44.88,40.13,4.75,6.81,4.93,-9.18,14.73,5.0,,0
KHM,116,Cambodia,East Asia & Pacific,lower_middle_income,2005,13439202,2781.89,0.2,64.11,64.4,3.68,11.0,59.68,22.5,20.5,1.06,58.75,29.99,46.24,42.84,34.23,66.96,40.2,46.09,41.7,4.39,6.32,3.83,-9.38,13.95,4.82,,0
KHM,116,Cambodia,East Asia & Pacific,lower_middle_income,2006,13639028,3041.1,0.22,64.89,59.3,3.8,11.16,61.03,25.53,27.5,1.16,58.34,29.61,47.73,43.68,38.02,66.98,40.62,47.41,43.18,4.22,6.13,3.06,-8.87,13.16,4.99,,0
KHM,116,Cambodia,East Asia & Pacific,lower_middle_income,2007,13841770,3308.16,0.27,65.55,54.9,3.93,11.16,62.36,28.58,20.2,1.26,58.01,28.86,49.07,44.1,37.05,66.95,41.48,47.73,44.37,3.36,5.97,2.12,-12.02,12.56,5.52,,0
KHM,116,Cambodia,East Asia & Pacific,lower_middle_income,2008,14053479,3501.93,0.29,66.15,50.8,4.03,11.06,63.69,31.66,26.4,0.82,57.73,27.79,50.38,44.15,40.58,67.97,42.75,49.16,45.5,3.67,6.29,0.98,-10.88,12.98,6.3,0.0,0
KHM,116,Cambodia,East Asia & Pacific,lower_middle_income,2009,14276810,3587.61,0.34,66.75,47.0,3.94,11.11,65.05,34.84,25.6,0.58,57.38,26.43,51.68,43.97,41.83,68.64,44.42,50.11,45.92,4.19,6.58,-0.07,-10.47,13.59,7.79,,0
KHM,116,Cambodia,East Asia & Pacific,lower_middle_income,2010,14500726,3711.54,0.36,67.31,43.5,3.87,11.16,66.39,38.04,31.1,0.77,57.0,24.82,52.96,43.89,45.18,68.46,46.51,51.4,46.43,4.97,7.35,-0.86,-7.21,13.46,9.86,,0
KHM,116,Cambodia,East Asia & Pacific,lower_middle_income,2011,14722584,3921.98,0.36,67.87,40.3,3.8,11.21,67.71,41.25,37.4,0.58,56.63,21.68,54.22,43.8,48.78,69.04,51.03,53.37,47.28,6.1,7.34,-1.87,-5.42,13.89,16.31,,0
KHM,116,Cambodia,East Asia & Pacific,lower_middle_income,2012,14945085,4159.16,0.38,68.37,37.2,3.73,11.26,69.01,44.46,42.3,0.5,56.28,23.0,55.47,43.72,51.92,69.37,49.06,53.91,47.84,6.07,7.59,-2.77,-4.26,14.04,15.38,,0
KHM,116,Cambodia,East Asia & Pacific,lower_middle_income,2013,15170208,4419.4,0.38,68.76,34.5,3.67,11.31,70.28,47.69,50.9,0.44,55.91,25.78,56.58,43.63,56.29,69.7,45.25,54.29,49.32,4.97,7.53,-3.71,-2.12,13.79,8.85,,0
KHM,116,Cambodia,East Asia & Pacific,lower_middle_income,2014,15396772,4702.73,0.46,69.12,32.0,3.6,11.36,71.54,50.92,56.1,0.69,55.55,22.11,57.68,43.55,59.52,69.38,50.38,56.1,50.36,5.74,7.47,-4.77,-0.66,13.27,13.02,,0
KHM,116,Cambodia,East Asia & Pacific,lower_middle_income,2015,15623251,4968.57,0.55,69.4,29.6,3.67,11.41,72.77,54.17,62.7,0.39,55.17,21.6,58.74,43.94,63.21,70.18,51.16,57.45,50.72,6.72,7.5,-5.45,0.83,13.96,17.27,1.0,0
KHM,116,Cambodia,East Asia & Pacific,lower_middle_income,2016,15852803,5283.73,0.67,69.64,27.5,3.96,11.46,73.99,57.42,68.8,0.72,54.79,22.41,59.72,45.02,66.74,69.73,49.93,58.23,52.01,6.22,7.27,-5.48,2.85,12.75,14.13,,0
KHM,116,Cambodia,East Asia & Pacific,lower_middle_income,2017,16073372,5632.03,0.74,69.84,25.6,4.24,11.51,75.18,60.67,89.1,0.14,54.43,20.71,60.66,46.1,74.99,71.07,52.56,61.08,53.43,7.65,7.14,-5.36,8.28,13.6,14.56,,0
KHM,116,Cambodia,East Asia & Pacific,lower_middle_income,2018,16274522,6050.59,0.76,69.99,24.1,4.52,11.53,76.36,63.94,80.7,0.13,54.02,22.99,61.43,47.08,73.67,71.31,49.07,60.51,54.56,5.96,6.62,-5.7,4.44,12.93,10.53,,0
KHM,116,Cambodia,East Asia & Pacific,lower_middle_income,2019,16481304,6448.88,0.95,70.13,22.8,4.8,11.54,77.51,67.21,84.0,0.12,53.63,22.97,62.14,48.06,76.24,71.53,49.1,61.41,56.05,5.37,6.16,-6.09,4.97,12.95,8.54,,0
KHM,116,Cambodia,East Asia & Pacific,lower_middle_income,2020,16725474,6128.78,1.11,70.06,21.8,5.0,11.56,78.65,70.49,86.4,0.17,53.76,24.14,62.57,48.77,78.51,71.36,47.44,61.73,55.85,5.88,6.72,-5.84,6.48,15.28,6.61,,0
KHM,116,Cambodia,East Asia & Pacific,lower_middle_income,2021,16974305,6225.53,1.09,69.3,20.8,5.2,11.56,79.76,73.78,82.5,0.4,53.35,24.14,62.5,49.44,78.68,71.13,47.44,61.84,55.75,6.09,7.21,-5.08,5.91,14.14,6.84,,1
KHM,116,Cambodia,East Asia & Pacific,lower_middle_income,2022,17201724,6458.37,1.07,70.53,19.9,5.2,11.56,80.86,77.06,92.3,0.24,53.06,24.14,63.92,49.44,83.41,71.58,47.44,63.16,57.01,6.14,6.53,-5.68,9.33,12.36,6.46,1.0,1
KOR,410,South Korea,East Asia & Pacific,high_income,2000,47008111,26404.16,9.92,75.91,7.6,10.62,15.54,98.77,100.0,100.0,4.06,25.86,25.44,78.51,78.56,99.59,78.26,45.7,76.12,73.06,3.06,5.02,7.94,3.61,5.0,-8.17,3.0,1
KOR,410,South Korea,East Asia & Pacific,high_income,2001,47370164,27440.66,10.07,76.41,7.2,10.75,15.64,98.77,100.0,100.0,3.7,25.74,25.34,79.49,79.26,99.59,79.05,45.82,76.64,73.87,2.77,4.97,7.33,3.33,5.12,-8.35,,1
KOR,410,South Korea,East Asia & Pacific,high_income,2002,47644736,29395.28,10.38,76.77,6.8,10.87,15.8,98.77,100.0,100.0,3.05,25.38,25.2,80.38,80.14,99.59,80.55,46.01,77.33,74.84,2.5,4.54,6.65,2.89,5.88,-9.11,,0
KOR,410,South Korea,East Asia & Pacific,high_income,2003,47892330,30142.46,10.5,77.21,6.4,10.99,15.98,98.77,100.0,100.0,3.35,24.59,25.0,81.38,81.03,99.59,80.36,46.28,77.73,75.33,2.4,4.93,6.42,2.72,6.1,-9.45,,0
KOR,410,South Korea,East Asia & Pacific,high_income,2004,48082519,31579.53,10.8,77.67,6.0,11.12,16.17,98.77,100.0,100.0,3.42,24.24,24.76,82.43,81.97,99.59,80.4,46.6,78.2,75.9,2.3,5.1,6.69,2.59,5.45,-9.77,,0
KOR,410,South Korea,East Asia & Pacific,high_income,2005,48184561,32886.05,10.71,78.17,5.6,11.24,16.36,98.77,100.0,100.0,3.48,24.02,24.47,83.57,82.93,99.59,80.39,46.98,78.69,76.47,2.22,5.6,6.65,2.49,4.56,-10.0,,0
KOR,410,South Korea,East Asia & Pacific,high_income,2006,48438292,34429.62,10.81,78.67,5.2,11.15,16.48,98.77,100.0,100.0,3.25,23.61,23.98,84.76,82.95,99.59,81.07,47.66,79.2,77.26,1.94,6.24,5.89,2.36,3.7,-10.01,,0
KOR,410,South Korea,East Asia & Pacific,high_income,2007,48683638,36257.34,11.11,79.12,4.8,11.06,16.63,98.84,100.0,100.0,3.01,23.25,23.26,85.97,83.05,99.61,81.74,48.69,79.81,78.13,1.68,6.81,5.34,2.33,2.76,-9.8,,0
KOR,410,South Korea,East Asia & Pacific,high_income,2008,49054708,37064.15,11.26,79.52,4.5,10.97,16.69,98.91,99.99,100.0,2.96,22.95,22.5,86.98,82.92,99.63,82.0,49.79,80.26,78.77,1.5,7.03,4.55,2.21,2.24,-9.46,4.0,0
KOR,410,South Korea,East Asia & Pacific,high_income,2009,49307835,37176.19,11.28,79.97,4.3,10.87,16.72,98.98,99.97,100.0,3.36,21.92,21.94,87.82,82.7,99.65,81.74,50.63,80.51,78.73,1.78,6.56,3.67,1.92,4.66,-9.94,,0
KOR,410,South Korea,East Asia & Pacific,high_income,2010,49554112,39574.05,12.37,80.12,4.1,11.64,16.79,99.05,99.96,100.0,3.32,21.24,21.79,88.45,85.45,99.67,82.17,50.86,81.32,79.37,1.95,6.12,5.33,1.65,5.04,-10.68,,0
KOR,410,South Korea,East Asia & Pacific,high_income,2011,49936638,40719.23,12.97,80.57,4.0,11.73,16.84,99.12,99.94,100.0,2.99,20.86,24.88,89.07,85.89,99.69,83.04,46.43,80.82,79.94,0.88,5.93,4.9,1.49,4.69,-14.36,,0
KOR,410,South Korea,East Asia & Pacific,high_income,2012,50199853,41537.67,12.85,80.82,3.8,11.83,16.76,99.19,99.93,100.0,2.81,20.76,25.58,89.82,85.98,99.71,83.45,45.51,80.89,80.49,0.4,6.14,4.36,1.4,4.96,-18.28,,0
KOR,410,South Korea,East Asia & Pacific,high_income,2013,50428893,42709.98,12.73,81.27,3.7,11.93,16.68,99.27,99.91,100.0,3.07,20.37,27.49,90.45,86.1,99.73,83.15,43.1,80.5,81.16,-0.65,6.06,3.13,1.25,4.18,-22.29,,0
KOR,410,South Korea,East Asia & Pacific,high_income,2014,50746659,43806.93,12.43,81.72,3.6,12.02,16.62,99.34,99.89,100.0,3.08,19.84,28.38,91.1,86.22,99.74,83.39,42.05,80.5,81.88,-1.38,6.07,2.85,1.14,3.78,-24.39,,0
KOR,410,South Korea,East Asia & Pacific,high_income,2015,51014947,44849.11,12.62,82.02,3.5,12.12,16.57,99.41,99.88,100.0,3.55,19.71,26.29,91.64,86.42,99.76,82.53,44.6,80.99,82.14,-1.15,6.35,2.65,1.12,2.2,-21.83,4.0,0
KOR,410,South Korea,East Asia & Pacific,high_income,2016,51217803,46088.24,12.67,82.28,3.4,12.21,16.49,99.48,99.86,100.0,3.65,19.51,26.67,92.14,86.51,99.78,82.43,44.12,81.0,83.21,-2.22,6.23,2.23,1.02,1.21,-25.18,,0
KOR,410,South Korea,East Asia & Pacific,high_income,2017,51361911,47536.79,12.95,82.63,3.3,12.31,16.42,99.55,99.84,100.0,3.65,19.39,26.0,92.74,86.67,99.8,82.49,44.96,81.33,83.66,-2.33,6.3,1.81,0.96,0.2,-23.86,,0
KOR,410,South Korea,East Asia & Pacific,high_income,2018,51585058,48834.45,13.19,82.63,3.2,12.41,16.38,99.62,99.83,100.0,3.82,18.97,25.93,93.07,86.89,99.82,82.37,45.05,81.44,84.13,-2.7,6.25,1.49,0.93,-1.11,-24.15,,0
KOR,410,South Korea,East Asia & Pacific,high_income,2019,51764822,49790.87,12.65,83.23,3.1,12.51,16.38,99.69,99.81,100.0,3.75,18.97,26.02,93.88,87.2,99.84,82.52,44.95,81.68,84.87,-3.2,6.6,1.26,0.91,-1.48,-26.59,,0
KOR,410,South Korea,East Asia & Pacific,high_income,2020,51836239,49374.09,11.91,83.43,3.1,12.61,16.38,99.77,99.79,100.0,3.93,19.33,25.94,94.03,87.54,99.85,81.97,45.04,81.69,85.25,-3.56,6.69,0.56,0.78,-0.45,-27.99,,0
KOR,410,South Korea,East Asia & Pacific,high_income,2021,51769539,51718.25,12.34,83.53,3.0,12.61,16.51,99.84,99.78,100.0,3.64,19.11,25.94,94.46,87.91,99.87,82.66,45.04,81.99,85.12,-3.13,7.49,0.84,0.81,-0.22,-27.66,,1
KOR,410,South Korea,East Asia & Pacific,high_income,2022,51672569,53228.6,11.87,82.68,2.9,12.61,16.51,99.91,99.76,100.0,2.86,18.59,25.94,94.18,87.91,99.89,84.5,45.04,82.3,85.53,-3.23,6.74,1.02,0.82,-0.21,-27.58,4.0,1
KWT,414,Kuwait,Middle East & N. Africa,high_income,2000,1954709,60585.3,28.66,76.23,12.7,6.22,12.27,100.0,100.0,100.0,0.8,2.82,59.03,73.18,54.8,100.0,96.91,17.6,68.5,81.01,-12.51,-9.7,-24.23,-0.28,10.04,-41.36,2.0,0
KWT,414,Kuwait,Middle East & N. Africa,high_income,2001,2008121,59099.67,29.32,76.38,12.5,6.19,12.39,100.0,100.0,100.0,0.8,2.89,60.42,73.48,55.08,100.0,96.88,16.82,68.45,81.64,-13.19,-9.9,-24.84,-0.16,9.86,-42.91,,0
KWT,414,Kuwait,Middle East & N. Africa,high_income,2002,2059974,59348.62,29.89,76.53,12.3,6.17,12.93,100.0,100.0,100.0,1.1,2.95,61.78,73.76,56.5,100.0,96.25,16.08,68.52,81.9,-13.38,-10.12,-23.88,-0.13,9.86,-45.12,,0
KWT,414,Kuwait,Middle East & N. Africa,high_income,2003,2109881,67984.31,30.77,76.64,12.2,6.15,13.46,100.0,100.0,100.0,1.3,2.76,62.94,73.94,57.92,100.0,95.95,15.46,68.65,83.08,-14.42,-11.59,-24.14,-0.57,8.19,-47.58,,0
KWT,414,Kuwait,Middle East & N. Africa,high_income,2004,2157320,73298.06,31.98,76.73,12.0,6.13,13.71,100.0,100.0,100.0,1.7,2.5,63.75,74.18,58.54,100.0,95.28,15.03,68.61,83.72,-15.11,-12.5,-23.81,-0.67,7.23,-49.83,,0
KWT,414,Kuwait,Middle East & N. Africa,high_income,2005,2236788,78193.9,34.53,76.8,11.8,6.11,13.72,100.0,100.0,100.0,1.46,2.21,64.05,74.42,58.48,100.0,95.93,14.87,68.74,84.45,-15.71,-13.22,-25.29,-0.8,7.37,-51.86,,0
KWT,414,Kuwait,Middle East & N. Africa,high_income,2006,2364733,79521.35,33.8,76.89,11.6,6.14,13.72,100.0,100.0,100.0,1.3,1.66,63.77,74.67,58.56,100.0,96.53,15.02,68.96,85.32,-16.37,-13.56,-25.83,-0.74,7.37,-52.81,,0
KWT,414,Kuwait,Middle East & N. Africa,high_income,2007,2507887,79474.76,31.19,77.01,11.4,6.22,13.72,100.0,100.0,100.0,1.5,1.31,63.1,74.96,58.85,100.0,96.31,15.37,69.1,86.46,-17.36,-13.9,-26.46,-0.72,6.21,-53.46,,0
KWT,414,Kuwait,Middle East & N. Africa,high_income,2008,2651421,77036.51,31.54,77.19,11.2,6.43,13.73,100.0,100.0,100.0,1.75,0.82,62.3,75.29,59.55,100.0,96.07,15.79,69.34,86.53,-17.19,-13.82,-25.69,-0.56,6.22,-53.44,2.0,0
KWT,414,Kuwait,Middle East & N. Africa,high_income,2009,2795484,67896.27,30.52,77.43,11.0,6.64,13.73,100.0,100.0,100.0,1.64,1.03,61.63,75.67,60.27,100.0,96.18,16.16,69.65,84.82,-15.16,-13.05,-24.12,-0.22,10.17,-52.88,,0
KWT,414,Kuwait,Middle East & N. Africa,high_income,2010,2943372,62956.22,29.5,77.73,10.7,6.85,13.73,100.0,100.0,100.0,1.82,0.96,61.35,76.2,60.98,100.0,95.85,16.31,69.87,84.27,-14.4,-11.88,-23.36,0.17,11.63,-51.95,,0
KWT,414,Kuwait,Middle East & N. Africa,high_income,2011,3132814,64844.5,29.33,78.05,10.3,7.06,13.74,100.0,100.0,100.0,2.05,0.72,65.11,76.86,61.69,100.0,95.52,14.32,69.68,84.96,-15.28,-11.81,-23.46,0.21,10.43,-52.44,,0
KWT,414,Kuwait,Middle East & N. Africa,high_income,2012,3337109,64908.26,27.56,78.4,10.0,7.27,13.74,100.0,100.0,100.0,2.23,0.59,65.14,77.44,62.41,100.0,95.24,14.31,69.88,85.29,-15.41,-11.33,-23.12,0.2,10.09,-56.17,,0
KWT,414,Kuwait,Middle East & N. Africa,high_income,2013,3507844,62458.81,26.76,78.74,9.6,6.68,13.74,100.0,100.0,100.0,2.46,0.56,66.14,78.15,60.46,100.0,94.77,13.8,69.44,85.28,-15.84,-10.45,-26.01,0.34,10.36,-58.11,,0
KWT,414,Kuwait,Middle East & N. Africa,high_income,2014,3665876,60065.65,25.19,79.08,9.3,6.88,13.75,100.0,100.0,100.0,2.9,0.6,50.03,78.76,61.12,100.0,93.89,23.12,71.38,85.29,-13.91,-9.8,-25.1,0.51,9.85,-48.86,,0
KWT,414,Kuwait,Middle East & N. Africa,high_income,2015,3834574,57763.52,24.93,79.38,9.1,7.07,14.67,100.0,100.0,100.0,2.2,0.6,64.55,79.22,64.32,100.0,95.29,14.61,70.69,84.8,-14.11,-8.95,-21.9,0.68,11.53,-56.13,2.0,0
KWT,414,Kuwait,Middle East & N. Africa,high_income,2016,4004096,56936.62,24.57,79.68,9.0,7.13,14.87,100.0,100.0,100.0,2.16,1.15,59.23,79.58,65.07,100.0,95.08,17.48,71.44,85.58,-14.14,-8.86,-21.4,0.71,11.1,-55.79,,0
KWT,414,Kuwait,Middle East & N. Africa,high_income,2017,4154812,52285.59,23.46,79.92,8.9,7.19,15.07,100.0,100.0,100.0,2.23,1.22,58.13,79.88,65.83,100.0,94.9,18.11,71.74,84.73,-12.98,-7.73,-20.06,0.93,11.37,-52.37,,0
KWT,414,Kuwait,Middle East & N. Africa,high_income,2018,4323515,51623.81,22.92,80.11,8.9,7.22,15.27,100.0,100.0,100.0,2.2,1.32,63.46,80.03,66.48,100.0,94.9,15.18,71.32,84.78,-13.47,-7.48,-19.55,0.99,10.66,-55.06,,0
KWT,414,Kuwait,Middle East & N. Africa,high_income,2019,4442316,51380.65,21.8,81.97,8.9,7.33,15.48,100.0,100.0,100.0,2.21,1.53,52.78,81.46,67.43,100.0,94.77,21.33,73.0,85.24,-12.24,-6.2,-18.88,1.01,10.31,-50.79,,0
KWT,414,Kuwait,Middle East & N. Africa,high_income,2020,4400267,49372.82,21.12,78.76,8.8,7.44,15.69,100.0,100.0,100.0,3.49,2.12,53.72,79.11,68.39,100.0,91.9,20.75,72.03,85.25,-13.22,-8.23,-18.59,0.93,9.49,-52.28,,0
KWT,414,Kuwait,Middle East & N. Africa,high_income,2021,4360865,50651.96,22.91,78.74,8.7,7.44,15.69,100.0,100.0,100.0,2.97,2.06,53.72,79.22,68.39,100.0,92.98,20.75,72.27,84.88,-12.62,-7.49,-18.42,0.97,10.38,-51.58,,1
KWT,414,Kuwait,Middle East & N. Africa,high_income,2022,4589643,51379.88,22.36,80.59,8.6,7.44,15.69,100.0,100.0,100.0,2.13,1.93,53.72,80.77,68.39,100.0,94.72,20.75,72.93,85.13,-12.21,-6.25,-18.08,0.98,10.49,-51.22,2.0,1
LAO,418,Lao,East Asia & Pacific,lower_middle_income,2000,5431212,2899.02,0.17,58.32,100.1,4.25,7.93,48.34,28.58,42.6,2.04,87.54,28.82,36.99,36.18,39.84,49.84,41.53,40.87,40.61,0.26,-0.95,-0.87,-3.09,-2.12,7.74,0.0,0
LAO,418,Lao,East Asia & Pacific,lower_middle_income,2001,5521482,3015.63,0.19,58.89,95.6,4.32,7.98,50.54,31.51,45.3,1.88,87.03,28.83,37.93,36.56,42.45,50.43,41.52,41.78,41.24,0.54,-1.14,-1.49,-1.28,-1.44,7.65,,0
LAO,418,Lao,East Asia & Pacific,lower_middle_income,2002,5610889,3143.22,0.21,59.3,91.1,4.39,8.3,52.71,34.43,46.3,1.78,86.49,28.9,38.77,37.69,44.48,50.93,41.44,42.66,42.22,0.44,-1.57,-1.56,-1.16,-1.38,7.03,,0
LAO,418,Lao,East Asia & Pacific,lower_middle_income,2003,5697945,3282.99,0.21,59.64,86.6,4.46,8.68,54.87,37.33,48.0,1.64,85.95,28.96,39.58,39.0,46.73,51.49,41.37,43.63,43.16,0.47,-1.81,-1.25,-0.99,-1.37,6.47,,0
LAO,418,Lao,East Asia & Pacific,lower_middle_income,2004,5781626,3441.17,0.22,60.08,82.1,4.54,8.88,57.0,40.21,53.5,1.5,85.43,28.94,40.5,39.79,50.24,52.04,41.39,44.79,44.02,0.77,-1.75,-1.7,0.93,-1.5,5.82,,0
LAO,418,Lao,East Asia & Pacific,lower_middle_income,2005,5869523,3630.56,0.22,60.69,77.7,4.61,9.12,59.04,43.01,57.2,1.35,84.89,28.78,41.56,40.7,53.08,52.62,41.57,45.91,44.96,0.95,-1.99,-1.65,1.51,-1.69,5.72,,0
LAO,418,Lao,East Asia & Pacific,lower_middle_income,2006,5963200,3881.54,0.29,61.07,73.5,4.68,9.23,60.93,45.62,57.0,1.2,84.27,28.41,42.46,41.23,54.52,53.25,42.01,46.7,46.33,0.36,-2.48,-2.41,0.15,-2.0,5.74,,0
LAO,418,Lao,East Asia & Pacific,lower_middle_income,2007,6056236,4112.25,0.3,61.69,69.5,4.76,9.38,62.81,48.22,55.0,1.07,83.87,27.78,43.55,41.91,55.34,53.72,42.76,47.46,47.26,0.19,-2.58,-2.81,-0.38,-2.1,6.04,,0
LAO,418,Lao,East Asia & Pacific,lower_middle_income,2008,6148969,4367.16,0.34,62.25,65.5,4.83,9.55,64.66,50.8,66.0,0.94,83.45,26.88,44.62,42.64,60.49,54.19,43.85,49.16,48.52,0.63,-2.55,-3.33,2.15,-2.37,6.49,0.0,0
LAO,418,Lao,East Asia & Pacific,lower_middle_income,2009,6241642,4625.07,0.42,63.02,61.8,4.9,9.83,66.5,53.37,67.4,0.84,83.01,25.7,45.85,43.65,62.42,54.64,45.35,50.38,49.64,0.75,-2.9,-3.78,1.98,-2.25,7.34,,0
LAO,418,Lao,East Asia & Pacific,lower_middle_income,2010,6334194,4946.11,0.47,63.69,58.4,4.98,10.05,68.32,55.93,70.2,0.71,82.38,24.23,46.97,44.5,64.82,55.23,47.32,51.77,50.62,1.14,-2.79,-4.05,3.2,-1.84,9.0,,0
LAO,418,Lao,East Asia & Pacific,lower_middle_income,2011,6426590,5266.88,0.49,64.5,55.1,5.08,10.45,70.12,58.47,70.0,0.96,81.81,20.58,48.23,45.96,66.2,55.02,52.77,53.64,51.73,1.91,-2.89,-3.84,2.61,-2.33,15.84,,0
LAO,418,Lao,East Asia & Pacific,lower_middle_income,2012,6518978,5608.97,0.51,65.13,52.1,5.18,10.53,71.91,61.0,76.4,1.21,81.23,22.44,49.32,46.5,69.77,54.83,49.89,54.06,52.46,1.6,-2.84,-4.42,4.17,-2.8,13.33,,0
LAO,418,Lao,East Asia & Pacific,lower_middle_income,2013,6611385,5974.47,0.6,65.72,49.4,5.28,10.78,73.67,63.51,79.3,1.47,80.84,24.24,50.35,47.54,72.16,54.52,47.3,54.37,53.79,0.58,-2.96,-4.27,4.43,-3.78,8.73,,0
LAO,418,Lao,East Asia & Pacific,lower_middle_income,2014,6703172,6341.21,0.65,66.35,46.8,5.38,11.04,75.42,66.01,82.5,1.73,80.43,21.39,51.42,48.59,74.64,54.2,51.48,56.07,54.9,1.17,-3.18,-4.39,5.31,-4.19,11.51,,0
LAO,418,Lao,East Asia & Pacific,lower_middle_income,2015,6801645,6703.74,1.31,66.69,44.4,5.48,11.17,77.15,68.5,89.7,2.01,79.99,20.17,52.26,49.3,78.45,53.89,53.45,57.47,55.49,1.98,-3.49,-4.98,6.9,-4.56,15.68,1.0,0
LAO,418,Lao,East Asia & Pacific,lower_middle_income,2016,6908802,7063.26,2.3,67.01,42.2,5.57,11.1,78.86,70.97,89.0,2.63,79.48,22.46,53.06,49.4,79.61,52.9,49.85,56.96,56.59,0.37,-3.74,-5.85,6.72,-6.32,10.29,,0
LAO,418,Lao,East Asia & Pacific,lower_middle_income,2017,7018147,7432.46,2.74,67.34,40.2,5.67,10.95,80.55,73.43,93.6,3.27,78.97,19.15,53.84,49.31,82.53,51.9,55.17,58.55,57.77,0.78,-3.81,-6.65,7.19,-7.54,13.71,,0
LAO,418,Lao,East Asia & Pacific,lower_middle_income,2018,7128045,7775.09,2.79,67.59,38.3,5.76,10.63,82.22,75.87,92.9,2.9,78.51,20.98,54.56,48.74,83.66,52.88,52.12,58.39,58.35,0.04,-3.93,-8.08,7.01,-7.3,10.78,,0
LAO,418,Lao,East Asia & Pacific,lower_middle_income,2019,7237636,8075.28,2.68,67.91,36.5,5.85,10.51,83.88,78.29,98.4,2.53,78.11,22.43,55.32,48.7,86.86,53.83,49.9,58.92,59.47,-0.55,-3.88,-9.05,8.74,-6.51,6.99,,0
LAO,418,Lao,East Asia & Pacific,lower_middle_income,2020,7346533,7995.6,2.65,68.34,34.8,5.95,10.19,85.89,80.7,99.3,2.35,77.85,22.32,56.17,48.12,88.63,54.33,50.06,59.46,59.97,-0.51,-3.36,-10.81,8.42,-3.66,6.11,,0
LAO,418,Lao,East Asia & Pacific,lower_middle_income,2021,7453194,8080.44,3.2,67.81,33.2,5.95,10.19,87.52,83.1,100.0,2.08,77.37,22.32,56.27,48.12,90.21,55.12,50.06,59.96,59.63,0.32,-2.43,-10.52,9.8,-3.83,6.57,,1
LAO,418,Lao,East Asia & Pacific,lower_middle_income,2022,7559007,8183.03,3.18,68.72,31.8,5.95,10.19,89.15,85.13,100.0,1.21,77.11,22.32,57.44,48.12,91.42,57.0,50.06,60.81,60.56,0.25,-3.17,-10.77,10.44,-4.16,6.49,1.0,1
LBN,422,Lebanon,Middle East & N. Africa,upper_middle_income,2000,4329340,11571.73,3.54,73.9,20.0,7.97,10.05,84.32,76.92,99.3,8.64,26.29,17.98,66.46,54.48,86.85,68.88,57.27,66.79,62.31,4.47,5.62,-4.43,-0.51,6.49,10.97,3.0,1
LBN,422,Lebanon,Middle East & N. Africa,upper_middle_income,2001,4401918,11817.93,3.75,74.35,18.9,7.97,10.1,84.78,76.92,99.3,8.5,26.28,18.02,67.42,54.61,87.0,69.17,57.21,67.08,63.06,4.02,5.48,-5.51,-1.0,7.32,10.63,,1
LBN,422,Lebanon,Middle East & N. Africa,upper_middle_income,2002,4463504,12053.83,3.69,74.84,18.0,7.97,10.15,85.23,76.92,99.3,8.25,26.23,18.11,68.33,54.75,87.15,69.7,57.04,67.39,63.59,3.8,5.42,-6.26,-1.29,7.84,10.22,,1
LBN,422,Lebanon,Middle East & N. Africa,upper_middle_income,2003,4525508,12272.34,3.64,75.28,17.0,7.97,10.2,85.69,78.23,99.2,8.06,26.16,18.25,69.28,54.88,87.71,70.11,56.78,67.75,64.16,3.59,5.7,-6.81,-1.21,8.2,9.63,,1
LBN,422,Lebanon,Middle East & N. Africa,upper_middle_income,2004,4599279,12882.08,3.63,75.69,16.1,7.97,10.24,86.15,79.54,99.9,7.85,26.02,18.43,70.2,55.02,88.53,70.6,56.46,68.16,64.62,3.54,6.04,-7.47,-0.83,7.64,9.02,,1
LBN,422,Lebanon,Middle East & N. Africa,upper_middle_income,2005,4671102,13024.66,3.55,76.07,15.3,7.97,10.29,86.61,80.85,99.2,8.25,24.36,18.64,71.04,55.15,88.89,70.68,56.08,68.37,64.8,3.57,6.5,-7.59,-0.53,6.66,8.65,,0
LBN,422,Lebanon,Middle East & N. Africa,upper_middle_income,2006,4751136,13003.68,3.4,75.68,14.6,8.01,10.34,87.07,82.16,99.4,8.68,22.86,19.13,71.25,55.44,89.54,70.61,55.21,68.41,64.85,3.56,6.92,-7.03,0.06,5.53,8.18,,0
LBN,422,Lebanon,Middle East & N. Africa,upper_middle_income,2007,4844118,13941.56,3.09,76.73,14.1,8.06,10.64,87.52,83.47,97.8,8.98,21.47,19.99,72.44,56.42,89.6,70.74,53.74,68.59,65.81,2.78,7.01,-7.2,-0.36,4.38,6.3,,0
LBN,422,Lebanon,Middle East & N. Africa,upper_middle_income,2008,4925354,14955.14,3.72,76.96,13.6,8.11,10.93,87.98,84.78,99.9,7.67,21.16,20.94,73.0,57.4,90.89,73.53,52.19,69.4,66.93,2.47,6.43,-7.7,0.02,5.53,3.97,3.0,0
LBN,422,Lebanon,Middle East & N. Africa,upper_middle_income,2009,4992287,16264.35,4.32,77.26,13.2,8.16,11.23,88.44,86.09,99.3,6.36,20.84,21.71,73.56,58.38,91.28,76.32,50.98,70.1,68.32,1.79,4.84,-9.17,-0.99,9.31,1.19,,0
LBN,422,Lebanon,Middle East & N. Africa,upper_middle_income,2010,5041288,17390.76,4.1,77.53,13.0,8.2,11.53,88.9,87.4,99.5,6.77,20.52,22.03,73.93,59.37,91.93,75.67,50.5,70.28,69.11,1.17,4.15,-9.33,-0.95,8.96,0.26,,0
LBN,422,Lebanon,Middle East & N. Africa,upper_middle_income,2011,5096020,17353.2,4.12,77.77,12.8,8.25,11.82,89.36,88.71,99.7,7.35,20.33,19.35,74.28,60.35,92.59,74.59,54.84,71.33,69.12,2.21,4.28,-8.73,-0.5,7.37,5.64,,0
LBN,422,Lebanon,Middle East & N. Africa,upper_middle_income,2012,5235742,17323.3,4.48,77.94,12.7,8.3,11.88,89.81,90.02,99.5,7.95,20.24,18.78,74.5,60.67,93.11,73.44,55.82,71.51,69.03,2.48,4.6,-8.66,0.06,6.22,6.11,,0
LBN,422,Lebanon,Middle East & N. Africa,upper_middle_income,2013,5743436,16396.5,4.02,78.04,12.7,8.35,11.93,90.27,91.32,99.6,8.48,20.22,20.25,74.57,60.99,93.73,72.4,53.31,71.0,68.41,2.59,5.42,-7.97,0.89,5.31,4.46,,0
LBN,422,Lebanon,Middle East & N. Africa,upper_middle_income,2014,6346990,15205.87,3.93,78.15,12.8,8.4,11.99,90.73,92.63,99.7,8.84,20.29,20.36,74.57,61.31,94.35,71.64,53.12,71.0,67.97,3.03,6.36,-6.85,2.1,5.96,4.49,,0
LBN,422,Lebanon,Middle East & N. Africa,upper_middle_income,2015,6472469,14980.02,4.16,78.28,12.9,8.45,12.05,91.19,93.94,99.7,9.31,20.43,20.69,74.59,61.63,94.94,70.62,52.6,70.88,67.65,3.23,6.33,-6.52,2.61,5.55,4.67,3.0,0
LBN,422,Lebanon,Middle East & N. Africa,upper_middle_income,2016,6323060,15572.36,4.41,78.31,13.2,8.5,12.1,91.65,95.25,99.8,9.79,20.53,19.36,74.36,61.95,95.57,69.61,54.81,71.26,68.32,2.94,5.54,-6.98,2.72,3.81,5.56,,0
LBN,422,Lebanon,Middle East & N. Africa,upper_middle_income,2017,6160128,16128.58,4.76,78.19,13.5,8.55,12.16,92.1,96.56,99.9,10.26,20.55,18.89,74.03,62.27,96.19,68.67,55.63,71.36,68.88,2.47,4.63,-7.13,2.96,3.21,5.25,,0
LBN,422,Lebanon,Middle East & N. Africa,upper_middle_income,2018,5984119,16290.05,4.59,78.26,14.0,8.57,12.12,92.47,97.87,99.7,10.76,20.51,19.98,73.69,62.23,96.68,67.7,53.76,70.81,68.99,1.82,4.06,-7.3,3.27,1.81,3.99,,0
LBN,422,Lebanon,Middle East & N. Africa,upper_middle_income,2019,5794594,15659.57,4.66,78.21,14.5,8.58,12.09,92.6,99.07,100.0,11.3,20.32,20.6,73.27,62.19,97.22,66.7,52.74,70.43,68.87,1.55,4.16,-6.81,4.13,1.64,1.93,,0
LBN,422,Lebanon,Middle East & N. Africa,upper_middle_income,2020,5702398,12507.44,3.83,76.3,15.1,8.6,12.05,92.6,99.2,100.0,13.25,20.12,19.23,71.36,62.15,97.27,62.91,55.03,69.74,66.47,3.27,5.47,-4.3,6.04,1.88,5.74,,0
LBN,422,Lebanon,Middle East & N. Africa,upper_middle_income,2021,5718122,11599.78,2.92,73.65,15.7,8.6,12.05,92.6,99.2,100.0,12.72,19.32,19.23,68.9,62.15,97.27,64.4,55.03,69.55,64.75,4.8,5.33,-2.44,8.03,2.85,7.39,,1
LBN,422,Lebanon,Middle East & N. Africa,upper_middle_income,2022,5744489,11474.75,1.82,78.0,16.3,8.6,12.05,92.6,99.2,100.0,11.1,19.47,19.23,71.84,62.15,97.27,67.54,55.03,70.77,65.24,5.52,6.64,-2.15,8.1,3.63,7.88,3.0,1
LBR,430,Liberia,Sub-Saharan Africa,low_income,2000,2928117,1868.18,0.14,51.85,194.9,3.53,10.43,61.03,12.17,,2.02,80.93,40.11,24.78,40.74,36.6,53.37,30.49,37.2,35.32,1.87,-6.73,10.09,6.15,2.89,-2.64,0.0,0
LBR,430,Liberia,Sub-Saharan Africa,low_income,2001,3015338,1867.12,0.15,53.11,181.7,3.59,10.36,61.92,12.47,3.0,2.1,80.42,40.77,26.51,40.75,25.8,53.47,29.95,35.29,35.42,-0.12,-5.45,9.56,-4.07,3.15,-3.32,,1
LBR,430,Liberia,Sub-Saharan Africa,low_income,2002,3094782,1887.65,0.15,54.06,168.6,3.66,10.29,62.81,12.77,3.0,2.22,80.06,41.35,28.06,40.76,26.19,53.42,29.48,35.58,36.0,-0.42,-4.74,8.68,-4.41,2.91,-4.41,,1
LBR,430,Liberia,Sub-Saharan Africa,low_income,2003,3119532,1308.15,0.16,53.04,156.2,3.72,10.21,63.69,13.06,3.0,2.42,79.88,41.83,28.1,40.77,26.59,53.12,29.09,35.53,32.48,3.06,-0.44,12.47,5.14,3.79,-5.32,,1
LBR,430,Liberia,Sub-Saharan Africa,low_income,2004,3156892,1326.54,0.17,55.95,144.8,3.79,10.14,64.57,13.37,3.0,2.42,79.68,42.15,31.16,40.78,26.98,53.21,28.84,36.2,32.86,3.33,1.63,11.7,5.12,3.88,-5.93,,1
LBR,430,Liberia,Sub-Saharan Africa,low_income,2005,3301015,1335.62,0.21,56.76,134.9,3.85,10.07,65.45,13.67,3.0,2.41,79.56,42.26,32.56,40.8,27.37,53.3,28.75,36.56,33.19,3.37,2.14,10.91,5.3,3.99,-6.25,,1
LBR,430,Liberia,Sub-Saharan Africa,low_income,2006,3490787,1364.6,0.21,57.5,126.5,3.91,9.99,66.2,14.12,3.0,2.28,79.39,41.37,33.82,40.8,27.77,53.66,29.47,37.1,33.69,3.42,2.5,9.71,4.8,4.49,-5.57,,1
LBR,430,Liberia,Sub-Saharan Africa,low_income,2007,3669050,1422.1,0.18,58.15,119.6,3.98,9.92,66.95,14.56,3.0,2.23,79.22,39.23,34.93,40.81,28.17,53.84,31.24,37.8,34.22,3.58,2.62,8.83,4.26,4.66,-3.6,,0
LBR,430,Liberia,Sub-Saharan Africa,low_income,2008,3821003,1463.12,0.15,58.68,114.0,4.04,9.92,67.69,15.02,1.3,2.22,79.0,36.68,35.85,41.03,28.0,53.98,33.48,38.47,34.66,3.81,3.0,8.1,3.3,4.62,-1.37,0.0,0
LBR,430,Liberia,Sub-Saharan Africa,low_income,2009,3943028,1493.0,0.13,59.11,109.5,4.1,9.93,68.43,15.48,1.9,2.24,78.77,34.55,36.62,41.26,28.6,54.06,35.48,39.2,34.75,4.46,2.28,7.5,3.55,4.47,0.74,,0
LBR,430,Liberia,Sub-Saharan Africa,low_income,2010,4058890,1538.85,0.2,59.36,105.7,4.17,9.94,69.17,15.95,5.3,2.27,78.48,33.65,37.2,41.49,30.14,54.16,36.35,39.87,35.29,4.58,2.65,6.91,5.16,4.68,1.93,,0
LBR,430,Liberia,Sub-Saharan Africa,low_income,2011,4221178,1601.03,0.21,59.49,102.4,4.26,9.94,69.89,16.43,4.1,2.21,78.27,43.09,37.64,41.8,30.14,54.39,28.1,38.41,35.68,2.73,1.6,6.73,3.53,4.75,-3.75,,0
LBR,430,Liberia,Sub-Saharan Africa,low_income,2012,4373043,1668.97,0.22,59.78,99.5,4.35,9.95,70.62,16.91,9.3,2.15,78.01,40.95,38.18,42.12,32.28,54.65,29.8,39.41,36.13,3.28,0.93,6.49,4.19,4.9,-0.41,,0
LBR,430,Liberia,Sub-Saharan Africa,low_income,2013,4470239,1774.52,0.2,59.99,97.0,4.44,9.95,71.33,17.41,9.8,2.08,77.76,33.84,38.62,42.43,32.85,54.91,36.17,41.0,38.36,2.63,0.11,5.4,1.53,4.49,1.54,,0
LBR,430,Liberia,Sub-Saharan Africa,low_income,2014,4564293,1750.14,0.26,59.21,97.0,4.53,10.03,72.05,17.91,9.4,2.08,77.55,34.35,38.02,42.93,33.12,55.03,35.67,40.95,38.07,2.89,-0.24,5.7,2.07,4.8,1.47,,0
LBR,430,Liberia,Sub-Saharan Africa,low_income,2015,4659431,1714.09,0.26,59.25,93.2,4.62,10.1,72.75,18.42,15.2,2.56,77.46,51.12,38.48,43.44,35.46,54.12,22.4,38.78,37.16,1.62,-0.56,5.99,4.75,4.12,-5.99,0.0,0
LBR,430,Liberia,Sub-Saharan Africa,low_income,2016,4755608,1653.31,0.29,60.48,91.5,4.76,10.17,73.45,18.93,17.7,3.08,77.32,48.3,39.63,44.11,36.7,53.15,24.29,39.57,37.61,1.96,0.56,6.61,6.62,3.25,-5.59,,0
LBR,430,Liberia,Sub-Saharan Africa,low_income,2017,4848925,1661.3,0.25,60.78,90.3,4.9,10.25,74.15,19.46,24.2,3.07,77.2,41.51,40.0,44.78,39.27,53.24,29.35,41.33,38.21,3.12,0.78,6.95,8.55,3.28,-2.53,,0
LBR,430,Liberia,Sub-Saharan Africa,low_income,2018,4944726,1647.97,0.13,61.0,89.4,5.04,10.32,74.84,19.99,22.8,3.06,77.07,42.04,40.28,45.45,39.21,53.32,28.93,41.44,38.93,2.51,0.38,7.33,6.95,3.19,-3.76,,0
LBR,430,Liberia,Sub-Saharan Africa,low_income,2019,5043721,1575.77,0.2,61.23,88.7,5.18,10.39,75.52,20.53,23.1,3.07,77.01,37.16,40.54,46.13,39.72,53.33,33.05,42.55,38.64,3.91,0.24,8.02,8.74,3.64,-1.45,,0
LBR,430,Liberia,Sub-Saharan Africa,low_income,2020,5149463,1497.38,0.16,61.27,88.3,5.32,10.47,76.19,21.08,27.6,4.1,78.31,42.36,40.62,46.8,41.62,50.58,28.67,41.66,38.5,3.16,0.99,8.3,10.59,2.36,-4.33,,0
LBR,430,Liberia,Sub-Saharan Africa,low_income,2021,5259323,1539.21,0.16,61.17,88.0,5.32,10.47,76.86,21.63,29.8,3.84,77.78,42.36,40.58,46.8,42.76,51.37,28.67,42.04,38.8,3.23,0.82,8.21,9.25,3.21,-4.28,,1
LBR,430,Liberia,Sub-Saharan Africa,low_income,2022,5373294,1579.0,0.16,61.93,87.8,5.32,10.47,77.52,22.19,31.8,2.96,77.64,42.36,41.2,46.8,43.84,53.22,28.67,42.75,39.18,3.56,-0.48,8.32,8.87,3.7,-4.4,0.0,1
LBY,434,Libya,Middle East & N. Africa,upper_middle_income,2000,5305021,17747.02,9.29,70.54,28.1,5.58,16.22,,91.06,99.8,19.27,18.42,35.97,60.19,63.66,95.43,51.76,34.14,61.04,68.35,-7.32,-7.78,-1.61,2.04,-15.61,-15.88,1.0,0
LBY,434,Libya,Middle East & N. Africa,upper_middle_income,2001,5403639,17115.99,9.02,70.65,27.3,5.75,16.18,,90.96,96.9,19.24,18.14,36.45,60.59,64.11,93.93,51.98,33.69,60.86,68.25,-7.39,-7.45,-1.65,0.68,-14.45,-15.84,,0
LBY,434,Libya,Middle East & N. Africa,upper_middle_income,2002,5508410,16629.44,9.06,70.79,26.5,5.92,16.13,93.08,90.85,95.2,19.28,17.89,37.63,61.01,64.56,93.04,52.02,32.63,60.65,68.01,-7.36,-6.99,-1.48,0.12,-13.89,-16.62,,1
LBY,434,Libya,Middle East & N. Africa,upper_middle_income,2003,5619398,18422.73,9.57,71.0,25.5,6.1,15.8,93.08,90.74,93.5,19.07,17.54,39.22,61.59,64.22,92.44,52.62,31.25,60.42,69.58,-9.15,-8.22,-4.01,-1.43,-14.17,-19.21,,1
LBY,434,Libya,Middle East & N. Africa,upper_middle_income,2004,5736693,18851.2,9.28,71.21,24.4,6.27,15.7,93.08,90.64,91.8,18.94,17.23,40.94,62.23,64.49,91.84,53.05,29.81,60.29,69.73,-9.44,-7.85,-4.0,-1.94,-14.52,-20.66,,1
LBY,434,Libya,Middle East & N. Africa,upper_middle_income,2005,5858798,20649.46,9.85,71.44,23.1,6.44,15.59,93.08,90.53,90.1,18.66,16.94,42.51,63.0,64.77,91.24,53.77,28.55,60.27,70.94,-10.68,-8.44,-5.38,-3.12,-15.75,-22.77,,1
LBY,434,Libya,Middle East & N. Africa,upper_middle_income,2006,5980211,21545.3,9.61,71.63,21.7,6.61,15.48,93.08,90.42,88.4,18.8,16.76,44.2,63.83,65.05,90.63,53.57,27.25,60.07,71.56,-11.49,-7.88,-5.72,-3.88,-17.51,-24.45,,1
LBY,434,Libya,Middle East & N. Africa,upper_middle_income,2007,6104380,22422.01,8.8,71.79,20.2,6.79,15.37,93.08,90.32,86.8,18.77,16.72,46.19,64.73,65.33,90.07,53.66,25.78,59.91,72.12,-12.2,-7.41,-5.89,-4.51,-18.5,-26.27,,1
LBY,434,Libya,Middle East & N. Africa,upper_middle_income,2008,6235430,21915.2,9.16,71.94,18.8,6.96,15.27,93.08,90.21,85.1,19.04,16.92,48.11,65.62,65.61,89.46,53.01,24.43,59.63,72.09,-12.46,-6.53,-5.67,-5.02,-19.48,-27.63,1.0,0
LBY,434,Libya,Middle East & N. Africa,upper_middle_income,2009,6366686,20518.96,9.47,72.07,17.6,7.14,15.16,93.08,90.1,83.5,19.29,17.38,49.54,66.44,65.89,88.89,52.27,23.45,59.39,71.46,-12.07,-6.02,-5.42,-5.55,-16.92,-28.76,,0
LBY,434,Libya,Middle East & N. Africa,upper_middle_income,2010,6497839,21115.53,9.8,72.2,16.6,7.31,15.05,93.08,90.0,81.9,19.32,17.98,50.11,67.17,66.18,88.32,51.9,23.07,59.33,71.63,-12.3,-5.72,-5.62,-6.31,-16.51,-29.22,,0
LBY,434,Libya,Middle East & N. Africa,upper_middle_income,2011,6343203,10741.92,6.97,69.95,19.6,7.56,14.94,93.08,89.89,80.3,19.5,18.7,36.57,63.64,66.71,87.76,51.15,33.58,60.57,62.99,-2.42,0.79,5.39,1.37,-11.96,-10.28,,0
LBY,434,Libya,Middle East & N. Africa,upper_middle_income,2012,6179328,20601.0,10.17,72.19,15.0,7.81,14.84,93.08,89.78,78.7,19.03,19.49,33.04,68.27,67.25,87.19,51.68,36.97,62.27,71.31,-9.04,-4.62,-4.9,-7.33,-17.19,-14.85,,0
LBY,434,Libya,Middle East & N. Africa,upper_middle_income,2013,6304628,16557.5,9.93,72.34,14.4,7.81,14.73,93.35,89.67,77.1,19.31,20.5,41.83,68.83,66.94,86.71,50.59,29.09,60.43,68.55,-8.12,-0.5,-2.19,-6.21,-16.61,-19.89,,0
LBY,434,Libya,Middle East & N. Africa,upper_middle_income,2014,6427252,12499.08,9.62,71.3,13.8,7.81,14.62,93.63,89.57,75.5,19.3,21.69,36.29,68.49,66.63,86.23,49.99,33.83,61.04,65.45,-4.42,3.18,1.76,-3.33,-13.78,-12.59,,0
LBY,434,Libya,Middle East & N. Africa,upper_middle_income,2015,6531819,12195.35,8.34,71.64,13.3,7.8,14.51,93.9,89.46,73.8,19.69,22.67,36.09,69.16,66.33,85.72,48.69,34.02,60.78,64.91,-4.13,3.9,1.6,-3.54,-14.34,-11.21,1.0,0
LBY,434,Libya,Middle East & N. Africa,upper_middle_income,2016,6632126,11831.83,7.71,71.8,12.8,7.8,14.41,94.17,89.35,72.2,19.56,23.41,38.17,69.69,66.02,85.24,48.56,32.15,60.33,64.48,-4.15,4.9,1.73,-2.88,-14.53,-13.41,,0
LBY,434,Libya,Middle East & N. Africa,upper_middle_income,2017,6738770,15428.12,8.22,72.72,12.4,7.8,14.3,94.44,89.25,70.6,19.05,23.56,33.69,70.74,65.72,84.76,49.49,36.32,61.41,68.29,-6.88,2.01,-2.95,-8.0,-15.45,-13.51,,0
LBY,434,Libya,Middle East & N. Africa,upper_middle_income,2018,6849055,16385.16,8.36,73.15,11.9,7.79,14.19,94.72,89.14,67.0,18.86,23.46,41.42,71.52,65.4,83.62,49.92,29.42,59.98,69.07,-9.1,1.8,-4.23,-9.84,-16.03,-20.41,,0
LBY,434,Libya,Middle East & N. Africa,upper_middle_income,2019,6951033,14337.2,8.27,72.94,11.6,7.79,14.08,94.99,89.03,68.5,19.09,23.39,36.48,71.64,65.07,84.17,49.52,33.66,60.81,67.64,-6.83,3.85,-2.43,-7.81,-14.66,-15.9,,0
LBY,434,Libya,Middle East & N. Africa,upper_middle_income,2020,7045399,9978.66,6.49,72.39,11.2,7.78,13.98,95.26,88.93,69.4,19.65,23.17,32.97,71.59,64.75,84.53,48.5,37.04,61.28,63.26,-1.98,8.98,2.07,-1.83,-10.96,-9.41,,0
LBY,434,Libya,Middle East & N. Africa,upper_middle_income,2021,7135175,12641.51,8.18,72.06,10.8,7.78,13.98,95.54,88.82,70.2,19.78,22.59,32.97,71.74,64.75,84.85,48.55,37.04,61.39,65.95,-4.57,6.97,-1.24,-6.1,-13.67,-11.7,,1
LBY,434,Libya,Middle East & N. Africa,upper_middle_income,2022,7223805,11450.06,8.05,74.46,10.4,7.78,13.98,95.81,88.71,70.0,19.24,22.51,32.97,73.99,64.75,84.84,49.68,37.04,62.06,65.21,-3.15,8.82,0.49,-4.28,-14.21,-10.09,1.0,1
LKA,144,Sri Lanka,South Asia,upper_middle_income,2000,19293054,6428.61,0.59,71.18,16.3,10.13,12.38,83.68,76.81,70.3,7.74,44.54,26.66,66.59,68.14,76.93,61.08,44.13,63.37,53.78,9.6,14.79,18.0,5.36,3.53,3.03,1.0,0
LKA,144,Sri Lanka,South Asia,upper_middle_income,2001,19600362,6230.03,0.58,71.8,15.8,10.16,12.47,83.92,77.6,63.6,7.9,42.24,26.72,67.41,68.51,75.04,61.97,44.05,63.4,53.52,9.88,15.47,18.42,4.47,5.37,3.38,,0
LKA,144,Sri Lanka,South Asia,upper_middle_income,2002,19805752,6409.86,0.6,72.27,15.5,10.15,12.56,84.2,78.4,80.7,8.76,42.48,26.72,67.98,68.73,81.1,60.12,44.05,64.4,54.29,10.11,14.92,17.82,9.18,3.28,3.04,,0
LKA,144,Sri Lanka,South Asia,upper_middle_income,2003,19951521,6741.01,0.64,72.44,15.2,10.15,12.65,84.48,79.21,75.0,8.22,42.62,26.65,68.32,68.95,79.56,61.13,44.15,64.42,55.41,9.01,14.05,16.94,5.4,3.72,2.68,,0
LKA,144,Sri Lanka,South Asia,upper_middle_income,2004,20087605,7059.91,0.66,68.02,29.0,10.14,12.74,84.75,80.01,76.5,8.38,40.75,26.49,57.91,69.17,80.42,61.79,44.34,62.73,56.02,6.71,3.1,16.08,5.23,3.56,2.53,,0
LKA,144,Sri Lanka,South Asia,upper_middle_income,2005,20216524,7452.74,0.71,73.07,14.0,10.13,12.83,85.03,80.82,78.1,7.67,40.76,26.25,69.7,69.39,81.32,63.21,44.64,65.65,56.95,8.71,13.58,15.4,4.44,3.81,2.56,,0
LKA,144,Sri Lanka,South Asia,upper_middle_income,2006,20352411,7970.66,0.65,72.82,13.3,10.12,12.92,85.31,81.64,82.1,6.5,44.42,25.86,70.06,69.6,83.02,63.62,45.15,66.29,58.08,8.21,12.89,14.76,4.08,2.78,2.89,,0
LKA,144,Sri Lanka,South Asia,upper_middle_income,2007,20492545,8454.21,0.69,72.98,12.6,10.11,13.01,85.59,82.45,80.0,5.97,43.81,25.24,70.77,69.82,82.68,65.0,45.95,66.85,58.9,7.95,12.48,13.95,3.03,3.2,3.32,,0
LKA,144,Sri Lanka,South Asia,upper_middle_income,2008,20629378,8897.83,0.64,72.56,12.0,10.1,13.1,85.87,83.27,82.9,5.22,44.15,24.4,70.97,70.04,84.01,66.32,47.08,67.69,59.8,7.89,11.76,13.21,2.7,3.54,4.11,3.0,0
LKA,144,Sri Lanka,South Asia,upper_middle_income,2009,20756435,9156.32,0.62,70.3,21.5,10.19,13.18,86.15,84.09,87.1,5.85,42.92,23.34,62.91,70.61,85.78,65.71,48.57,66.72,60.6,6.11,2.6,12.42,2.96,3.3,4.8,,0
LKA,144,Sri Lanka,South Asia,upper_middle_income,2010,20879089,9832.19,0.65,74.46,11.2,10.24,13.27,86.43,84.92,85.3,4.78,42.53,22.05,73.19,71.01,85.55,68.05,50.47,69.65,61.74,7.92,11.77,11.53,1.36,5.54,6.07,,0
LKA,144,Sri Lanka,South Asia,upper_middle_income,2011,21009048,10618.49,0.76,74.74,10.8,10.28,13.3,86.71,85.74,87.8,4.12,42.05,19.31,73.8,71.21,86.75,69.63,54.9,71.26,62.84,8.42,11.12,10.07,0.64,6.61,11.18,,0
LKA,144,Sri Lanka,South Asia,upper_middle_income,2012,21169458,11447.69,0.85,75.19,10.3,10.33,13.27,86.99,86.58,87.0,3.88,40.74,20.91,74.66,71.29,86.86,70.8,52.23,71.17,63.73,7.44,11.14,8.6,-0.7,7.22,7.45,,0
LKA,144,Sri Lanka,South Asia,upper_middle_income,2013,20585000,12249.72,0.72,75.55,9.8,10.37,13.44,87.27,87.41,90.2,4.19,40.67,21.97,75.47,71.9,88.29,70.22,50.59,71.3,64.69,6.6,10.76,7.81,-0.97,5.78,5.17,,0
LKA,144,Sri Lanka,South Asia,upper_middle_income,2014,20778000,12909.97,0.86,75.76,9.2,10.42,13.4,87.56,88.25,92.7,4.16,40.21,19.78,76.32,71.95,89.5,70.52,54.09,72.48,65.89,6.59,10.55,6.52,-0.73,6.47,7.32,,0
LKA,144,Sri Lanka,South Asia,upper_middle_income,2015,20970000,13329.78,0.94,75.99,8.7,10.46,13.36,87.84,89.09,94.3,4.52,40.75,17.91,77.11,71.99,90.41,69.51,57.41,73.29,66.12,7.16,10.55,5.76,-0.53,5.69,10.99,3.0,0
LKA,144,Sri Lanka,South Asia,upper_middle_income,2016,21209000,13845.61,1.11,76.14,8.3,10.51,13.32,88.13,89.93,97.5,4.24,39.44,19.52,77.73,72.04,91.86,70.76,54.53,73.38,66.71,6.68,10.64,5.01,0.35,6.35,6.86,,0
LKA,144,Sri Lanka,South Asia,upper_middle_income,2017,21453000,14572.49,1.09,76.24,7.9,10.58,13.4,88.42,90.78,97.5,4.05,39.31,18.35,78.35,72.48,92.23,71.22,56.6,74.18,67.51,6.67,10.45,4.76,0.11,6.95,7.52,,0
LKA,144,Sri Lanka,South Asia,upper_middle_income,2018,21670000,14759.82,1.01,76.48,7.6,10.64,13.58,88.71,91.63,99.6,4.32,39.44,20.85,78.96,73.2,93.32,70.61,52.34,73.68,67.64,6.04,10.79,5.35,1.06,5.81,3.81,,0
LKA,144,Sri Lanka,South Asia,upper_middle_income,2019,21803000,14637.44,1.1,76.7,7.2,10.63,13.61,89.01,92.49,99.8,4.67,39.52,19.78,79.71,73.25,93.77,69.86,54.09,74.13,67.93,6.21,11.6,5.4,1.53,5.46,4.25,,0
LKA,144,Sri Lanka,South Asia,upper_middle_income,2020,21919000,13886.65,1.03,76.93,6.9,10.83,13.64,89.3,93.35,100.0,5.36,40.01,19.96,80.35,73.98,94.22,68.21,53.78,74.11,67.92,6.19,12.87,5.8,1.41,6.25,3.06,,0
LKA,144,Sri Lanka,South Asia,upper_middle_income,2021,22156000,14316.14,1.03,76.28,6.6,11.25,13.64,89.6,94.21,100.0,4.98,40.0,19.96,80.33,75.39,94.6,68.99,53.78,74.62,67.67,6.95,13.75,7.37,1.74,5.73,3.43,,1
LKA,144,Sri Lanka,South Asia,upper_middle_income,2022,22181000,13249.07,0.94,77.3,6.3,11.25,13.64,89.9,94.95,100.0,4.53,39.06,19.96,81.62,75.39,94.95,70.38,53.78,75.23,67.21,8.01,14.41,8.84,3.09,5.25,4.92,3.0,1
LSO,426,Lesotho,Sub-Saharan Africa,lower_middle_income,2000,2003913,1932.16,0.18,48.78,108.3,5.0,9.67,64.41,13.91,4.3,16.17,37.47,24.5,28.8,43.53,27.54,47.94,46.94,38.95,35.71,3.24,-3.19,12.4,-3.84,-2.66,13.79,0.0,0
LSO,426,Lesotho,Sub-Saharan Africa,lower_middle_income,2001,2000853,2004.03,0.18,47.15,110.3,5.21,9.89,64.96,15.5,1.3,16.08,37.06,23.79,27.35,44.82,27.25,48.33,47.94,39.14,36.25,2.89,-5.63,12.65,-4.59,-2.22,14.64,,0
LSO,426,Lesotho,Sub-Saharan Africa,lower_middle_income,2002,1994679,2024.79,0.19,45.95,112.1,5.42,10.07,65.52,17.07,3.4,16.08,36.79,22.78,26.25,46.03,28.66,48.48,49.38,39.76,36.83,2.93,-7.56,12.99,-3.94,-2.29,15.48,,0
LSO,426,Lesotho,Sub-Saharan Africa,lower_middle_income,2003,1985059,2127.37,0.2,44.92,113.2,5.62,10.47,66.08,18.62,5.4,16.06,36.53,21.74,25.35,47.83,30.03,48.66,50.94,40.56,37.99,2.58,-9.81,13.28,-5.06,-2.56,16.51,,0
LSO,426,Lesotho,Sub-Saharan Africa,lower_middle_income,2004,1971129,2178.66,0.21,44.04,113.9,5.83,10.63,66.65,20.15,6.8,16.15,36.25,20.92,24.6,48.98,31.2,48.61,52.22,41.12,38.55,2.57,-11.4,13.49,-4.76,-2.93,17.24,,0
LSO,426,Lesotho,Sub-Saharan Africa,lower_middle_income,2005,1953076,2275.02,0.21,43.61,114.6,6.04,10.8,67.22,21.67,9.6,16.03,35.9,20.59,24.21,50.12,32.83,49.05,52.75,41.79,39.33,2.46,-13.05,13.66,-4.82,-2.95,17.5,,0
LSO,426,Lesotho,Sub-Saharan Africa,lower_middle_income,2006,1945063,2381.02,0.21,43.18,114.7,5.83,11.01,67.8,23.17,9.7,16.05,35.45,21.07,23.87,50.0,33.56,49.23,51.98,41.73,40.24,1.49,-14.53,12.33,-5.98,-3.17,16.56,,0
LSO,426,Lesotho,Sub-Saharan Africa,lower_middle_income,2007,1953268,2470.31,0.27,43.66,111.9,5.68,11.14,68.36,24.66,13.9,15.94,35.07,22.26,24.5,49.87,35.64,49.66,50.15,41.96,40.8,1.16,-14.8,11.4,-4.67,-2.94,14.62,,0
LSO,426,Lesotho,Sub-Saharan Africa,lower_middle_income,2008,1966541,2589.17,0.22,44.3,111.6,5.54,11.26,68.93,26.12,16.0,15.85,34.65,23.78,25.03,49.74,37.02,50.06,47.94,41.96,41.69,0.27,-15.11,10.19,-5.18,-2.96,12.11,0.0,0
LSO,426,Lesotho,Sub-Saharan Africa,lower_middle_income,2009,1980883,2538.19,0.26,45.06,99.1,5.7,11.39,69.49,27.58,17.0,16.11,34.73,25.27,26.9,50.65,38.02,49.49,45.92,42.2,41.44,0.76,-13.88,10.75,-3.5,-3.38,10.1,,0
LSO,426,Lesotho,Sub-Saharan Africa,lower_middle_income,2010,1996251,2651.38,0.26,46.04,90.9,5.87,11.52,70.07,29.02,17.0,16.07,34.52,26.34,28.6,51.55,38.7,49.7,44.54,42.61,42.1,0.52,-12.7,10.78,-3.19,-3.17,8.79,,0
LSO,426,Lesotho,Sub-Saharan Africa,lower_middle_income,2011,2014009,2749.32,0.27,46.93,85.2,6.03,11.64,70.64,30.45,22.5,16.11,34.15,26.95,29.98,52.45,41.2,49.79,43.77,43.44,42.59,0.84,-12.5,11.08,-2.03,-3.15,10.26,,0
LSO,426,Lesotho,Sub-Saharan Africa,lower_middle_income,2012,2034354,2894.23,0.28,48.24,81.4,6.2,11.77,71.19,31.86,20.6,15.76,33.91,26.52,31.48,53.35,41.22,50.63,44.3,44.2,43.05,1.15,-12.06,11.31,-3.77,-2.42,12.17,,0
LSO,426,Lesotho,Sub-Saharan Africa,lower_middle_income,2013,2056504,2914.38,0.28,49.55,79.3,6.36,11.41,71.75,33.26,26.9,15.93,33.76,25.24,32.77,52.91,43.97,50.38,45.95,45.2,44.13,1.07,-11.35,10.47,-1.93,-2.92,10.64,,0
LSO,426,Lesotho,Sub-Saharan Africa,lower_middle_income,2014,2080089,2930.62,0.29,50.79,77.6,6.53,11.36,72.3,34.64,27.8,16.07,33.48,26.8,33.96,53.3,44.92,50.24,43.95,45.27,44.26,1.01,-10.46,10.53,-1.21,-2.96,8.41,,0
LSO,426,Lesotho,Sub-Saharan Africa,lower_middle_income,2015,2104611,2986.96,0.28,51.83,75.1,6.69,11.2,72.86,36.02,31.8,16.22,33.28,25.89,35.12,53.42,46.89,50.04,45.11,46.11,43.91,2.2,-10.04,10.07,-0.22,-3.08,14.48,0.0,0
LSO,426,Lesotho,Sub-Saharan Africa,lower_middle_income,2016,2130422,3057.26,0.31,52.91,71.4,6.86,11.26,73.43,37.38,35.1,16.14,33.18,25.37,36.5,54.14,48.64,50.26,45.78,47.06,44.84,2.22,-9.4,10.21,0.78,-3.23,13.59,,0
LSO,426,Lesotho,Sub-Saharan Africa,lower_middle_income,2017,2157110,2924.68,0.33,53.87,70.1,7.02,11.33,73.99,38.74,33.7,16.38,33.19,22.43,37.44,54.86,48.81,49.77,49.89,48.16,44.88,3.27,-8.17,11.19,1.46,-3.52,16.06,,0
LSO,426,Lesotho,Sub-Saharan Africa,lower_middle_income,2018,2183603,2846.42,0.35,54.64,68.8,7.19,11.24,74.56,40.08,47.0,16.61,33.11,23.02,38.23,55.18,53.88,49.34,49.02,49.13,45.01,4.12,-7.58,11.47,6.15,-4.09,14.97,,0
LSO,426,Lesotho,Sub-Saharan Africa,lower_middle_income,2019,2209405,2773.29,0.35,55.25,68.1,7.36,11.16,75.14,41.41,44.6,16.88,33.22,21.18,38.81,55.53,53.72,48.77,51.81,49.73,45.16,4.56,-7.21,11.72,6.61,-4.31,16.05,,0
LSO,426,Lesotho,Sub-Saharan Africa,lower_middle_income,2020,2235727,2517.11,0.31,55.13,66.3,7.55,11.07,75.72,42.73,47.5,18.39,33.25,23.44,39.01,55.9,55.32,45.73,48.43,48.88,44.43,4.45,-6.27,12.02,9.11,-5.22,13.56,,0
LSO,426,Lesotho,Sub-Saharan Africa,lower_middle_income,2021,2261542,2544.78,0.34,54.21,64.0,7.55,11.07,76.3,44.04,50.4,18.21,32.65,23.44,38.69,55.9,56.91,46.39,48.43,49.26,44.54,4.73,-6.39,12.06,9.23,-4.75,13.61,,1
LSO,426,Lesotho,Sub-Saharan Africa,lower_middle_income,2022,2286110,2577.55,0.43,56.81,62.0,7.55,11.07,76.89,45.33,50.0,16.62,32.74,23.44,41.03,55.9,57.41,49.52,48.43,50.46,45.06,5.4,-5.69,12.11,8.81,-3.16,13.48,0.0,1
LTU,440,Lithuania,Europe & Central Asia,high_income,2000,3499536,15771.43,3.33,72.02,10.7,10.95,14.5,89.65,84.26,99.5,15.93,18.57,18.08,71.81,76.78,91.14,58.36,57.09,71.03,66.67,4.37,5.86,13.33,-1.0,-7.53,8.35,3.0,0
LTU,440,Lithuania,Europe & Central Asia,high_income,2001,3470818,16933.02,3.57,71.66,10.3,11.14,15.09,90.1,84.73,99.5,16.84,19.02,17.33,71.94,79.04,91.44,56.31,58.51,71.45,68.1,3.35,4.09,13.44,-1.69,-9.97,9.09,,0
LTU,440,Lithuania,Europe & Central Asia,high_income,2002,3443067,18216.55,3.62,71.76,9.9,11.32,15.63,90.55,85.19,99.4,13.01,19.57,16.43,72.45,81.16,91.71,63.68,60.29,73.86,69.3,4.56,2.95,13.65,-2.12,-3.5,10.13,,0
LTU,440,Lithuania,Europe & Central Asia,high_income,2003,3415213,20302.98,3.66,72.06,9.6,11.5,16.21,91.0,85.66,99.4,12.87,19.69,15.54,73.02,83.38,92.02,63.89,62.14,74.89,70.87,4.02,1.68,13.65,-2.65,-4.25,10.67,,0
LTU,440,Lithuania,Europe & Central Asia,high_income,2004,3377075,21867.29,3.87,71.96,9.3,11.69,16.39,91.45,86.13,99.4,10.68,17.66,14.82,73.28,84.5,92.32,69.34,63.73,76.63,71.68,4.95,0.85,13.81,-2.62,-0.26,11.65,,0
LTU,440,Lithuania,Europe & Central Asia,high_income,2005,3322528,23944.7,4.2,71.25,9.0,11.87,16.78,91.92,86.61,99.4,8.32,16.07,14.42,73.1,86.18,92.64,74.89,64.65,78.29,72.81,5.48,-0.62,13.97,-2.71,3.41,11.54,,0
LTU,440,Lithuania,Europe & Central Asia,high_income,2006,3269909,26129.34,4.34,71.06,8.6,12.01,17.1,92.4,87.12,99.4,5.78,15.85,14.28,73.44,87.55,92.97,80.1,64.98,79.81,74.02,5.79,-1.25,14.05,-2.79,6.47,10.85,,0
LTU,440,Lithuania,Europe & Central Asia,high_income,2007,3231294,29370.77,4.82,70.9,8.0,12.16,17.08,92.88,87.62,99.4,4.25,13.5,14.2,74.1,87.98,93.3,84.39,65.15,80.98,75.65,5.34,-2.19,12.89,-2.94,8.4,9.48,,0
LTU,440,Lithuania,Europe & Central Asia,high_income,2008,3198231,30445.78,4.95,71.81,7.3,12.3,17.1,93.35,88.13,99.4,5.83,10.78,14.14,75.8,88.49,93.63,82.67,65.29,81.18,76.41,4.76,-1.42,12.59,-2.83,5.66,8.74,4.0,0
LTU,440,Lithuania,Europe & Central Asia,high_income,2009,3162916,26217.54,4.18,72.91,6.7,12.32,17.19,93.82,88.67,99.5,13.78,11.08,14.04,77.58,88.82,94.0,66.6,65.52,78.5,74.72,3.79,1.17,13.98,-2.07,-5.59,10.03,,0
LTU,440,Lithuania,Europe & Central Asia,high_income,2010,3097282,26887.49,4.53,73.27,6.1,12.46,17.12,94.28,89.19,99.7,17.81,10.08,13.85,78.87,89.09,94.39,59.07,65.99,77.48,74.84,2.64,2.02,13.76,-1.82,-12.39,10.33,,0
LTU,440,Lithuania,Europe & Central Asia,high_income,2011,3028115,29240.75,4.73,73.56,5.6,12.57,17.16,94.74,89.74,99.7,15.39,9.8,12.32,80.02,89.58,94.73,64.06,69.9,79.66,76.04,3.62,1.5,12.65,-2.06,-9.51,13.76,,0
LTU,440,Lithuania,Europe & Central Asia,high_income,2012,2989139,30920.33,4.85,73.86,5.3,12.56,16.95,95.22,90.3,100.0,13.36,10.22,12.37,80.85,88.97,95.17,67.89,69.75,80.53,76.88,3.65,1.28,11.0,-1.85,-6.23,10.99,,0
LTU,440,Lithuania,Europe & Central Asia,high_income,2013,2961250,32474.64,4.51,73.91,5.1,12.59,16.86,95.7,90.86,100.0,11.77,10.84,12.41,81.31,88.78,95.52,70.75,69.65,81.2,77.79,3.41,0.66,9.28,-1.84,-4.41,9.54,,0
LTU,440,Lithuania,Europe & Central Asia,high_income,2014,2937253,33975.08,4.5,74.52,5.1,12.8,16.7,96.18,91.43,100.0,10.7,11.14,12.76,81.77,89.06,95.87,72.74,68.73,81.64,78.8,2.83,0.22,8.73,-1.82,-3.31,7.23,,0
LTU,440,Lithuania,Europe & Central Asia,high_income,2015,2911109,35251.3,4.69,74.32,5.0,12.96,16.67,96.65,91.99,100.0,9.12,11.28,11.3,81.84,89.49,96.21,75.83,72.77,83.23,79.35,3.88,-0.33,8.54,-1.66,-1.2,10.86,4.0,0
LTU,440,Lithuania,Europe & Central Asia,high_income,2016,2877325,36618.15,4.7,74.67,4.8,13.11,16.72,97.13,92.55,100.0,7.86,11.3,10.23,82.55,90.12,96.56,78.33,76.09,84.73,80.43,4.3,-0.34,8.56,-1.55,0.17,11.51,,0
LTU,440,Lithuania,Europe & Central Asia,high_income,2017,2842639,38774.49,4.91,75.48,4.5,13.19,16.85,97.6,93.11,100.0,7.07,10.99,9.8,83.87,90.77,96.9,80.07,77.54,85.83,81.22,4.61,0.07,8.35,-1.4,0.57,12.55,,0
LTU,440,Lithuania,Europe & Central Asia,high_income,2018,2819200,41019.79,4.97,75.68,4.2,13.29,16.78,98.07,93.67,100.0,6.15,10.64,11.08,84.78,90.91,97.25,82.11,73.43,85.69,82.01,3.68,0.15,7.61,-1.21,1.09,7.67,,0
LTU,440,Lithuania,Europe & Central Asia,high_income,2019,2811089,43062.32,5.09,76.28,3.9,13.39,16.48,98.54,94.23,100.0,6.26,10.6,10.25,86.04,90.44,97.59,81.91,76.05,86.41,83.13,3.27,0.61,6.27,-1.01,0.07,7.3,,0
LTU,440,Lithuania,Europe & Central Asia,high_income,2020,2810369,43091.8,5.07,75.03,3.7,13.5,16.37,98.89,94.79,100.0,8.49,10.75,9.22,85.65,90.47,97.89,77.37,79.58,86.19,83.63,2.56,0.02,5.2,-0.94,-3.05,9.11,,0
LTU,440,Lithuania,Europe & Central Asia,high_income,2021,2808380,45873.53,5.1,74.04,3.6,13.5,16.4,99.24,95.34,100.0,7.11,10.55,9.22,85.18,90.55,98.19,80.22,79.58,86.75,83.73,3.01,-0.24,4.97,-0.67,-0.97,9.08,,1
LTU,440,Lithuania,Europe & Central Asia,high_income,2022,2831639,46651.21,4.65,75.64,3.5,13.5,16.4,99.58,95.89,100.0,5.96,10.81,9.22,86.73,90.55,98.49,82.4,79.58,87.55,84.01,3.53,0.88,5.26,-0.36,-0.47,9.41,4.0,1
LVA,428,Latvia,Europe & Central Asia,high_income,2000,2367550,14554.21,3.05,70.31,14.3,11.47,14.19,97.96,89.18,99.9,14.21,13.69,22.5,67.35,77.66,95.68,64.37,49.8,70.97,65.51,5.46,2.78,15.42,4.54,-0.53,1.8,3.0,0
LVA,428,Latvia,Europe & Central Asia,high_income,2001,2337170,15695.91,3.28,70.76,13.4,11.64,14.88,97.95,89.16,99.9,13.82,14.44,21.61,68.4,80.12,95.67,64.76,51.14,72.02,67.01,5.0,1.84,15.7,3.35,-0.47,2.49,,0
LVA,428,Latvia,Europe & Central Asia,high_income,2002,2310173,17096.56,3.32,70.96,12.6,11.8,15.36,97.99,89.39,99.8,13.83,13.47,20.51,69.22,82.0,95.72,65.25,52.89,73.02,68.41,4.61,0.76,15.5,2.49,-1.03,3.39,,0
LVA,428,Latvia,Europe & Central Asia,high_income,2003,2287955,18717.67,3.46,71.27,11.9,11.97,15.72,98.02,89.53,99.8,12.06,13.08,19.42,70.07,83.56,95.78,68.99,54.71,74.62,69.79,4.83,0.01,15.08,1.78,1.98,4.1,,0
LVA,428,Latvia,Europe & Central Asia,high_income,2004,2263122,20574.12,3.52,72.03,11.1,12.13,16.11,98.06,89.61,99.7,11.71,12.91,18.55,71.41,85.18,95.79,69.79,56.25,75.68,70.91,4.77,-0.08,15.31,1.24,1.05,4.9,,0
LVA,428,Latvia,Europe & Central Asia,high_income,2005,2238799,23213.35,3.59,71.36,10.5,12.25,16.41,98.1,89.7,99.7,10.03,11.05,18.11,71.5,86.4,95.83,74.12,57.04,76.98,72.44,4.54,-1.77,14.6,0.66,3.05,4.33,,0
LVA,428,Latvia,Europe & Central Asia,high_income,2006,2218357,26431.81,3.85,70.87,9.9,12.3,16.43,98.13,89.76,99.6,7.03,10.16,18.01,71.76,86.63,95.83,80.59,57.23,78.41,74.17,4.24,-3.1,12.95,-0.01,6.82,2.96,,0
LVA,428,Latvia,Europe & Central Asia,high_income,2007,2200325,29423.74,4.05,71.02,9.3,12.17,16.33,98.17,89.81,99.7,6.05,9.7,17.96,72.56,85.92,95.89,82.79,57.31,78.9,75.67,3.23,-3.76,10.81,-0.35,6.77,1.62,,0
LVA,428,Latvia,Europe & Central Asia,high_income,2008,2177322,28726.97,3.89,72.42,8.8,12.35,16.32,98.2,89.86,99.7,7.74,9.03,17.92,74.24,86.51,95.92,79.77,57.38,78.76,75.69,3.07,-2.15,11.38,-0.24,3.55,1.66,4.0,0
LVA,428,Latvia,Europe & Central Asia,high_income,2009,2141669,24520.68,3.62,73.08,8.3,12.46,15.94,98.24,89.92,100.0,17.52,9.53,17.86,75.38,85.79,96.05,59.96,57.51,74.94,73.83,1.11,0.02,11.93,0.37,-11.36,2.99,,0
LVA,428,Latvia,Europe & Central Asia,high_income,2010,2097555,24119.73,4.23,73.48,7.7,12.56,15.81,98.27,89.99,99.8,19.48,9.64,17.71,76.5,85.8,96.02,55.96,57.78,74.41,73.41,1.01,1.41,12.01,0.43,-13.98,3.79,,0
LVA,428,Latvia,Europe & Central Asia,high_income,2011,2059709,25308.73,4.0,73.58,7.2,12.61,15.8,98.31,90.05,99.8,16.21,9.52,15.53,77.3,85.9,96.05,62.58,62.18,76.8,74.14,2.66,1.04,10.94,0.0,-8.92,8.32,,0
LVA,428,Latvia,Europe & Central Asia,high_income,2012,2034319,27496.55,3.95,73.78,6.6,12.7,15.63,98.34,90.12,100.0,15.05,9.37,14.98,78.4,85.76,96.15,64.98,63.37,77.73,75.33,2.4,0.57,9.38,-0.3,-7.45,6.83,,0
LVA,428,Latvia,Europe & Central Asia,high_income,2013,2012647,28375.18,3.87,73.98,6.1,12.81,16.08,98.38,90.18,100.0,11.87,9.36,15.41,79.42,87.36,96.19,71.34,62.43,79.35,76.01,3.33,0.69,9.72,-0.56,-1.99,5.18,,0
LVA,428,Latvia,Europe & Central Asia,high_income,2014,1993782,29243.74,3.8,74.12,5.6,12.86,16.07,98.42,90.25,100.0,10.85,9.37,16.1,80.46,87.5,96.22,73.38,60.97,79.7,76.86,2.84,1.04,9.14,-0.84,-0.56,2.6,,0
LVA,428,Latvia,Europe & Central Asia,high_income,2015,1977527,30599.61,3.87,74.48,5.1,12.87,16.09,98.45,90.49,100.0,9.87,9.44,13.66,81.74,87.61,96.31,75.29,66.46,81.48,77.55,3.94,1.55,8.52,-0.99,0.33,7.42,4.0,0
LVA,428,Latvia,Europe & Central Asia,high_income,2016,1959537,31668.51,3.82,74.58,4.8,12.93,16.26,98.49,90.74,100.0,9.64,9.45,12.6,82.48,88.29,96.41,75.74,69.14,82.41,78.5,3.91,1.68,8.66,-1.17,-0.32,7.77,,0
LVA,428,Latvia,Europe & Central Asia,high_income,2017,1942248,33036.39,3.83,74.63,4.5,13.06,16.47,98.52,90.99,100.0,8.72,8.76,11.67,83.22,89.29,96.51,77.96,71.71,83.74,79.07,4.66,1.73,9.06,-1.21,0.97,9.97,,0
LVA,428,Latvia,Europe & Central Asia,high_income,2018,1927174,34729.71,4.21,74.78,4.2,13.18,16.56,98.56,91.24,100.0,7.41,8.69,14.21,84.09,89.95,96.6,80.6,65.14,83.27,79.77,3.5,1.8,8.93,-1.3,2.25,2.96,,0
LVA,428,Latvia,Europe & Central Asia,high_income,2019,1913822,35208.19,4.13,75.39,3.9,13.25,16.54,98.59,91.5,100.0,6.31,8.4,12.49,85.36,90.12,96.7,82.95,69.45,84.92,80.47,4.44,2.73,8.72,-1.32,4.43,4.97,,0
LVA,428,Latvia,Europe & Central Asia,high_income,2020,1900449,34225.9,3.83,75.19,3.6,13.33,16.49,98.63,91.75,100.0,8.1,8.85,11.6,86.07,90.25,96.79,79.15,71.9,84.83,80.62,4.21,3.67,8.18,-1.5,2.47,6.15,,0
LVA,428,Latvia,Europe & Central Asia,high_income,2021,1884490,36912.01,4.0,72.98,3.3,13.33,16.56,98.67,92.01,100.0,7.51,8.42,11.6,85.32,90.43,96.89,80.54,71.9,85.02,80.89,4.13,3.07,7.92,-1.48,2.78,5.92,,1
LVA,428,Latvia,Europe & Central Asia,high_income,2022,1879383,37718.71,3.69,74.28,3.0,13.33,16.56,98.7,92.26,100.0,6.82,8.25,11.6,87.35,90.43,96.99,82.03,71.9,85.74,81.28,4.46,4.36,8.09,-1.39,2.4,6.2,4.0,1
MAR,504,Morocco,Middle East & N. Africa,lower_middle_income,2000,28423435,5100.12,1.18,66.79,52.4,3.26,8.56,62.14,68.22,69.8,13.58,47.63,26.28,50.54,34.65,66.72,47.77,44.61,48.86,49.75,-0.9,2.72,-11.55,3.29,-7.78,6.17,0.0,0
MAR,504,Morocco,Middle East & N. Africa,lower_middle_income,2001,28814643,5417.58,1.28,67.2,50.2,3.37,8.93,63.46,69.0,71.6,12.46,47.56,26.34,51.32,36.03,68.02,50.05,44.54,49.99,50.91,-0.92,1.9,-11.48,2.65,-5.42,5.62,,0
MAR,504,Morocco,Middle East & N. Africa,lower_middle_income,2002,29198142,5544.07,1.31,67.58,48.0,3.47,9.37,64.76,70.2,73.3,11.59,47.5,26.37,52.1,37.59,69.42,51.82,44.49,51.08,51.68,-0.59,1.66,-10.74,2.84,-3.92,5.11,,0
MAR,504,Morocco,Middle East & N. Africa,lower_middle_income,2003,29571415,5810.05,1.29,67.96,45.8,3.58,9.7,66.06,71.36,75.1,11.92,47.35,26.4,52.89,38.86,70.84,51.24,44.46,51.66,52.76,-1.1,1.35,-10.54,2.09,-5.09,4.63,,0
MAR,504,Morocco,Middle East & N. Africa,lower_middle_income,2004,29953018,5996.39,1.43,68.27,43.6,3.68,9.89,67.36,72.24,78.2,10.83,47.31,26.43,53.67,39.76,72.6,53.44,44.42,52.78,53.13,-0.35,1.87,-10.46,3.37,-3.62,4.29,,0
MAR,504,Morocco,Middle East & N. Africa,lower_middle_income,2005,30358144,6103.42,1.47,68.75,41.4,3.79,10.01,68.76,73.18,78.6,11.01,46.55,26.47,54.6,40.45,73.51,53.48,44.37,53.28,53.5,-0.21,2.13,-10.1,3.68,-4.47,4.22,,0
MAR,504,Morocco,Middle East & N. Africa,lower_middle_income,2006,30771178,6488.67,1.47,69.16,39.2,3.88,10.02,70.16,74.13,96.5,9.67,45.49,26.56,55.51,40.76,80.26,56.72,44.26,55.5,54.77,0.73,1.83,-10.82,8.11,-2.63,3.82,,0
MAR,504,Morocco,Middle East & N. Africa,lower_middle_income,2007,31186468,6620.59,1.48,69.62,36.9,3.97,10.23,71.55,75.08,82.2,9.56,44.65,26.7,56.52,41.64,76.28,57.38,44.08,55.18,55.08,0.1,2.28,-10.47,4.33,-2.57,3.53,,0
MAR,504,Morocco,Middle East & N. Africa,lower_middle_income,2008,31606767,6901.95,1.57,70.05,34.8,4.06,10.36,72.93,76.03,84.1,9.57,43.48,26.86,57.49,42.32,77.68,57.98,43.88,55.87,55.98,-0.11,2.42,-10.67,3.93,-2.77,3.03,1.0,0
MAR,504,Morocco,Middle East & N. Africa,lower_middle_income,2009,32030778,7063.73,1.53,70.45,32.8,4.15,10.53,74.28,76.97,85.9,8.96,42.62,26.98,58.44,43.09,79.05,59.65,43.73,56.79,56.66,0.13,2.4,-11.07,4.2,-0.91,2.11,,0
MAR,504,Morocco,Middle East & N. Africa,lower_middle_income,2010,32467016,7210.64,1.6,70.82,30.9,4.24,10.91,75.61,77.92,95.7,9.09,41.7,27.03,59.37,44.45,83.08,59.87,43.66,58.09,56.96,1.13,3.08,-10.16,8.62,-0.43,1.9,,0
MAR,504,Morocco,Middle East & N. Africa,lower_middle_income,2011,32912588,7503.79,1.71,71.26,29.2,4.47,11.29,76.93,78.86,96.1,8.91,40.78,25.1,60.32,46.25,83.96,60.72,46.14,59.48,57.59,1.89,3.29,-9.39,8.65,0.31,5.66,,0
MAR,504,Morocco,Middle East & N. Africa,lower_middle_income,2012,33355241,7628.64,1.76,71.67,27.5,4.7,11.63,78.23,79.8,96.4,8.99,39.96,23.52,61.29,47.96,84.81,60.99,48.32,60.67,57.5,3.18,4.19,-8.12,9.43,0.68,8.19,,0
MAR,504,Morocco,Middle East & N. Africa,lower_middle_income,2013,33787571,7839.03,1.73,72.12,26.0,4.92,11.95,79.51,80.74,97.2,9.23,39.03,22.63,62.24,49.62,85.82,61.0,49.61,61.66,58.02,3.64,4.59,-6.84,9.79,0.31,8.66,,0
MAR,504,Morocco,Middle East & N. Africa,lower_middle_income,2014,34204780,7951.8,1.74,72.52,24.5,5.15,12.28,80.77,81.68,97.3,9.7,38.12,22.58,63.2,51.28,86.58,60.54,49.68,62.26,58.54,3.71,4.96,-5.6,10.13,0.25,7.58,,0
MAR,504,Morocco,Middle East & N. Africa,lower_middle_income,2015,34607588,8198.81,1.77,72.89,23.1,5.38,12.6,82.01,82.61,97.3,9.46,37.73,25.65,64.12,52.94,87.31,61.22,45.41,62.2,58.83,3.37,5.15,-4.76,9.38,1.13,5.03,1.0,0
MAR,504,Morocco,Middle East & N. Africa,lower_middle_income,2016,35023457,8141.94,1.74,73.23,21.9,5.51,12.93,83.23,83.55,97.8,9.3,37.64,24.75,64.96,54.28,88.19,61.59,46.6,63.13,58.83,4.3,5.95,-3.39,10.87,1.27,5.36,,0
MAR,504,Morocco,Middle East & N. Africa,lower_middle_income,2017,35446392,8450.01,1.8,73.61,20.8,5.65,13.25,84.43,84.48,100.0,9.22,37.31,28.02,65.81,55.63,89.63,61.92,42.47,63.09,59.7,3.4,6.19,-2.54,10.48,1.65,-0.33,,0
MAR,504,Morocco,Middle East & N. Africa,lower_middle_income,2018,35839760,8611.75,1.82,73.95,19.9,5.78,13.45,85.61,85.4,98.1,9.27,37.03,23.19,66.55,56.63,89.7,61.97,48.79,64.73,59.87,4.86,6.52,-1.91,10.08,1.1,6.46,,0
MAR,504,Morocco,Middle East & N. Africa,lower_middle_income,2019,36210898,8768.18,1.98,74.24,19.1,5.92,13.7,86.77,86.33,99.6,9.19,36.7,20.93,67.23,57.78,90.9,62.3,52.21,66.08,60.68,5.41,6.81,-1.36,10.39,1.42,8.48,,0
MAR,504,Morocco,Middle East & N. Africa,lower_middle_income,2020,36584208,8054.56,1.85,73.13,18.3,6.05,13.93,87.92,87.25,100.0,11.19,36.91,21.32,66.84,58.86,91.72,58.2,51.59,65.44,60.09,5.36,7.2,-0.19,11.3,0.16,7.55,,0
MAR,504,Morocco,Middle East & N. Africa,lower_middle_income,2021,36954442,8623.27,1.98,73.39,17.6,6.05,14.04,89.04,87.38,100.0,10.55,36.43,21.32,67.45,59.16,92.14,59.72,51.59,66.01,60.56,5.46,7.88,-0.56,10.04,0.33,7.39,,1
MAR,504,Morocco,Middle East & N. Africa,lower_middle_income,2022,37329064,8690.45,1.94,75.16,17.0,6.05,14.59,90.15,87.52,100.0,9.41,36.38,21.32,69.2,60.71,92.55,62.03,51.59,67.21,61.4,5.82,7.79,0.84,9.99,0.39,7.4,3.0,1
MDA,498,Moldova,Europe & Central Asia,lower_middle_income,2000,2924668,5727.08,2.36,67.46,31.4,10.27,11.4,83.0,71.25,98.7,8.54,36.46,28.76,56.61,65.91,84.32,63.73,41.6,62.43,51.81,10.62,6.74,17.72,16.72,7.17,1.82,1.0,0
MDA,498,Moldova,Europe & Central Asia,lower_middle_income,2001,2918135,6090.03,2.46,67.67,28.5,10.38,11.33,83.32,71.66,98.8,7.37,38.86,27.7,57.83,66.06,84.59,64.81,42.86,63.23,53.11,10.12,6.27,16.38,14.83,8.4,2.46,,0
MDA,498,Moldova,Europe & Central Asia,lower_middle_income,2002,2911385,6580.28,2.51,67.79,25.8,10.48,11.54,83.65,72.07,99.0,6.84,40.69,26.34,59.0,67.01,84.91,64.89,44.54,64.07,54.73,9.34,5.5,15.65,12.08,7.87,3.24,,0
MDA,498,Moldova,Europe & Central Asia,lower_middle_income,2003,2903198,7034.36,2.71,67.9,23.4,10.59,11.74,83.98,72.48,98.8,6.38,42.89,24.9,60.14,67.89,85.09,64.67,46.4,64.84,56.14,8.7,5.12,15.15,9.45,6.98,4.47,,0
MDA,498,Moldova,Europe & Central Asia,lower_middle_income,2004,2896023,7573.62,2.73,68.02,21.5,10.69,11.93,84.32,73.06,99.1,6.37,42.87,23.62,61.15,68.78,85.49,64.69,48.17,65.66,57.17,8.48,5.11,14.55,7.94,5.98,5.65,,0
MDA,498,Moldova,Europe & Central Asia,lower_middle_income,2005,2888985,8161.47,2.88,68.2,20.1,10.79,11.99,84.7,73.69,98.6,5.63,44.15,22.7,62.02,69.29,85.66,65.5,49.49,66.39,58.33,8.06,4.38,13.91,6.08,5.43,6.52,,0
MDA,498,Moldova,Europe & Central Asia,lower_middle_income,2006,2880967,8577.03,2.82,68.42,19.0,11.04,12.17,85.11,74.37,98.9,4.26,47.58,22.05,62.81,70.62,86.13,66.44,50.47,67.29,59.13,8.16,4.51,14.69,5.24,5.03,7.51,,0
MDA,498,Moldova,Europe & Central Asia,lower_middle_income,2007,2874299,8854.83,2.79,68.67,18.2,11.28,12.14,85.52,75.05,99.0,2.75,49.76,21.43,63.47,71.34,86.53,68.31,51.43,68.21,59.58,8.63,4.45,14.78,5.56,6.15,8.37,,0
MDA,498,Moldova,Europe & Central Asia,lower_middle_income,2008,2868833,9563.7,2.76,69.0,17.7,11.38,12.07,85.94,75.74,99.1,2.1,49.75,20.9,64.02,71.46,86.93,69.62,52.25,68.85,60.84,8.01,3.71,13.53,3.73,6.22,8.57,3.0,0
MDA,498,Moldova,Europe & Central Asia,lower_middle_income,2009,2865213,9001.23,2.73,69.41,17.2,11.48,11.93,86.35,76.44,99.2,3.02,51.36,20.54,64.64,71.39,87.33,66.92,52.83,68.62,60.32,8.3,4.64,13.49,5.12,4.63,9.2,,0
MDA,498,Moldova,Europe & Central Asia,lower_middle_income,2010,2862354,9649.95,2.97,69.88,16.8,11.49,11.84,86.77,77.13,99.3,2.97,55.3,20.41,65.26,71.19,87.73,64.95,53.05,68.44,61.5,6.93,4.1,11.97,3.93,2.57,8.83,,0
MDA,498,Moldova,Europe & Central Asia,lower_middle_income,2011,2860699,10217.31,2.98,70.17,16.5,11.56,11.85,87.19,77.84,99.4,2.68,55.12,20.71,65.68,71.44,88.14,65.64,52.56,68.69,62.28,6.41,3.61,10.88,3.14,2.91,9.26,,0
MDA,498,Moldova,Europe & Central Asia,lower_middle_income,2012,2860324,10158.39,2.92,70.34,16.2,11.7,11.84,87.6,78.54,99.5,2.19,56.68,20.38,66.01,71.9,88.55,65.79,53.09,69.07,62.1,6.96,4.29,11.02,3.89,3.17,9.73,,0
MDA,498,Moldova,Europe & Central Asia,lower_middle_income,2013,2859558,11080.06,2.62,70.29,16.0,11.69,11.87,88.02,79.25,99.6,1.89,57.38,19.98,66.11,71.94,88.96,66.01,53.76,69.36,63.29,6.07,2.92,9.53,2.38,2.42,9.49,,0
MDA,498,Moldova,Europe & Central Asia,lower_middle_income,2014,2857815,11641.12,2.81,70.24,15.8,11.76,14.1,88.44,79.97,99.8,1.45,59.15,18.74,66.21,78.36,89.4,65.97,55.9,71.17,64.44,6.73,1.95,14.73,1.63,2.75,10.24,,0
MDA,498,Moldova,Europe & Central Asia,lower_middle_income,2015,2835978,11691.08,2.93,70.12,15.6,11.77,14.06,88.85,80.69,99.9,1.78,60.51,18.15,66.25,78.28,89.81,64.59,56.97,71.18,64.28,6.9,1.65,14.31,1.72,1.85,12.3,3.0,0
MDA,498,Moldova,Europe & Central Asia,lower_middle_income,2016,2803186,12377.37,3.0,70.18,15.5,11.79,14.08,89.27,81.42,99.9,1.59,61.56,17.06,66.37,78.42,90.2,64.42,59.04,71.69,65.15,6.54,0.89,13.3,0.82,1.04,12.88,,0
MDA,498,Moldova,Europe & Central Asia,lower_middle_income,2017,2755189,13118.82,3.01,70.38,15.4,11.82,14.29,89.7,82.16,100.0,1.62,60.15,15.14,66.59,79.1,90.62,65.1,63.01,72.88,66.06,6.82,0.23,13.19,0.15,1.81,15.33,,0
MDA,498,Moldova,Europe & Central Asia,lower_middle_income,2018,2707203,13895.5,3.27,70.24,15.4,11.85,14.39,90.12,82.9,100.0,1.24,59.62,17.08,66.48,79.45,91.01,66.14,58.99,72.41,66.78,5.63,-0.8,12.67,-0.2,1.8,11.27,,0
MDA,498,Moldova,Europe & Central Asia,lower_middle_income,2019,2664224,14621.24,3.42,70.18,15.5,11.82,14.47,90.55,83.65,100.0,1.5,59.25,15.77,66.37,79.61,91.4,65.81,61.65,72.97,67.91,5.06,-1.72,11.78,-0.83,1.43,11.82,,0
MDA,498,Moldova,Europe & Central Asia,lower_middle_income,2020,2635130,13559.26,3.36,69.91,15.6,11.83,14.54,90.98,84.4,100.0,1.21,59.13,14.76,66.09,79.83,91.79,66.47,63.87,73.61,67.59,6.02,-1.02,12.05,-0.68,4.74,13.47,,0
MDA,498,Moldova,Europe & Central Asia,lower_middle_income,2021,2595809,15682.07,3.72,68.99,15.8,11.83,14.77,91.41,85.16,100.0,0.79,58.78,14.76,65.24,80.47,92.19,67.48,63.87,73.85,68.92,4.93,-2.67,10.94,-1.76,3.4,12.32,,1
MDA,498,Moldova,Europe & Central Asia,lower_middle_income,2022,2528654,15358.02,3.28,71.55,16.0,11.83,14.91,91.84,85.73,100.0,0.91,58.58,14.76,67.07,80.85,92.53,67.35,63.87,74.33,69.22,5.12,-2.18,11.94,-1.26,0.8,13.08,3.0,1
MDG,450,Madagascar,Sub-Saharan Africa,low_income,2000,16516338,1701.44,0.1,57.97,104.4,3.9,7.82,36.44,3.82,12.6,5.8,79.93,11.92,36.27,34.74,17.62,46.33,71.01,41.2,34.25,6.95,6.09,5.42,-10.29,-3.82,37.91,0.0,0
MDG,450,Madagascar,Sub-Saharan Africa,low_income,2001,17032939,1748.5,0.1,58.67,99.8,4.03,8.0,37.14,4.28,14.8,5.35,79.95,12.08,37.3,35.67,18.74,47.22,70.56,41.9,34.65,7.24,6.28,5.38,-9.29,-2.87,37.3,,0
MDG,450,Madagascar,Sub-Saharan Africa,low_income,2002,17549913,1486.43,0.07,59.17,95.6,4.17,8.17,37.83,4.73,14.0,5.52,80.23,12.21,38.15,36.59,18.85,46.74,70.21,42.11,33.24,8.87,8.74,7.74,-4.99,-2.9,36.32,,0
MDG,450,Madagascar,Sub-Saharan Africa,low_income,2003,18071854,1584.75,0.09,59.69,91.6,4.3,8.35,38.52,5.18,20.3,5.01,80.45,12.32,39.01,37.52,21.33,47.64,69.89,43.08,34.61,8.47,7.89,6.79,-5.41,-2.42,35.51,,0
MDG,450,Madagascar,Sub-Saharan Africa,low_income,2004,18606608,1620.12,0.09,60.17,87.8,4.43,8.52,39.21,5.64,15.3,3.95,81.34,12.46,39.84,38.45,20.05,49.29,69.53,43.43,35.1,8.33,7.74,6.83,-7.41,-0.92,34.72,,0
MDG,450,Madagascar,Sub-Saharan Africa,low_income,2005,19159707,1648.18,0.09,60.66,84.1,4.48,8.7,40.04,6.12,16.0,2.62,82.17,12.63,40.69,39.09,20.72,51.51,69.06,44.21,35.56,8.66,7.63,6.65,-7.42,1.16,34.02,,0
MDG,450,Madagascar,Sub-Saharan Africa,low_income,2006,19730909,1686.86,0.09,61.14,80.8,4.52,8.78,40.88,6.61,16.8,2.94,82.96,12.85,41.49,39.47,21.43,50.45,68.49,44.26,36.13,8.14,7.53,5.92,-7.78,0.07,33.36,,0
MDG,450,Madagascar,Sub-Saharan Africa,low_income,2007,20318583,1731.62,0.09,61.53,77.6,4.57,9.07,41.71,7.09,17.5,3.2,83.75,13.12,42.23,40.43,22.1,49.52,67.8,44.42,36.51,7.9,7.48,6.18,-7.59,-0.86,32.76,,0
MDG,450,Madagascar,Sub-Saharan Africa,low_income,2008,20923840,1794.4,0.09,61.99,74.8,4.61,9.42,42.54,7.58,18.3,3.43,84.45,13.47,42.98,41.54,22.81,48.69,66.93,44.59,37.12,7.47,7.58,6.29,-8.11,-1.94,31.78,0.0,0
MDG,450,Madagascar,Sub-Saharan Africa,low_income,2009,21547280,1673.16,0.08,62.3,72.4,4.66,9.91,43.37,8.08,17.4,3.88,85.32,13.92,43.57,43.05,22.95,47.32,65.81,44.54,36.15,8.4,7.89,8.01,-5.6,-2.94,30.88,,0
MDG,450,Madagascar,Sub-Saharan Africa,low_income,2010,22183340,1635.25,0.09,62.6,70.3,4.71,9.91,44.19,8.57,12.3,4.28,86.19,14.52,44.12,43.22,21.69,46.08,64.4,43.9,36.03,7.88,8.84,7.98,-5.15,-3.77,29.86,,0
MDG,450,Madagascar,Sub-Saharan Africa,low_income,2011,22822300,1614.55,0.1,62.86,68.6,4.75,9.92,45.02,9.07,14.3,2.52,86.15,16.02,44.59,43.38,22.8,49.62,61.14,44.31,35.78,8.52,8.45,8.21,-4.07,-0.06,29.26,,0
MDG,450,Madagascar,Sub-Saharan Africa,low_income,2012,23462438,1617.79,0.12,63.01,67.3,4.8,10.09,45.83,9.57,18.7,0.6,86.11,14.7,44.91,44.02,24.7,53.48,64.0,46.22,35.75,10.47,7.99,8.73,-2.44,3.91,33.87,,0
MDG,450,Madagascar,Sub-Saharan Africa,low_income,2013,24109290,1610.6,0.13,63.16,66.4,4.84,10.15,46.65,10.08,12.9,1.0,85.95,15.5,45.17,44.33,23.21,52.77,62.22,45.54,37.28,8.26,7.72,8.3,-5.3,2.87,27.67,,0
MDG,450,Madagascar,Sub-Saharan Africa,low_income,2014,24764348,1620.36,0.13,63.26,65.7,4.89,10.2,47.45,10.59,23.0,1.38,85.76,15.0,45.36,44.64,27.01,52.09,63.32,46.49,37.18,9.31,8.0,8.19,-1.82,2.29,29.28,,0
MDG,450,Madagascar,Sub-Saharan Africa,low_income,2015,25426702,1627.58,0.13,63.36,65.3,4.94,10.31,48.26,11.1,23.8,1.78,85.57,16.08,45.51,45.1,27.72,51.39,61.01,46.15,36.55,9.59,7.02,8.18,-1.48,1.66,32.8,0.0,0
MDG,450,Madagascar,Sub-Saharan Africa,low_income,2016,26099952,1648.91,0.12,63.43,64.9,4.98,10.14,49.06,11.61,22.9,1.95,85.44,16.14,45.63,44.76,27.86,51.13,60.88,46.05,37.58,8.47,6.59,7.29,-2.14,1.25,31.01,,0
MDG,450,Madagascar,Sub-Saharan Africa,low_income,2017,26788375,1669.73,0.13,63.43,64.9,5.03,10.01,49.85,12.13,24.1,2.12,85.28,12.55,45.63,44.56,28.69,50.87,69.28,47.81,38.27,9.54,6.35,6.68,-2.18,0.88,37.38,,0
MDG,450,Madagascar,Sub-Saharan Africa,low_income,2018,27494926,1678.79,0.12,63.49,64.9,5.07,9.88,50.64,12.65,36.5,2.3,85.13,12.72,45.67,44.36,33.26,50.59,68.82,48.54,39.13,9.41,5.58,6.05,0.48,0.35,36.09,,0
MDG,450,Madagascar,Sub-Saharan Africa,low_income,2019,28219554,1707.83,0.14,63.5,65.0,4.91,9.37,51.42,13.17,31.0,2.48,84.94,12.79,45.67,42.4,31.86,50.34,68.64,47.78,39.55,8.23,4.57,3.51,-1.38,0.18,34.0,,0
MDG,450,Madagascar,Sub-Saharan Africa,low_income,2020,28953556,1545.73,0.11,62.71,65.1,4.75,9.21,52.2,13.69,32.0,3.29,85.59,12.75,45.04,41.44,32.63,48.37,68.74,47.24,38.85,8.39,5.07,2.62,0.68,-0.02,35.65,,0
MDG,450,Madagascar,Sub-Saharan Africa,low_income,2021,29691083,1577.43,0.14,62.52,65.0,4.59,9.21,52.97,14.22,35.1,3.5,85.08,12.75,44.91,40.9,34.1,48.23,68.74,47.38,39.08,8.3,4.89,2.06,-0.1,-0.08,35.71,,1
MDG,450,Madagascar,Sub-Saharan Africa,low_income,2022,30437261,1602.71,0.14,63.07,64.5,4.59,9.21,53.74,14.75,36.1,3.19,84.94,12.75,45.42,40.9,34.86,48.92,68.74,47.77,39.36,8.41,3.59,2.27,-0.51,-0.7,35.62,0.0,1
MEX,484,Mexico,Americas,upper_middle_income,2000,98625552,20470.49,4.02,72.56,27.4,6.66,11.96,91.56,79.21,98.0,2.65,28.66,30.86,62.01,55.44,89.59,79.63,39.25,65.18,70.24,-5.05,-8.21,-11.95,-4.88,10.3,-12.43,3.0,0
MEX,484,Mexico,Americas,upper_middle_income,2001,100099099,20078.22,3.94,72.91,26.2,6.82,11.99,92.04,79.91,97.1,2.63,28.92,29.94,62.77,56.05,89.69,79.52,40.25,65.66,70.43,-4.78,-7.84,-12.11,-4.88,10.78,-11.11,,0
MEX,484,Mexico,Americas,upper_middle_income,2002,101548624,19744.79,3.95,73.11,25.0,6.98,12.33,92.52,80.61,97.9,3.0,28.93,28.38,63.43,57.51,90.34,78.77,42.05,66.42,70.41,-3.99,-7.37,-11.26,-4.18,10.43,-9.01,,0
MEX,484,Mexico,Americas,upper_middle_income,2003,102978515,19701.46,4.09,73.31,23.9,7.13,12.59,93.0,81.29,97.4,3.46,29.16,26.52,64.07,58.74,90.56,77.74,44.31,67.09,70.49,-3.4,-6.79,-10.6,-3.93,10.06,-6.79,,0
MEX,484,Mexico,Americas,upper_middle_income,2004,104394131,20127.22,4.12,73.43,23.0,7.29,12.66,93.47,81.97,98.6,3.94,28.73,24.73,64.58,59.47,91.34,77.01,46.63,67.81,70.62,-2.82,-6.55,-10.09,-3.05,8.58,-4.46,,0
MEX,484,Mexico,Americas,upper_middle_income,2005,105811504,20277.26,4.23,73.63,22.1,7.49,12.72,93.93,82.63,98.9,3.56,28.7,23.39,65.17,60.28,91.82,77.78,48.49,68.71,70.7,-1.99,-6.0,-9.57,-2.37,8.49,-2.67,,0
MEX,484,Mexico,Americas,upper_middle_income,2006,107253666,20965.83,4.33,73.75,21.3,7.87,12.85,94.39,83.29,99.1,3.57,27.64,22.37,65.66,61.92,92.26,78.32,49.99,69.63,71.2,-1.57,-5.63,-8.42,-2.03,7.59,-1.43,,0
MEX,484,Mexico,Americas,upper_middle_income,2007,108774360,21102.27,4.33,73.8,20.7,7.88,12.99,94.84,83.94,97.9,3.63,27.63,21.36,66.01,62.36,92.23,78.2,51.52,70.06,71.31,-1.24,-5.26,-7.93,-1.85,6.84,0.12,,0
MEX,484,Mexico,Americas,upper_middle_income,2008,110374288,20992.56,4.28,73.69,20.0,7.95,13.19,95.28,84.58,98.9,3.87,27.13,20.5,66.3,63.14,92.92,77.97,52.91,70.65,71.51,-0.86,-5.21,-7.48,-1.21,6.01,1.33,3.0,0
MEX,484,Mexico,Americas,upper_middle_income,2009,111999721,19385.54,4.12,73.63,19.5,8.14,13.28,95.59,85.21,98.3,5.36,28.11,19.89,66.53,64.0,93.03,74.49,53.91,70.39,70.68,-0.29,-4.93,-6.46,-0.97,5.95,2.35,,0
MEX,484,Mexico,Americas,upper_middle_income,2010,113623895,20058.39,4.2,73.72,18.9,8.01,13.42,95.89,85.83,99.2,5.3,27.13,19.66,66.94,63.96,93.64,75.11,54.3,70.79,70.94,-0.15,-5.08,-7.04,-0.59,7.27,2.61,,0
MEX,484,Mexico,Americas,upper_middle_income,2011,115243504,20457.6,4.22,73.92,18.4,8.25,13.46,96.19,86.44,99.0,5.18,27.04,22.47,67.38,64.89,93.88,75.42,49.83,70.28,71.25,-0.97,-5.33,-6.89,-0.63,6.57,-1.18,,0
MEX,484,Mexico,Americas,upper_middle_income,2012,116818208,20898.94,4.33,74.13,17.9,8.49,13.73,96.48,87.05,99.1,4.89,26.59,20.16,67.84,66.44,94.21,76.22,53.46,71.64,71.5,0.13,-5.29,-5.93,-0.43,7.22,1.46,,0
MEX,484,Mexico,Americas,upper_middle_income,2013,118343573,20805.35,4.17,74.29,17.5,8.36,13.91,96.78,87.65,99.1,4.92,26.61,20.87,68.21,66.5,94.51,76.15,52.3,71.53,71.62,-0.09,-5.15,-6.48,-0.26,6.69,0.45,,0
MEX,484,Mexico,Americas,upper_middle_income,2014,119784261,21069.77,4.01,74.4,17.0,8.4,14.08,97.07,88.24,99.2,4.82,26.13,19.67,68.61,67.13,94.83,76.61,54.28,72.29,72.26,0.03,-5.19,-6.45,-0.18,7.26,1.68,,0
MEX,484,Mexico,Americas,upper_middle_income,2015,121072306,21408.93,4.05,74.43,16.6,8.6,14.23,97.35,88.82,99.0,4.31,25.87,19.49,68.89,68.21,95.06,77.76,54.59,72.9,72.5,0.41,-5.34,-5.77,-0.15,8.23,1.94,3.0,0
MEX,484,Mexico,Americas,upper_middle_income,2016,122251351,21578.26,4.06,74.38,16.2,8.6,14.68,97.64,89.39,99.5,3.85,25.37,18.84,69.12,69.43,95.51,78.94,55.71,73.74,72.92,0.82,-5.18,-4.73,0.04,8.81,1.93,,0
MEX,484,Mexico,Americas,upper_middle_income,2017,123400057,21777.52,4.06,74.26,15.8,8.74,14.85,97.92,89.96,100.0,3.42,25.01,18.3,69.3,70.4,95.96,80.0,56.69,74.47,73.1,1.37,-5.17,-3.86,0.46,10.1,2.49,,0
MEX,484,Mexico,Americas,upper_middle_income,2018,124573711,21997.77,3.84,74.3,15.4,8.93,14.92,98.2,90.52,99.5,3.28,24.95,16.65,69.61,71.23,96.07,80.32,59.84,75.41,73.18,2.23,-5.08,-3.16,0.46,9.84,6.38,,0
MEX,484,Mexico,Americas,upper_middle_income,2019,125762982,21704.19,3.93,74.53,15.0,9.08,14.95,98.47,91.07,99.6,3.48,25.29,14.71,70.07,71.77,96.38,79.73,63.99,76.39,73.45,2.94,-4.41,-2.53,0.73,9.92,8.74,,0
MEX,484,Mexico,Americas,upper_middle_income,2020,126799054,19728.48,3.46,70.45,14.6,9.22,14.82,98.74,91.62,99.4,4.44,25.61,14.99,67.22,71.91,96.59,77.64,63.34,75.34,72.77,2.57,-5.9,-1.91,0.68,10.74,7.8,,0
MEX,484,Mexico,Americas,upper_middle_income,2021,127648148,20782.59,3.55,69.75,14.2,9.22,14.51,99.01,92.15,100.0,4.02,26.92,14.99,66.99,71.03,97.05,77.8,63.34,75.24,72.73,2.51,-5.39,-2.92,1.2,9.79,8.08,,1
MEX,484,Mexico,Americas,upper_middle_income,2022,128613117,21391.86,3.52,73.97,13.8,9.22,14.51,99.27,92.66,100.0,3.26,26.71,14.99,70.55,71.03,97.31,79.43,63.34,76.33,73.54,2.8,-3.42,-2.97,1.23,8.65,8.17,3.0,1
MKD,807,North Macedonia,Europe & Central Asia,upper_middle_income,2000,2026350,11988.29,4.46,72.95,16.0,6.68,11.62,96.76,88.65,99.0,32.2,21.61,38.41,68.15,54.55,94.8,38.63,31.94,57.61,62.79,-5.18,6.77,-4.86,6.78,-24.12,-14.61,1.0,0
MKD,807,North Macedonia,Europe & Central Asia,upper_middle_income,2001,2034882,11571.86,4.53,73.44,15.1,6.9,11.71,96.76,88.63,99.0,30.52,23.83,38.35,69.16,55.54,94.8,37.46,32.0,57.79,62.78,-4.99,7.54,-4.26,7.17,-24.18,-14.45,,0
MKD,807,North Macedonia,Europe & Central Asia,upper_middle_income,2002,2020157,11830.31,4.3,73.04,14.5,7.12,11.71,96.77,88.6,99.0,31.94,22.75,38.31,69.29,56.26,94.79,38.03,32.03,58.08,63.34,-5.26,6.67,-4.44,6.63,-23.6,-14.66,,0
MKD,807,North Macedonia,Europe & Central Asia,upper_middle_income,2003,2022725,12077.9,4.67,73.24,14.2,7.41,11.69,96.77,88.58,99.0,36.69,19.9,38.27,69.67,57.16,94.78,39.53,32.06,58.64,63.95,-5.31,6.32,-4.26,6.08,-22.2,-14.97,,0
MKD,807,North Macedonia,Europe & Central Asia,upper_middle_income,2004,2016186,12683.43,4.56,73.6,14.0,7.69,11.65,96.78,88.55,99.4,37.16,18.94,38.22,70.1,58.01,94.91,40.03,32.11,59.03,64.41,-5.38,6.18,-4.21,5.75,-22.76,-15.21,,0
MKD,807,North Macedonia,Europe & Central Asia,upper_middle_income,2005,2005330,13354.52,4.82,73.7,13.7,7.98,11.76,96.86,89.14,99.1,37.32,22.69,38.14,70.41,59.27,95.03,38.06,32.18,58.99,65.13,-6.14,5.53,-3.89,5.33,-26.24,-15.46,,0
MKD,807,North Macedonia,Europe & Central Asia,upper_middle_income,2006,1994287,14118.29,4.84,73.9,13.1,8.26,11.82,96.94,89.74,99.0,36.39,22.42,37.68,71.05,60.38,95.23,38.2,32.58,59.49,65.94,-6.45,5.6,-3.52,4.86,-27.82,-15.18,,0
MKD,807,North Macedonia,Europe & Central Asia,upper_middle_income,2007,1982933,15118.31,5.23,73.8,12.3,8.55,11.87,97.02,90.35,99.1,35.23,21.8,36.72,71.66,61.48,95.49,38.52,33.44,60.12,66.9,-6.78,5.12,-3.53,4.71,-28.85,-14.75,,0
MKD,807,North Macedonia,Europe & Central Asia,upper_middle_income,2008,1971493,16038.11,5.14,74.4,11.5,8.83,12.67,97.1,90.97,99.2,33.93,22.89,35.61,72.85,64.66,95.76,37.95,34.47,61.14,67.86,-6.73,5.31,-1.63,4.17,-30.84,-14.43,1.0,0
MKD,807,North Macedonia,Europe & Central Asia,upper_middle_income,2009,1958782,16084.29,4.66,74.45,10.8,9.12,12.58,97.18,91.59,99.2,32.35,22.41,34.69,73.57,65.35,95.99,38.21,35.34,61.69,68.17,-6.48,5.02,-2.02,3.84,-28.72,-14.34,,0
MKD,807,North Macedonia,Europe & Central Asia,upper_middle_income,2010,1946298,16731.16,4.71,75.0,10.4,9.4,12.52,97.26,92.21,99.5,33.14,22.12,34.31,74.41,66.13,96.32,38.36,35.71,62.19,68.6,-6.42,5.24,-1.91,3.81,-28.03,-14.14,,0
MKD,807,North Macedonia,Europe & Central Asia,upper_middle_income,2011,1937398,17201.31,5.29,75.1,10.2,9.69,12.6,97.34,92.85,99.7,31.5,21.94,40.06,74.7,67.29,96.63,38.45,30.53,61.52,69.01,-7.49,4.83,-1.64,3.63,-28.7,-18.57,,0
MKD,807,North Macedonia,Europe & Central Asia,upper_middle_income,2012,1929821,17190.07,4.99,74.9,10.4,9.97,12.67,97.42,93.48,99.6,31.1,22.01,35.84,74.33,68.45,96.83,38.42,34.25,62.46,68.93,-6.48,4.56,-0.75,3.85,-28.74,-15.37,,0
MKD,807,North Macedonia,Europe & Central Asia,upper_middle_income,2013,1922716,17758.3,4.58,75.4,10.7,10.26,12.67,97.5,94.12,99.7,29.02,23.43,32.72,74.41,69.4,97.11,37.67,37.3,63.18,69.5,-6.33,3.83,-0.92,3.63,-30.26,-12.6,,0
MKD,807,North Macedonia,Europe & Central Asia,upper_middle_income,2014,1917557,18452.28,4.36,75.45,11.1,10.55,12.66,97.57,94.77,99.8,28.22,22.77,33.78,74.05,70.33,97.38,38.02,36.23,63.2,70.49,-7.29,2.57,-1.06,3.44,-29.8,-14.72,,0
MKD,807,North Macedonia,Europe & Central Asia,upper_middle_income,2015,1912430,19215.15,4.15,75.4,11.1,10.83,12.97,97.65,95.41,99.9,26.4,21.75,31.87,74.01,72.13,97.66,38.55,38.17,64.1,71.0,-6.9,1.65,-0.1,3.27,-29.58,-13.04,1.0,0
MKD,807,North Macedonia,Europe & Central Asia,upper_middle_income,2016,1906313,19825.85,4.0,75.4,10.6,11.12,13.08,97.73,96.06,100.0,24.31,19.44,30.08,74.51,73.38,97.93,41.14,40.1,65.41,71.71,-6.3,1.68,0.55,3.12,-27.82,-12.5,,0
MKD,807,North Macedonia,Europe & Central Asia,upper_middle_income,2017,1898657,20121.13,4.2,75.95,9.6,11.4,13.18,97.81,96.72,100.0,22.86,18.65,30.46,76.01,74.62,98.18,44.47,39.68,66.59,71.97,-5.38,2.94,1.61,3.25,-24.21,-13.53,,0
MKD,807,North Macedonia,Europe & Central Asia,upper_middle_income,2018,1889051,20806.01,3.99,76.65,8.4,11.69,13.05,97.89,97.33,99.8,21.21,18.32,31.0,77.99,75.19,98.34,47.94,39.09,67.71,72.39,-4.68,4.31,1.67,3.09,-21.6,-13.64,,0
MKD,807,North Macedonia,Europe & Central Asia,upper_middle_income,2019,1876262,21766.97,4.63,76.6,7.1,10.96,12.82,97.97,97.88,100.0,17.41,16.7,25.88,79.78,72.14,98.62,56.39,45.12,70.41,73.5,-3.09,5.25,-2.2,2.95,-13.49,-10.18,,0
MKD,807,North Macedonia,Europe & Central Asia,upper_middle_income,2020,1856124,20971.53,4.08,74.4,6.0,10.23,12.81,98.05,98.43,100.0,16.58,13.77,26.12,79.91,69.68,98.83,59.6,44.81,70.57,73.63,-3.06,5.75,-5.07,2.53,-8.36,-11.54,,0
MKD,807,North Macedonia,Europe & Central Asia,upper_middle_income,2021,1837114,22144.28,4.16,73.25,5.1,10.23,13.0,98.13,98.97,100.0,15.8,12.66,26.12,80.8,70.22,99.04,61.73,44.81,71.32,73.61,-2.29,7.34,-4.7,2.82,-7.3,-11.35,,1
MKD,807,North Macedonia,Europe & Central Asia,upper_middle_income,2022,1831712,22822.33,4.48,74.42,4.2,10.23,13.0,98.16,98.98,100.0,14.48,12.15,26.12,83.81,70.22,99.05,64.65,44.81,72.51,74.4,-1.89,8.81,-4.74,2.64,-7.12,-11.29,3.0,1
MLI,466,Mali,Sub-Saharan Africa,low_income,2000,11559290,2187.72,0.07,50.6,189.9,1.18,4.33,49.41,17.33,9.6,1.41,84.32,65.02,24.1,15.97,25.45,52.8,14.37,26.54,37.16,-10.63,-9.66,-16.94,-9.34,1.76,-18.87,0.0,0
MLI,466,Mali,Sub-Saharan Africa,low_income,2001,11912158,2458.46,0.07,51.3,183.9,1.22,4.64,51.0,18.54,10.8,1.33,83.98,64.81,24.99,16.96,26.78,53.13,14.48,27.27,38.66,-11.39,-10.97,-18.09,-10.84,1.91,-18.94,,0
MLI,466,Mali,Sub-Saharan Africa,low_income,2002,12288050,2455.62,0.07,52.0,177.7,1.25,4.96,52.67,19.75,13.0,1.36,83.72,64.3,25.9,17.96,28.47,53.22,14.74,28.06,39.11,-11.06,-10.7,-17.76,-9.69,1.75,-19.22,,0
MLI,466,Mali,Sub-Saharan Africa,low_income,2003,12684955,2611.84,0.07,52.63,171.7,1.29,5.27,54.32,20.97,14.7,1.27,83.41,63.7,26.76,18.95,30.0,53.56,15.06,28.86,40.36,-11.5,-11.27,-18.28,-10.95,1.54,-19.44,,0
MLI,466,Mali,Sub-Saharan Africa,low_income,2004,13102409,2565.98,0.07,53.25,165.8,1.32,5.59,55.97,22.19,16.4,1.41,83.19,63.19,27.62,19.94,31.52,53.39,15.32,29.56,40.48,-10.92,-10.58,-17.7,-9.18,1.11,-19.77,,0
MLI,466,Mali,Sub-Saharan Africa,low_income,2005,13538647,2546.33,0.07,53.79,160.1,1.36,5.91,57.61,23.43,18.2,1.37,82.95,62.97,28.41,20.94,33.08,53.61,15.44,30.29,40.66,-10.37,-10.33,-16.96,-7.91,1.05,-19.88,,0
MLI,466,Mali,Sub-Saharan Africa,low_income,2006,13990139,2555.07,0.08,54.3,154.6,1.44,6.22,59.24,24.67,16.6,1.4,82.7,63.47,29.18,22.08,33.5,53.68,15.18,30.72,41.09,-10.36,-10.13,-16.45,-8.16,0.86,-20.3,,0
MLI,466,Mali,Sub-Saharan Africa,low_income,2007,14457775,2515.95,0.09,54.76,149.2,1.55,6.54,60.87,25.91,21.7,1.37,82.55,64.64,29.92,23.34,36.16,53.81,14.56,31.56,41.02,-9.47,-9.62,-15.35,-4.7,1.09,-21.0,,0
MLI,466,Mali,Sub-Saharan Africa,low_income,2008,14940782,2523.2,0.1,55.19,144.0,1.67,6.85,62.48,27.17,23.4,1.38,82.4,66.05,30.63,24.6,37.68,53.86,13.85,32.13,41.37,-9.24,-9.16,-14.65,-3.72,1.02,-21.93,0.0,0
MLI,466,Mali,Sub-Saharan Africa,low_income,2009,15435539,2575.55,0.13,55.59,138.9,1.79,7.13,64.09,28.43,24.0,1.41,82.2,67.22,31.33,25.74,38.84,53.93,13.26,32.62,41.63,-9.01,-9.63,-14.32,-3.14,0.96,-22.6,,0
MLI,466,Mali,Sub-Saharan Africa,low_income,2010,15945198,2632.26,0.12,55.99,133.8,1.9,7.31,65.68,29.69,27.0,1.38,82.03,67.72,32.05,26.63,40.79,54.08,13.01,33.31,42.0,-8.69,-9.15,-14.06,-0.87,1.26,-22.71,,0
MLI,466,Mali,Sub-Saharan Africa,low_income,2011,16469049,2623.35,0.13,56.37,128.8,2.02,7.44,67.26,30.96,28.8,1.4,81.91,62.45,32.75,27.39,42.34,54.08,15.72,34.46,41.98,-7.53,-9.15,-13.42,0.57,1.43,-17.64,,0
MLI,466,Mali,Sub-Saharan Africa,low_income,2012,16957033,2520.53,0.13,56.7,123.9,1.97,7.25,68.83,32.24,25.6,1.46,81.78,69.89,33.43,26.72,42.22,54.04,11.96,33.67,41.28,-7.6,-8.5,-13.68,1.51,1.84,-19.65,,0
MLI,466,Mali,Sub-Saharan Africa,low_income,2013,17459615,2528.53,0.16,57.05,119.1,1.92,7.07,70.38,33.51,32.4,1.52,81.69,51.34,34.13,26.04,45.43,53.97,22.26,36.37,42.45,-6.08,-8.36,-14.81,3.74,1.51,-12.84,,0
MLI,466,Mali,Sub-Saharan Africa,low_income,2014,18020267,2609.17,0.16,57.48,114.4,1.88,7.22,71.92,34.79,34.2,1.48,81.64,56.48,34.9,26.31,46.97,54.08,19.07,36.27,42.84,-6.58,-8.11,-15.18,4.27,1.56,-16.16,,0
MLI,466,Mali,Sub-Saharan Africa,low_income,2015,18593022,2686.56,0.19,57.85,109.7,1.83,7.03,73.44,36.08,37.6,1.4,81.67,74.15,35.64,25.62,49.04,54.21,9.98,34.9,42.6,-7.7,-8.33,-16.58,5.08,1.7,-20.2,0.0,0
MLI,466,Mali,Sub-Saharan Africa,low_income,2016,19191289,2759.11,0.24,58.29,105.1,1.53,7.07,74.95,37.36,38.8,1.37,80.24,66.19,36.44,24.74,50.37,55.03,13.78,36.07,43.62,-7.55,-8.3,-18.09,5.5,2.16,-18.02,,0
MLI,466,Mali,Sub-Saharan Africa,low_income,2017,19813011,2816.19,0.26,58.56,100.6,1.7,7.12,76.45,38.65,34.8,1.5,79.66,66.77,37.12,25.43,49.97,55.08,13.48,36.22,44.43,-8.22,-8.05,-17.84,3.74,2.02,-20.21,,0
MLI,466,Mali,Sub-Saharan Africa,low_income,2018,20442030,2862.41,0.28,58.87,96.2,1.87,7.09,77.92,39.95,50.9,1.62,80.44,63.68,37.85,25.93,56.26,54.42,15.06,37.9,45.07,-7.17,-8.02,-17.84,8.36,0.96,-19.01,,0
MLI,466,Mali,Sub-Saharan Africa,low_income,2019,21068405,2916.17,0.29,59.22,91.9,2.04,7.06,79.39,41.24,47.9,3.29,82.25,57.39,38.61,26.43,56.18,50.13,18.54,37.98,45.75,-7.78,-7.93,-17.9,7.63,-3.25,-17.35,,0
MLI,466,Mali,Sub-Saharan Africa,low_income,2020,21713836,2796.41,0.32,58.86,87.6,1.63,7.04,80.83,42.54,50.6,3.53,84.99,56.78,38.85,24.97,57.99,48.21,18.89,37.78,45.65,-7.87,-7.58,-20.02,8.69,-3.3,-16.38,,0
MLI,466,Mali,Sub-Saharan Africa,low_income,2021,22388630,2796.23,0.33,59.12,83.6,1.63,7.04,82.27,43.84,53.4,4.01,80.6,56.78,39.56,24.97,59.84,49.57,18.89,38.57,45.63,-7.06,-6.52,-19.88,9.48,-2.13,-16.3,,1
MLI,466,Mali,Sub-Saharan Africa,low_income,2022,23072640,2813.81,0.32,60.04,79.7,1.63,7.04,83.68,45.14,53.0,2.39,76.59,56.78,40.79,24.97,60.61,54.91,18.89,40.03,46.13,-6.09,-6.85,-19.78,9.56,1.66,-16.41,0.0,1
MMR,104,Myanmar,East Asia & Pacific,lower_middle_income,2000,45290841,1359.93,0.22,60.36,88.9,2.83,7.91,47.01,63.46,41.9,0.71,71.27,39.53,39.85,31.42,50.79,61.06,30.98,42.82,31.71,11.11,12.82,5.22,28.89,11.69,-2.1,0.0,0
MMR,104,Myanmar,East Asia & Pacific,lower_middle_income,2001,45771139,1498.31,0.19,60.64,86.5,2.92,7.94,48.61,64.01,43.0,0.69,70.72,39.74,40.36,31.77,51.87,61.4,30.8,43.24,32.88,10.37,11.56,3.59,28.12,11.81,-2.44,,0
MMR,104,Myanmar,East Asia & Pacific,lower_middle_income,2002,46232653,1661.74,0.19,60.92,84.1,3.0,8.06,50.23,64.57,47.0,0.68,70.13,40.18,40.89,32.39,53.93,61.72,30.44,43.87,34.51,9.36,9.91,2.04,26.95,11.68,-3.43,,0
MMR,104,Myanmar,East Asia & Pacific,lower_middle_income,2003,46667192,1874.17,0.23,61.2,81.6,3.08,8.19,51.87,65.12,45.1,0.69,69.5,40.65,41.42,33.01,54.03,62.05,30.05,44.11,36.52,7.59,8.01,0.11,22.55,11.34,-4.36,,0
MMR,104,Myanmar,East Asia & Pacific,lower_middle_income,2004,47068772,2110.24,0.23,61.44,79.1,3.16,8.31,53.54,65.67,46.2,0.68,68.86,40.99,41.95,33.63,55.14,62.4,29.77,44.58,38.18,6.4,6.37,-1.43,20.09,11.0,-5.19,,0
MMR,104,Myanmar,East Asia & Pacific,lower_middle_income,2005,47438365,2377.9,0.24,61.72,76.3,3.24,8.44,55.24,66.21,47.3,0.67,68.21,41.01,42.55,34.25,56.25,62.75,29.76,45.11,39.85,5.26,4.72,-2.78,17.29,10.53,-5.52,,0
MMR,104,Myanmar,East Asia & Pacific,lower_middle_income,2006,47785135,2669.33,0.22,62.03,73.6,3.34,8.56,56.96,66.76,48.4,0.68,67.58,40.55,43.18,34.93,57.37,63.08,30.13,45.74,41.61,4.12,3.29,-4.13,14.4,10.01,-5.38,,0
MMR,104,Myanmar,East Asia & Pacific,lower_middle_income,2007,48125043,2968.3,0.23,62.37,70.8,3.44,8.69,58.71,67.3,49.5,0.68,66.95,39.6,43.86,35.6,58.5,63.39,30.93,46.46,43.04,3.42,2.17,-5.08,12.68,9.66,-4.87,,0
MMR,104,Myanmar,East Asia & Pacific,lower_middle_income,2008,48390793,3254.74,0.17,56.36,101.7,3.54,8.94,60.48,67.84,50.6,0.7,66.36,38.21,35.32,36.64,59.64,63.67,32.12,45.48,44.57,0.91,-7.82,-5.64,10.42,9.17,-4.16,0.0,0
MMR,104,Myanmar,East Asia & Pacific,lower_middle_income,2009,48660459,3578.17,0.16,63.1,65.1,3.64,9.2,62.28,68.34,51.8,0.71,65.8,36.43,45.34,37.68,60.8,63.94,33.71,48.29,45.89,2.41,0.27,-6.32,8.59,8.9,-2.92,,0
MMR,104,Myanmar,East Asia & Pacific,lower_middle_income,2010,49024382,3893.79,0.18,63.48,62.4,3.74,9.45,64.1,68.83,48.8,0.72,65.29,34.31,46.09,38.72,60.58,64.18,35.71,49.06,47.06,1.99,-0.14,-6.61,6.7,8.88,-1.12,,0
MMR,104,Myanmar,East Asia & Pacific,lower_middle_income,2011,49419820,4078.61,0.19,63.86,59.7,3.94,9.71,65.95,69.32,54.1,0.75,64.83,29.49,46.86,40.1,63.12,64.38,40.77,51.05,47.82,3.23,-0.51,-6.07,7.71,8.98,5.86,,0
MMR,104,Myanmar,East Asia & Pacific,lower_middle_income,2012,49837446,4341.0,0.25,64.25,57.0,4.14,9.97,67.82,69.81,55.3,0.77,64.44,33.18,47.67,41.47,64.31,64.55,36.83,50.97,48.47,2.49,-0.81,-5.64,6.8,8.91,2.78,,0
MMR,104,Myanmar,East Asia & Pacific,lower_middle_income,2013,50262658,4666.95,0.28,64.62,54.6,4.34,10.22,69.71,70.29,56.5,0.78,64.09,35.17,48.42,42.85,65.5,64.72,34.89,51.27,50.06,1.21,-1.32,-5.19,5.43,8.44,-1.77,,0
MMR,104,Myanmar,East Asia & Pacific,lower_middle_income,2014,50681634,5006.51,0.35,64.99,52.4,4.53,10.48,71.64,70.77,52.0,0.76,63.73,31.22,49.15,44.23,64.8,64.93,38.86,52.39,51.26,1.13,-1.88,-4.93,2.74,8.38,1.06,,0
MMR,104,Myanmar,East Asia & Pacific,lower_middle_income,2015,51089056,5313.89,0.39,65.29,50.5,4.73,10.74,73.58,71.26,60.5,0.77,63.42,29.92,49.78,45.6,68.45,65.09,40.28,53.84,51.77,2.07,-2.4,-4.79,4.0,8.38,5.59,1.0,0
MMR,104,Myanmar,East Asia & Pacific,lower_middle_income,2016,51495696,5580.99,0.45,65.64,48.7,4.85,10.99,75.56,71.74,55.6,1.06,63.17,31.17,50.45,46.7,67.63,64.64,38.91,53.66,52.87,0.79,-2.79,-4.66,2.04,7.23,2.41,,0
MMR,104,Myanmar,East Asia & Pacific,lower_middle_income,2017,51894938,5877.87,0.65,65.91,46.8,5.36,11.25,77.56,72.21,69.8,1.36,62.94,28.13,51.08,49.11,73.19,64.16,42.33,55.98,54.08,1.9,-3.06,-3.07,5.25,6.42,3.8,,0
MMR,104,Myanmar,East Asia & Pacific,lower_middle_income,2018,52272247,6201.26,0.64,66.23,45.2,5.87,11.5,79.59,72.69,66.1,0.77,61.87,31.56,51.71,51.52,72.79,65.9,38.5,56.09,54.92,1.17,-3.46,-1.68,2.89,7.37,-0.32,,0
MMR,104,Myanmar,East Asia & Pacific,lower_middle_income,2019,52640713,6562.99,0.65,66.46,43.6,6.38,11.78,81.64,73.17,68.3,0.41,63.09,32.16,52.27,53.98,74.37,65.98,37.86,56.89,56.3,0.6,-3.96,-0.48,2.65,7.3,-2.88,,0
MMR,104,Myanmar,East Asia & Pacific,lower_middle_income,2020,53016522,5926.83,0.65,66.61,42.1,6.52,12.06,83.7,73.64,70.4,1.48,63.2,32.32,52.77,55.23,75.91,63.78,37.71,57.08,55.34,1.74,-2.61,1.15,4.87,7.93,-2.7,,0
MMR,104,Myanmar,East Asia & Pacific,lower_middle_income,2021,53387102,5178.45,0.6,65.55,40.8,6.52,12.06,85.53,74.11,72.5,4.34,62.64,32.32,52.3,55.23,77.38,58.35,37.71,56.19,53.06,3.14,-0.59,3.52,9.74,2.74,-0.79,,1
MMR,104,Myanmar,East Asia & Pacific,lower_middle_income,2022,53756787,5350.48,0.58,66.51,39.5,6.52,12.06,85.58,74.13,73.6,3.06,62.74,32.32,53.38,55.23,77.77,60.85,37.71,56.99,54.2,2.79,-1.47,3.09,8.86,3.15,-1.09,1.0,1
MNG,496,Mongolia,East Asia & Pacific,lower_middle_income,2000,2388299,5818.24,3.79,63.21,62.5,9.04,9.16,62.42,43.35,67.3,5.99,54.31,21.4,45.87,55.58,57.69,59.43,51.47,54.01,52.06,1.95,-4.26,7.16,-10.42,2.73,11.54,1.0,0
MNG,496,Mongolia,East Asia & Pacific,lower_middle_income,2001,2417751,5917.07,3.73,63.39,57.7,9.14,9.93,63.82,43.93,71.7,6.11,55.03,21.37,46.87,58.04,59.82,58.82,51.51,55.01,52.58,2.43,-4.17,8.89,-8.91,2.64,11.48,,0
MNG,496,Mongolia,East Asia & Pacific,lower_middle_income,2002,2449027,6117.98,3.94,63.54,52.9,9.24,10.36,65.21,44.5,72.8,6.2,55.72,21.22,47.93,59.57,60.84,58.27,51.75,55.67,53.51,2.17,-4.33,9.45,-9.5,1.77,11.24,,0
MNG,496,Mongolia,East Asia & Pacific,lower_middle_income,2003,2480374,6463.79,3.77,63.58,48.5,9.34,11.13,66.57,45.06,76.3,6.77,56.31,21.03,48.9,62.06,62.64,56.83,52.05,56.5,54.68,1.82,-4.62,10.78,-10.03,-0.28,11.05,,0
MNG,496,Mongolia,East Asia & Pacific,lower_middle_income,2004,2508412,7070.67,3.82,64.63,44.3,9.44,11.79,67.91,46.57,74.8,6.85,56.87,20.89,50.7,64.23,63.09,56.37,52.27,57.33,56.05,1.28,-4.14,11.12,-12.16,-1.87,10.44,,0
MNG,496,Mongolia,East Asia & Pacific,lower_middle_income,2005,2536407,7499.85,4.39,65.28,40.5,9.54,12.7,69.23,48.08,86.2,7.02,57.37,20.9,52.17,67.08,67.84,55.77,52.25,59.02,57.06,1.96,-4.06,12.99,-9.29,-3.66,10.1,,0
MNG,496,Mongolia,East Asia & Pacific,lower_middle_income,2006,2567168,8044.0,4.95,65.9,37.0,9.64,13.0,70.52,49.6,77.0,7.19,57.81,21.26,53.63,68.24,65.71,55.19,51.69,58.89,58.21,0.68,-3.68,13.27,-13.46,-5.72,9.34,,0
MNG,496,Mongolia,East Asia & Pacific,lower_middle_income,2007,2601850,8750.13,5.08,66.59,33.8,9.74,13.37,71.78,51.13,78.1,7.2,57.8,22.11,55.14,69.62,67.0,55.18,50.37,59.46,59.42,0.05,-3.7,13.23,-13.66,-6.89,7.43,,0
MNG,496,Mongolia,East Asia & Pacific,lower_middle_income,2008,2643201,9379.85,5.0,67.25,31.0,9.84,13.75,73.02,52.67,79.2,5.56,57.46,23.5,56.58,71.0,68.3,58.63,48.35,60.57,60.58,-0.01,-3.46,13.36,-14.51,-4.59,4.87,1.0,0
MNG,496,Mongolia,East Asia & Pacific,lower_middle_income,2009,2691115,9095.98,5.18,67.97,28.5,9.94,14.13,74.23,54.2,80.3,5.86,56.63,25.42,58.05,72.38,69.58,58.48,45.72,60.84,60.5,0.35,-2.13,14.3,-13.01,-3.89,2.0,,0
MNG,496,Mongolia,East Asia & Pacific,lower_middle_income,2010,2738622,9507.12,5.44,68.51,26.3,10.04,14.45,75.42,55.75,78.5,6.55,51.69,27.92,59.34,73.6,69.89,59.69,42.59,61.02,61.26,-0.24,-1.56,14.63,-13.39,-2.59,-1.49,,0
MNG,496,Mongolia,East Asia & Pacific,lower_middle_income,2011,2786317,10960.1,5.83,69.11,24.4,10.15,14.45,76.31,57.11,72.1,4.77,50.72,35.88,60.62,73.98,68.51,63.77,34.22,60.22,63.28,-3.07,-2.55,12.35,-18.47,0.51,-9.87,,0
MNG,496,Mongolia,East Asia & Pacific,lower_middle_income,2012,2839705,12078.92,6.22,69.5,22.8,10.26,14.46,77.05,58.36,83.7,3.9,47.45,38.23,61.65,74.36,73.04,67.22,32.1,61.67,64.48,-2.81,-2.68,10.85,-15.95,3.23,-13.35,,0
MNG,496,Mongolia,East Asia & Pacific,lower_middle_income,2013,2899011,13210.09,6.62,70.1,21.5,10.37,14.47,77.78,59.63,81.2,4.23,45.7,36.12,62.75,74.74,72.87,67.49,33.99,62.37,65.66,-3.29,-3.05,9.42,-17.65,2.35,-12.3,,0
MNG,496,Mongolia,East Asia & Pacific,lower_middle_income,2014,2963113,13943.43,6.59,70.58,20.4,10.47,14.48,78.52,60.91,86.0,4.8,44.78,32.63,63.7,75.12,75.14,66.84,37.38,63.63,66.87,-3.23,-3.2,8.41,-16.16,2.03,-10.25,,0
MNG,496,Mongolia,East Asia & Pacific,lower_middle_income,2015,3026864,13974.6,5.96,70.81,19.4,10.58,14.48,79.25,62.19,88.0,4.86,45.73,33.6,64.42,75.5,76.48,66.21,36.4,63.8,66.75,-2.94,-2.83,8.5,-15.05,1.86,-10.63,3.0,0
MNG,496,Mongolia,East Asia & Pacific,lower_middle_income,2016,3088856,13898.15,6.19,70.22,18.4,10.69,14.49,79.99,63.48,90.8,7.24,42.77,34.39,64.54,75.88,78.09,63.02,35.63,63.43,66.76,-3.33,-2.6,8.79,-13.46,-1.44,-12.1,,0
MNG,496,Mongolia,East Asia & Pacific,lower_middle_income,2017,3148917,14401.54,6.69,70.54,17.4,10.8,14.5,80.73,64.79,93.6,6.36,45.07,31.41,65.39,76.26,79.71,63.56,38.66,64.72,67.35,-2.63,-2.33,8.74,-12.24,-0.59,-10.26,,0
MNG,496,Mongolia,East Asia & Pacific,lower_middle_income,2018,3208189,15230.24,7.16,70.83,16.4,10.9,14.5,81.48,66.1,98.1,5.38,43.38,30.34,66.25,76.63,81.89,66.41,39.81,66.2,68.07,-1.87,-2.37,8.25,-10.77,1.29,-9.12,,0
MNG,496,Mongolia,East Asia & Pacific,lower_middle_income,2019,3267673,15790.7,7.75,71.05,15.6,10.16,14.51,82.23,67.43,98.9,9.02,43.09,31.08,66.97,74.19,82.86,59.27,39.0,64.46,68.99,-4.53,-2.27,5.04,-10.34,-5.88,-11.93,,0
MNG,496,Mongolia,East Asia & Pacific,lower_middle_income,2020,3327204,14801.34,6.77,71.35,14.8,9.42,14.52,82.99,68.78,99.5,6.41,42.57,29.65,67.77,71.74,83.76,64.77,40.58,65.72,68.8,-3.08,-0.67,2.48,-9.93,2.27,-11.05,,0
MNG,496,Mongolia,East Asia & Pacific,lower_middle_income,2021,3383741,14792.25,7.36,71.65,14.3,9.42,14.52,83.76,70.13,100.0,7.87,40.76,29.65,68.37,71.74,84.63,62.81,40.58,65.62,68.12,-2.49,1.31,3.19,-8.62,-0.77,-10.21,,1
MNG,496,Mongolia,East Asia & Pacific,lower_middle_income,2022,3433748,15310.43,7.27,71.9,13.9,9.42,14.52,84.53,71.5,100.0,5.95,40.09,29.65,68.87,71.74,85.35,66.99,40.58,66.71,69.17,-2.47,-0.33,2.88,-8.41,0.48,-10.17,3.0,1
MOZ,508,Mozambique,Sub-Saharan Africa,low_income,2000,18129653,711.98,0.09,49.48,164.6,1.75,6.02,23.44,10.74,6.1,2.83,88.9,20.26,24.79,22.56,13.43,47.55,53.3,32.32,25.06,7.27,6.47,4.96,7.61,0.07,19.38,0.0,0
MOZ,508,Mozambique,Sub-Saharan Africa,low_income,2001,18537729,785.79,0.1,50.26,155.7,1.83,6.49,24.45,11.69,5.7,2.84,88.47,20.18,25.99,24.14,13.95,47.76,53.42,33.05,26.03,7.02,6.1,4.41,6.91,0.03,19.48,,0
MOZ,508,Mozambique,Sub-Saharan Africa,low_income,2002,18958338,842.65,0.1,50.88,147.5,1.91,6.96,25.89,12.67,8.4,2.9,88.19,20.01,27.06,25.68,15.65,47.78,53.7,33.97,27.22,6.75,5.37,4.13,6.85,-0.05,19.1,,0
MOZ,508,Mozambique,Sub-Saharan Africa,low_income,2003,19392475,883.24,0.13,51.38,139.8,1.98,7.36,27.36,13.66,8.1,2.86,87.75,19.81,28.03,27.06,16.37,48.1,54.04,34.72,28.42,6.31,4.58,3.51,5.23,0.14,19.22,,0
MOZ,508,Mozambique,Sub-Saharan Africa,low_income,2004,19840313,934.13,0.14,51.86,132.5,2.06,7.77,28.86,14.66,10.7,2.95,87.38,19.64,28.97,28.44,18.07,48.1,54.33,35.58,29.17,6.42,3.77,3.61,5.6,0.22,19.34,,0
MOZ,508,Mozambique,Sub-Saharan Africa,low_income,2005,20304569,970.39,0.13,52.32,125.7,2.14,8.38,30.39,15.66,11.8,3.04,87.06,19.57,29.91,30.4,19.28,48.11,54.45,36.43,29.8,6.63,3.34,4.21,6.12,0.3,19.28,,0
MOZ,508,Mozambique,Sub-Saharan Africa,low_income,2006,20787087,1041.8,0.14,52.75,118.8,2.19,8.69,31.95,16.67,13.0,3.04,86.69,19.67,30.85,31.44,20.54,48.3,54.27,37.08,30.74,6.34,2.76,3.37,5.28,0.6,19.19,,0
MOZ,508,Mozambique,Sub-Saharan Africa,low_income,2007,21287635,1095.13,0.15,53.26,110.7,2.24,9.34,33.53,17.69,12.4,3.08,86.37,19.94,32.0,33.41,21.21,48.38,53.82,37.76,31.33,6.44,2.81,4.33,4.78,0.68,19.11,,0
MOZ,508,Mozambique,Sub-Saharan Africa,low_income,2008,21819036,1141.94,0.14,53.8,104.4,2.29,9.82,35.28,18.82,13.6,3.11,86.04,20.3,33.06,34.89,22.57,48.49,53.23,38.45,31.79,6.65,3.16,4.68,5.28,0.6,18.61,0.0,0
MOZ,508,Mozambique,Sub-Saharan Africa,low_income,2009,22391745,1178.71,0.15,54.4,98.3,2.34,9.99,37.07,19.96,15.0,3.21,85.73,20.67,34.17,35.54,24.01,48.47,52.63,38.96,31.93,7.03,2.52,4.35,6.12,0.24,18.18,,0
MOZ,508,Mozambique,Sub-Saharan Africa,low_income,2010,22999235,1224.23,0.16,55.04,95.6,2.48,10.19,38.89,21.12,18.9,3.26,85.42,20.98,34.97,36.58,26.3,48.52,52.13,39.7,32.61,7.09,3.07,4.45,8.24,0.35,18.06,,0
MOZ,508,Mozambique,Sub-Saharan Africa,low_income,2011,23649039,1275.53,0.18,55.73,91.1,2.62,9.93,40.73,22.28,20.2,3.3,85.15,21.32,36.02,36.31,27.74,48.59,51.59,40.05,32.94,7.11,2.52,3.74,7.93,0.22,20.23,,0
MOZ,508,Mozambique,Sub-Saharan Africa,low_income,2012,24337846,1338.52,0.19,56.46,86.5,2.76,9.8,42.59,23.46,21.2,3.3,84.85,21.49,37.15,36.44,29.08,48.73,51.33,40.55,33.52,7.02,2.27,3.24,7.63,0.18,21.63,,0
MOZ,508,Mozambique,Sub-Saharan Africa,low_income,2013,25051611,1385.83,0.2,57.19,82.9,2.9,10.39,44.48,24.65,22.4,3.34,84.6,21.7,38.17,38.54,30.51,48.78,50.99,41.4,35.65,5.75,2.32,4.05,6.32,-0.33,16.51,,0
MOZ,508,Mozambique,Sub-Saharan Africa,low_income,2014,25788475,1449.93,0.22,57.96,79.7,3.05,10.34,46.39,25.86,24.8,3.38,84.31,21.61,39.19,38.88,32.35,48.87,51.13,42.09,35.92,6.17,3.09,3.55,6.7,-0.34,17.29,,0
MOZ,508,Mozambique,Sub-Saharan Africa,low_income,2015,26547572,1512.6,0.24,58.71,75.8,3.19,10.35,48.32,27.08,24.0,3.43,83.93,21.58,40.31,39.39,33.13,48.97,51.19,42.6,35.71,6.89,2.59,3.2,6.06,-0.37,23.21,0.0,0
MOZ,508,Mozambique,Sub-Saharan Africa,low_income,2016,27337105,1537.91,0.3,59.46,73.3,3.13,10.36,50.27,28.3,26.2,3.65,83.85,21.07,41.25,39.2,34.93,48.57,51.99,43.19,36.8,6.39,2.95,2.42,6.91,-0.92,22.32,,0
MOZ,508,Mozambique,Sub-Saharan Africa,low_income,2017,28166393,1532.01,0.3,60.15,72.0,3.06,10.36,52.25,29.54,24.3,3.94,83.79,18.75,41.98,39.0,35.36,48.03,55.87,44.05,37.29,6.76,3.64,1.98,6.99,-1.47,24.22,,0
MOZ,508,Mozambique,Sub-Saharan Africa,low_income,2018,29018644,1538.84,0.28,60.79,70.2,3.33,10.48,54.24,30.8,31.1,4.21,83.79,18.83,42.74,40.22,38.71,47.48,55.74,44.98,38.19,6.79,3.56,2.77,8.36,-2.25,23.18,,0
MOZ,508,Mozambique,Sub-Saharan Africa,low_income,2019,29884380,1528.89,0.29,61.31,68.6,3.59,10.6,56.26,32.06,29.7,4.46,83.86,19.59,43.39,41.44,39.34,46.94,54.41,45.1,38.31,6.8,3.38,3.62,9.22,-2.58,19.96,,0
MOZ,508,Mozambique,Sub-Saharan Africa,low_income,2020,30783688,1466.12,0.26,61.39,67.6,3.86,10.73,58.29,33.34,30.6,5.02,84.37,20.08,43.62,42.66,40.74,45.56,53.59,45.23,38.27,6.96,4.21,4.37,10.32,-2.56,20.65,,0
MOZ,508,Mozambique,Sub-Saharan Africa,low_income,2021,31707800,1457.24,0.29,60.27,65.5,3.86,10.73,60.35,34.63,31.5,5.41,84.0,20.08,43.1,42.66,42.16,44.96,53.59,45.29,38.2,7.09,3.9,4.62,10.18,-2.89,20.81,,1
MOZ,508,Mozambique,Sub-Saharan Africa,low_income,2022,32656246,1476.67,0.33,63.01,63.9,3.86,10.73,62.42,35.94,33.2,6.79,84.07,20.08,45.47,42.66,43.85,42.17,53.59,45.55,38.4,7.15,4.46,4.88,10.74,-6.93,20.74,0.0,1
MRT,478,Mauritania,Sub-Saharan Africa,lower_middle_income,2000,2613441,5008.61,0.4,61.04,98.0,3.02,6.3,41.41,18.15,19.1,10.03,57.27,85.1,39.32,27.58,26.22,49.8,5.39,29.66,49.44,-19.78,-8.18,-18.33,-36.56,-5.59,-32.86,0.0,0
MRT,478,Mauritania,Sub-Saharan Africa,lower_middle_income,2001,2678760,4847.41,0.44,61.66,93.4,3.1,6.33,42.33,19.31,22.2,10.13,57.3,83.78,40.31,27.92,27.95,49.58,5.91,30.33,49.0,-18.66,-7.11,-17.77,-33.39,-5.01,-31.87,,0
MRT,478,Mauritania,Sub-Saharan Africa,lower_middle_income,2002,2738655,4806.9,0.47,62.25,88.2,3.17,6.36,43.82,20.58,21.7,10.2,57.25,80.63,41.39,28.25,28.7,49.47,7.19,31.0,49.23,-18.23,-6.47,-17.77,-32.73,-5.2,-30.79,,0
MRT,478,Mauritania,Sub-Saharan Africa,lower_middle_income,2003,2802046,5023.65,0.49,62.8,82.8,3.25,6.43,45.33,21.85,23.0,9.91,57.13,76.87,42.5,28.71,30.06,50.11,8.78,32.03,50.19,-18.15,-6.33,-18.23,-33.32,-5.17,-29.57,,0
MRT,478,Mauritania,Sub-Saharan Africa,lower_middle_income,2004,2868664,5139.23,0.52,63.37,77.5,3.33,6.91,46.84,23.14,24.3,9.77,56.87,73.69,43.65,30.28,31.43,50.53,10.19,33.22,50.49,-17.27,-5.35,-17.38,-32.27,-5.45,-28.49,,0
MRT,478,Mauritania,Sub-Saharan Africa,lower_middle_income,2005,2939059,5445.83,0.52,63.92,72.5,3.41,6.96,48.36,24.43,18.2,9.59,56.39,72.3,44.8,30.68,30.33,51.14,10.83,33.56,51.55,-17.99,-5.6,-17.96,-35.5,-5.96,-28.27,,0
MRT,478,Mauritania,Sub-Saharan Africa,lower_middle_income,2006,3013660,6284.7,0.56,64.49,68.1,3.49,7.18,49.89,26.0,27.0,9.31,55.5,72.31,45.92,31.59,34.3,52.16,10.82,34.96,54.25,-19.29,-7.19,-19.48,-36.78,-6.94,-29.34,,0
MRT,478,Mauritania,Sub-Saharan Africa,lower_middle_income,2007,3093059,6002.78,0.61,64.89,64.3,3.58,7.08,51.43,27.6,33.0,9.48,55.33,72.43,46.85,31.58,37.34,51.92,10.76,35.69,53.45,-17.76,-5.67,-18.94,-31.28,-7.19,-28.97,,0
MRT,478,Mauritania,Sub-Saharan Africa,lower_middle_income,2008,3183269,5813.36,0.66,65.23,61.3,3.66,6.97,52.97,29.24,30.0,9.72,55.07,72.62,47.63,31.58,37.41,51.59,10.68,35.78,53.04,-17.27,-4.29,-18.65,-30.36,-7.48,-28.88,0.0,0
MRT,478,Mauritania,Sub-Saharan Africa,lower_middle_income,2009,3284448,5639.79,0.64,65.48,58.8,3.75,7.52,54.52,30.92,31.1,10.21,55.07,72.81,48.28,33.37,38.85,50.59,10.59,36.34,52.85,-16.52,-3.78,-17.1,-28.31,-7.96,-29.11,,0
MRT,478,Mauritania,Sub-Saharan Africa,lower_middle_income,2010,3390965,5605.76,0.62,65.66,56.8,3.83,7.67,56.08,32.63,34.2,10.09,54.76,72.92,48.79,34.07,40.97,50.99,10.54,37.07,52.69,-15.62,-3.08,-16.42,-24.91,-7.12,-28.93,,0
MRT,478,Mauritania,Sub-Saharan Africa,lower_middle_income,2011,3502811,5653.22,0.65,65.75,55.1,3.96,7.82,57.64,34.39,35.3,9.98,54.41,72.99,49.19,34.91,42.44,51.41,10.51,37.69,52.89,-15.19,-3.09,-16.04,-23.48,-6.53,-27.15,,0
MRT,478,Mauritania,Sub-Saharan Africa,lower_middle_income,2012,3619034,5716.25,0.7,65.81,53.5,4.09,8.19,59.21,36.18,36.4,9.86,54.47,83.04,49.55,36.37,43.93,51.6,6.21,37.53,52.78,-15.24,-2.91,-14.85,-22.28,-6.19,-30.58,,0
MRT,478,Mauritania,Sub-Saharan Africa,lower_middle_income,2013,3734318,5769.73,0.62,65.89,52.1,4.21,8.49,60.78,38.01,37.6,9.93,54.4,64.51,49.9,37.61,45.46,51.52,14.63,39.82,53.23,-13.41,-2.86,-13.63,-21.17,-6.46,-23.62,,0
MRT,478,Mauritania,Sub-Saharan Africa,lower_middle_income,2014,3848514,5837.85,0.7,66.21,50.6,4.21,8.56,62.35,39.87,38.8,10.03,54.72,64.15,50.47,37.82,47.01,51.15,14.82,40.25,53.62,-13.37,-2.84,-13.76,-19.79,-6.6,-24.37,,0
MRT,478,Mauritania,Sub-Saharan Africa,lower_middle_income,2015,3965959,5969.54,0.7,66.5,49.1,4.22,8.63,63.92,41.77,39.5,10.1,54.85,83.03,51.02,38.04,48.4,50.93,6.21,38.92,53.63,-14.71,-2.93,-14.28,-19.61,-6.65,-30.02,0.0,0
MRT,478,Mauritania,Sub-Saharan Africa,lower_middle_income,2016,4086657,5866.28,0.64,66.82,47.7,4.32,8.18,65.49,43.71,41.2,10.29,54.7,76.55,51.58,37.12,50.13,50.64,8.92,39.68,53.64,-13.96,-2.4,-15.09,-16.95,-7.13,-28.22,,0
MRT,478,Mauritania,Sub-Saharan Africa,lower_middle_income,2017,4210600,6050.62,0.9,67.09,46.2,4.43,8.08,67.05,45.68,42.9,10.34,54.71,79.97,52.13,37.21,51.88,50.53,7.46,39.84,54.53,-14.68,-2.44,-15.44,-16.94,-7.41,-31.44,,0
MRT,478,Mauritania,Sub-Saharan Africa,lower_middle_income,2018,4337685,6153.64,1.02,67.42,44.7,4.54,8.51,68.62,47.69,43.6,10.41,54.38,75.83,52.74,38.77,53.3,50.56,9.23,40.92,54.8,-13.88,-2.32,-14.31,-16.37,-7.92,-29.49,,0
MRT,478,Mauritania,Sub-Saharan Africa,lower_middle_income,2019,4467708,6162.21,1.0,67.64,43.4,4.65,8.72,70.18,49.73,44.9,10.42,53.93,72.2,53.23,39.72,54.94,50.78,10.87,41.91,55.39,-13.48,-2.07,-13.66,-15.12,-7.54,-29.18,,0
MRT,478,Mauritania,Sub-Saharan Africa,lower_middle_income,2020,4600131,5963.24,1.01,66.79,42.0,4.75,8.05,71.75,51.81,45.4,11.05,54.73,70.82,52.94,38.21,56.32,49.09,11.52,41.62,55.43,-13.81,-2.53,-15.97,-14.89,-6.79,-28.97,,0
MRT,478,Mauritania,Sub-Saharan Africa,lower_middle_income,2021,4734874,5836.57,0.93,66.76,40.7,4.75,8.05,73.3,53.93,47.7,11.13,54.21,70.82,53.26,38.21,58.31,49.21,11.52,42.1,54.8,-12.7,-1.17,-15.28,-12.69,-7.3,-28.33,,1
MRT,478,Mauritania,Sub-Saharan Africa,lower_middle_income,2022,4875637,6053.26,1.03,68.28,39.4,4.75,8.05,74.86,56.08,49.0,10.52,54.15,70.82,54.78,38.21,59.98,50.46,11.52,42.99,56.05,-13.06,-1.74,-15.85,-12.38,-8.23,-28.71,0.0,1
MUS,480,Mauritius,Sub-Saharan Africa,upper_middle_income,2000,1186873,13481.75,2.06,71.66,18.8,6.3,12.25,99.36,90.52,99.0,9.12,21.81,9.31,65.41,55.01,96.29,70.27,79.25,73.25,64.44,8.81,2.1,-6.13,6.37,6.22,31.83,3.0,0
MUS,480,Mauritius,Sub-Saharan Africa,upper_middle_income,2001,1196287,13823.42,2.16,71.77,17.5,6.5,12.64,99.38,90.8,99.2,9.14,21.55,9.56,66.27,56.77,96.46,70.38,78.36,73.65,65.23,8.42,1.8,-5.73,5.94,6.71,30.68,,0
MUS,480,Mauritius,Sub-Saharan Africa,upper_middle_income,2002,1204621,13949.47,2.19,71.97,16.6,6.7,12.69,99.4,91.08,99.4,8.2,21.91,10.05,67.0,57.59,96.63,72.06,76.7,73.99,65.58,8.41,1.81,-5.7,5.97,8.45,28.84,,0
MUS,480,Mauritius,Sub-Saharan Africa,upper_middle_income,2003,1213370,14669.5,2.28,72.12,16.0,6.9,12.93,99.43,91.37,99.1,8.32,21.7,10.61,67.51,58.93,96.63,71.95,74.9,73.98,66.52,7.46,1.25,-5.66,5.31,8.04,26.39,,0
MUS,480,Mauritius,Sub-Saharan Africa,upper_middle_income,2004,1221003,15209.02,2.28,72.27,15.7,7.1,13.03,99.45,91.65,99.0,8.34,18.25,11.06,67.83,59.88,96.7,73.72,73.49,74.32,66.83,7.5,1.16,-5.25,5.29,8.85,24.79,,0
MUS,480,Mauritius,Sub-Saharan Africa,upper_middle_income,2005,1228254,15387.98,2.43,72.43,15.6,7.31,13.36,99.47,91.93,99.0,9.52,18.22,11.25,68.03,61.46,96.8,71.36,72.92,74.12,67.01,7.1,1.09,-4.03,5.46,5.43,24.15,,0
MUS,480,Mauritius,Sub-Saharan Africa,upper_middle_income,2006,1233996,16061.6,2.69,72.43,15.4,7.51,13.35,99.5,92.22,99.0,9.04,17.81,11.08,68.17,62.12,96.9,72.55,73.45,74.64,67.63,7.0,0.89,-3.93,5.15,5.08,24.53,,0
MUS,480,Mauritius,Sub-Saharan Africa,upper_middle_income,2007,1239630,16904.27,2.75,72.57,15.2,7.71,13.4,99.52,92.5,99.0,8.48,18.54,10.65,68.42,62.92,97.01,73.29,74.75,75.28,68.35,6.93,0.37,-3.9,5.0,4.69,25.54,,0
MUS,480,Mauritius,Sub-Saharan Africa,upper_middle_income,2008,1244121,17750.59,2.8,72.57,15.0,7.91,13.49,99.54,92.79,99.0,7.17,17.97,10.13,68.56,63.84,97.11,76.2,76.43,76.43,69.23,7.2,-0.44,-4.14,4.5,6.24,26.56,3.0,0
MUS,480,Mauritius,Sub-Saharan Africa,upper_middle_income,2009,1247429,18290.41,2.76,72.88,14.9,8.12,13.72,99.57,93.07,99.0,7.26,17.5,9.66,68.87,65.17,97.21,76.27,78.02,77.11,69.89,7.22,-1.67,-4.34,3.77,8.25,27.05,,0
MUS,480,Mauritius,Sub-Saharan Africa,upper_middle_income,2010,1250400,19045.65,2.94,72.97,14.8,8.32,13.88,99.59,93.36,99.4,7.65,17.76,9.4,69.01,66.28,97.45,75.35,78.94,77.41,70.28,7.13,-2.21,-3.91,3.71,7.89,27.79,,0
MUS,480,Mauritius,Sub-Saharan Africa,upper_middle_income,2011,1252404,19790.53,2.92,73.27,14.9,8.52,14.31,99.61,93.64,99.6,7.45,16.98,9.33,69.17,68.15,97.62,76.17,79.19,78.06,70.83,7.23,-3.01,-3.1,3.4,7.64,28.55,,0
MUS,480,Mauritius,Sub-Saharan Africa,upper_middle_income,2012,1255882,20425.71,2.98,73.86,15.0,8.75,14.75,99.64,93.93,99.4,7.47,18.4,9.1,69.56,70.12,97.66,75.37,80.0,78.54,71.19,7.35,-3.17,-1.89,3.2,6.61,28.31,,0
MUS,480,Mauritius,Sub-Saharan Africa,upper_middle_income,2013,1258927,21061.03,3.06,74.02,14.9,8.98,14.66,99.66,94.22,99.4,7.32,18.72,9.58,69.75,70.65,97.76,75.5,78.3,78.39,71.79,6.6,-3.83,-2.53,2.89,5.92,26.3,,0
MUS,480,Mauritius,Sub-Saharan Africa,upper_middle_income,2014,1261208,21827.48,3.16,74.19,14.7,9.21,15.09,99.69,94.5,99.5,7.47,17.77,9.45,70.03,72.6,97.9,75.71,78.76,79.0,72.75,6.25,-4.41,-1.54,2.6,5.92,25.67,,0
MUS,480,Mauritius,Sub-Saharan Africa,upper_middle_income,2015,1262879,22603.09,3.16,74.35,14.5,9.44,14.78,99.71,94.79,99.6,7.41,18.48,9.13,70.3,72.52,98.03,75.45,79.9,79.24,73.26,5.98,-4.87,-2.3,2.4,5.18,26.49,4.0,0
MUS,480,Mauritius,Sub-Saharan Africa,upper_middle_income,2016,1263747,23460.0,3.22,74.39,14.6,9.55,14.82,99.73,95.08,99.7,6.81,17.66,8.99,70.26,73.0,98.17,77.08,80.42,79.79,74.16,5.63,-5.58,-2.44,2.16,5.66,25.22,,0
MUS,480,Mauritius,Sub-Saharan Africa,upper_middle_income,2017,1264887,24361.88,3.33,74.51,15.0,9.66,14.77,99.76,95.37,99.6,6.75,17.84,9.0,70.06,73.23,98.24,77.11,80.39,79.81,74.74,5.07,-6.46,-2.72,2.03,5.28,24.5,,0
MUS,480,Mauritius,Sub-Saharan Africa,upper_middle_income,2018,1265577,25324.18,3.3,74.42,15.4,9.77,14.79,99.78,95.66,99.8,6.43,17.88,9.65,69.7,73.65,98.41,77.74,78.07,79.51,75.23,4.28,-7.54,-2.87,1.94,4.81,22.51,,0
MUS,480,Mauritius,Sub-Saharan Africa,upper_middle_income,2019,1265985,26047.98,3.32,74.24,15.7,9.88,14.91,99.81,95.95,100.0,6.33,18.16,9.28,69.35,74.35,98.59,77.78,79.37,79.89,76.14,3.75,-8.42,-2.69,1.85,4.63,21.19,,0
MUS,480,Mauritius,Sub-Saharan Africa,upper_middle_income,2020,1266014,22258.39,2.96,74.18,15.8,9.99,14.61,99.83,96.24,99.5,8.63,17.96,9.15,69.23,73.89,98.52,73.3,79.82,78.95,74.49,4.46,-6.0,-1.77,1.88,4.23,22.58,,0
MUS,480,Mauritius,Sub-Saharan Africa,upper_middle_income,2021,1266334,23010.2,3.15,73.68,15.7,9.99,14.61,99.85,96.52,99.6,7.72,16.17,9.15,68.92,73.89,98.66,76.05,79.82,79.47,74.15,5.32,-5.2,-1.61,2.23,6.38,23.08,,1
MUS,480,Mauritius,Sub-Saharan Africa,upper_middle_income,2022,1262523,25085.99,3.21,73.51,15.5,9.99,14.61,99.88,96.81,100.0,6.32,15.84,9.15,68.93,73.89,98.9,79.02,79.82,80.11,75.64,4.47,-7.57,-2.45,2.0,5.84,22.31,4.0,1
MWI,454,Malawi,Sub-Saharan Africa,low_income,2000,11315942,1239.39,0.27,46.17,171.0,3.01,10.68,54.13,9.35,4.8,5.04,62.85,23.02,21.83,39.71,22.76,56.83,49.03,38.03,30.69,7.34,-3.9,14.79,3.3,7.76,15.92,0.0,0
MWI,454,Malawi,Sub-Saharan Africa,low_income,2001,11593058,1149.58,0.27,47.2,239.0,3.16,11.07,54.93,9.35,5.2,5.22,62.89,23.01,20.93,41.3,23.16,56.46,49.05,38.18,29.93,8.25,-4.14,16.67,6.53,7.69,15.71,,0
MWI,454,Malawi,Sub-Saharan Africa,low_income,2002,11880440,1140.84,0.26,48.18,143.2,3.32,11.12,55.74,9.35,5.6,5.25,62.93,22.96,25.3,41.95,23.56,56.38,49.12,39.26,30.32,8.95,-0.43,16.57,6.94,7.63,15.07,,0
MWI,454,Malawi,Sub-Saharan Africa,low_income,2003,12181574,1176.12,0.26,49.6,130.0,3.47,10.8,56.53,9.36,6.2,5.16,62.91,22.89,27.45,41.55,24.03,56.56,49.22,39.76,31.34,8.43,0.31,14.57,5.45,7.62,14.75,,0
MWI,454,Malawi,Sub-Saharan Africa,low_income,2004,12500737,1208.22,0.25,51.07,118.7,3.62,10.47,57.33,9.36,6.9,4.96,62.87,22.83,29.57,41.15,24.53,56.99,49.3,40.31,31.85,8.46,1.21,13.22,5.23,8.05,14.51,,0
MWI,454,Malawi,Sub-Saharan Africa,low_income,2005,12840031,1214.74,0.28,52.47,109.7,3.77,10.32,58.12,11.64,6.6,4.93,62.81,22.82,31.5,41.25,25.46,57.07,49.32,40.92,32.15,8.77,2.25,12.48,6.07,8.22,14.3,,0
MWI,454,Malawi,Sub-Saharan Africa,low_income,2006,13198701,1237.27,0.29,53.65,102.7,3.93,10.41,58.91,13.92,3.7,4.95,62.67,22.89,33.12,41.99,25.51,57.11,49.22,41.39,32.6,8.8,2.99,12.01,5.37,8.49,14.2,,0
MWI,454,Malawi,Sub-Saharan Africa,low_income,2007,13576343,1318.33,0.3,54.69,96.9,4.08,10.24,59.7,16.19,7.4,4.88,62.45,23.07,34.55,42.04,27.76,57.38,48.96,42.14,33.36,8.78,3.16,10.92,6.05,8.64,14.18,,0
MWI,454,Malawi,Sub-Saharan Africa,low_income,2008,13976417,1378.43,0.31,55.72,91.0,4.23,10.41,60.48,18.45,7.8,4.8,62.22,23.36,36.02,43.0,28.91,57.66,48.53,42.83,33.96,8.87,3.89,10.74,6.01,8.66,13.75,0.0,0
MWI,454,Malawi,Sub-Saharan Africa,low_income,2009,14395788,1449.73,0.29,56.71,85.3,4.38,10.57,61.27,20.7,8.3,4.73,62.0,23.79,37.49,43.96,30.09,57.9,47.93,43.48,34.39,9.09,3.5,10.53,5.94,8.49,13.24,,0
MWI,454,Malawi,Sub-Saharan Africa,low_income,2010,14826463,1504.38,0.3,57.79,80.1,4.53,10.73,62.05,22.95,8.7,4.78,61.76,24.35,39.0,44.92,31.23,57.93,47.16,44.05,35.02,9.03,4.72,10.6,6.95,8.58,12.77,,0
MWI,454,Malawi,Sub-Saharan Africa,low_income,2011,15265022,1533.23,0.38,58.86,74.0,4.69,10.78,62.84,25.19,7.6,4.83,61.52,26.39,40.69,45.57,31.88,57.96,44.46,44.11,35.15,8.96,5.13,10.98,6.57,8.57,12.72,,0
MWI,454,Malawi,Sub-Saharan Africa,low_income,2012,15709577,1518.15,0.36,59.87,67.9,4.84,10.86,63.63,27.42,7.4,4.95,61.4,26.5,42.4,46.29,32.82,57.78,44.33,44.72,34.99,9.73,6.18,11.72,7.59,8.56,14.36,,0
MWI,454,Malawi,Sub-Saharan Africa,low_income,2013,16161816,1555.51,0.31,60.82,62.9,4.99,10.94,64.41,29.65,9.0,4.98,61.26,25.35,43.96,47.02,34.35,57.8,45.81,45.79,36.9,8.89,6.88,11.35,6.84,8.09,11.28,,0
MWI,454,Malawi,Sub-Saharan Africa,low_income,2014,16621538,1597.56,0.3,61.65,60.0,5.14,11.02,65.19,31.86,11.9,4.97,61.11,26.0,45.11,47.74,36.32,57.9,44.97,46.41,37.02,9.39,7.91,11.44,7.9,8.17,10.95,,0
MWI,454,Malawi,Sub-Saharan Africa,low_income,2015,17085587,1597.69,0.29,62.32,57.4,5.29,11.1,65.98,34.07,10.8,4.95,61.01,25.01,46.11,48.47,36.95,57.99,46.27,47.16,36.34,10.82,7.82,11.74,8.29,8.35,18.11,0.0,0
MWI,454,Malawi,Sub-Saharan Africa,low_income,2016,17557739,1593.6,0.28,63.16,55.8,5.28,11.18,66.76,36.27,11.0,5.01,60.95,24.96,47.06,48.66,38.01,57.9,46.33,47.59,37.2,10.39,8.39,11.53,8.98,8.21,16.56,,0
MWI,454,Malawi,Sub-Saharan Africa,low_income,2017,18039715,1613.06,0.3,63.91,53.8,5.27,11.26,67.54,38.46,12.7,5.05,60.88,21.29,48.04,48.85,39.56,57.86,51.64,49.19,37.87,11.32,9.14,11.32,9.7,8.07,19.84,,0
MWI,454,Malawi,Sub-Saharan Africa,low_income,2018,18528081,1638.92,0.29,64.46,52.0,5.26,11.34,68.32,40.64,18.0,5.02,60.8,21.2,48.83,49.05,42.32,57.96,51.78,49.99,38.87,11.12,8.99,10.98,10.21,7.86,19.1,,0
MWI,454,Malawi,Sub-Saharan Africa,low_income,2019,19025752,1687.29,0.29,65.0,51.3,5.25,11.42,69.09,42.8,11.2,4.96,60.69,22.34,49.38,49.24,41.03,58.13,50.04,49.56,39.41,10.15,8.4,10.46,8.13,8.05,15.43,,0
MWI,454,Malawi,Sub-Saharan Africa,low_income,2020,19533888,1656.44,0.27,65.22,50.4,5.24,11.5,69.86,44.96,11.5,5.72,60.65,23.7,49.75,49.44,42.11,56.64,48.06,49.2,39.63,9.57,9.04,9.92,8.15,7.9,14.74,,0
MWI,454,Malawi,Sub-Saharan Africa,low_income,2021,20047258,1687.59,0.31,64.78,50.0,5.24,11.5,70.63,47.11,14.2,5.65,60.1,23.7,49.5,49.44,43.98,57.06,48.06,49.61,39.83,9.78,8.78,9.91,7.9,8.36,14.8,,1
MWI,454,Malawi,Sub-Saharan Africa,low_income,2022,20568728,1659.96,0.27,66.04,50.1,5.24,11.5,71.4,49.24,14.0,5.02,60.06,23.7,50.44,49.44,44.88,58.35,48.06,50.23,39.77,10.46,8.26,10.43,8.53,8.51,14.81,0.0,1
MYS,458,Malaysia,East Asia & Pacific,upper_middle_income,2000,22967816,18532.91,5.69,72.73,9.9,8.42,12.39,96.11,93.09,98.6,3.0,26.21,23.51,73.2,62.48,95.93,80.21,48.32,72.03,68.96,3.07,4.5,-3.46,2.15,12.28,-2.21,3.0,0
MYS,458,Malaysia,East Asia & Pacific,upper_middle_income,2001,23526538,18186.44,5.88,73.08,9.3,8.25,12.32,96.21,93.27,98.6,3.53,26.0,23.33,74.14,61.73,96.03,79.25,48.58,71.95,69.13,2.82,5.09,-5.01,2.15,12.02,-1.6,,0
MYS,458,Malaysia,East Asia & Pacific,upper_middle_income,2002,24102477,18708.87,6.08,73.47,8.8,8.09,12.25,96.32,93.45,98.6,3.48,25.77,23.21,75.04,60.98,96.12,79.48,48.75,72.07,69.68,2.39,5.11,-6.98,2.02,11.92,-1.68,,0
MYS,458,Malaysia,East Asia & Pacific,upper_middle_income,2003,24679602,19329.01,6.34,73.73,8.6,7.92,12.63,96.42,93.62,98.7,3.61,25.51,23.11,75.49,61.48,96.25,79.35,48.9,72.29,70.23,2.06,4.93,-7.55,1.93,11.93,-2.0,,0
MYS,458,Malaysia,East Asia & Pacific,upper_middle_income,2004,25256772,20168.51,6.71,74.03,8.4,7.76,12.71,96.52,93.8,98.7,3.54,25.23,22.96,75.98,61.16,96.34,79.64,49.12,72.45,70.65,1.8,4.81,-8.43,1.93,11.19,-2.0,,0
MYS,458,Malaysia,East Asia & Pacific,upper_middle_income,2005,25836071,20767.59,7.01,74.37,8.3,7.59,12.34,96.62,93.96,98.7,3.53,24.93,22.72,76.37,59.59,96.43,79.82,49.47,72.33,71.02,1.31,4.84,-10.65,2.01,10.23,-1.91,,0
MYS,458,Malaysia,East Asia & Pacific,upper_middle_income,2006,26417909,21444.49,7.11,74.7,8.3,8.08,11.94,96.71,94.13,98.8,3.32,24.62,22.15,76.62,60.13,96.55,80.4,50.32,72.8,71.5,1.31,4.98,-10.57,2.08,9.38,-1.33,,0
MYS,458,Malaysia,East Asia & Pacific,upper_middle_income,2007,26998389,22305.12,7.59,74.96,8.3,8.58,12.17,96.8,94.29,98.9,3.31,24.28,21.16,76.83,62.41,96.66,80.6,51.84,73.67,72.05,1.62,4.77,-8.74,2.13,8.52,-0.14,,0
MYS,458,Malaysia,East Asia & Pacific,upper_middle_income,2008,27570059,22898.0,7.84,75.15,8.2,9.07,12.37,96.89,94.45,99.0,3.34,23.97,19.94,77.1,64.59,96.78,80.7,53.82,74.6,72.69,1.91,4.28,-7.36,1.96,7.63,1.26,3.0,0
MYS,458,Malaysia,East Asia & Pacific,upper_middle_income,2009,28124778,22106.64,7.04,75.27,8.2,9.56,12.55,96.98,94.6,99.3,3.62,23.88,18.68,77.2,66.75,96.96,80.19,56.0,75.42,72.48,2.94,3.56,-5.74,1.9,10.24,2.93,,0
MYS,458,Malaysia,East Asia & Pacific,upper_middle_income,2010,28655776,23307.97,7.52,75.38,8.1,9.7,12.78,97.07,94.75,99.5,3.32,23.76,17.57,77.41,67.84,97.11,80.86,58.05,76.25,72.95,3.3,2.93,-5.49,1.71,11.41,4.57,,0
MYS,458,Malaysia,East Asia & Pacific,upper_middle_income,2011,29162039,24115.82,7.48,75.49,8.1,9.81,12.64,97.14,94.9,99.5,3.05,23.63,16.55,77.5,67.81,97.18,81.46,60.04,76.8,73.47,3.33,2.07,-6.45,1.42,10.66,6.9,,0
MYS,458,Malaysia,East Asia & Pacific,upper_middle_income,2012,29662831,25006.36,7.41,75.55,8.0,9.92,12.87,97.22,95.04,99.8,3.04,23.55,17.91,77.68,68.81,97.35,81.53,57.41,76.55,74.0,2.56,1.42,-6.23,1.41,10.45,2.68,,0
MYS,458,Malaysia,East Asia & Pacific,upper_middle_income,2013,30174265,25736.35,7.86,75.46,8.0,10.03,13.0,97.29,95.18,99.6,3.14,23.43,18.8,77.61,69.56,97.35,81.39,55.8,76.34,74.63,1.71,0.45,-6.68,1.12,9.38,0.56,,0
MYS,458,Malaysia,East Asia & Pacific,upper_middle_income,2014,30696137,26818.43,8.19,75.34,8.1,10.14,13.13,97.36,95.31,99.7,2.88,23.27,17.11,77.39,70.27,97.46,81.99,58.94,77.21,75.66,1.55,-0.68,-6.89,0.83,9.3,2.32,,0
MYS,458,Malaysia,East Asia & Pacific,upper_middle_income,2015,31232798,27699.63,8.1,75.29,8.2,10.26,13.29,97.42,95.45,99.9,3.1,23.11,16.93,77.21,71.09,97.59,81.64,59.29,77.36,76.15,1.21,-1.45,-6.64,0.79,8.23,2.18,3.0,0
MYS,458,Malaysia,East Asia & Pacific,upper_middle_income,2016,31789685,28425.37,7.79,75.37,8.2,10.37,13.46,97.49,95.58,99.9,3.44,22.93,16.39,77.27,71.95,97.66,81.05,60.38,77.66,76.97,0.69,-1.86,-6.19,0.56,6.64,1.36,,0
MYS,458,Malaysia,East Asia & Pacific,upper_middle_income,2017,32355644,29551.55,7.35,75.54,8.2,10.46,13.28,97.55,95.71,100.0,3.41,22.74,14.95,77.41,71.75,97.75,81.21,63.45,78.31,77.52,0.79,-2.39,-6.94,0.53,6.08,3.92,,0
MYS,458,Malaysia,East Asia & Pacific,upper_middle_income,2018,32910967,30459.97,7.73,75.73,8.2,10.55,13.15,97.61,95.81,100.0,3.3,22.57,16.65,77.55,71.7,97.81,81.52,59.84,77.68,77.93,-0.25,-2.78,-7.47,0.44,5.39,0.48,,0
MYS,458,Malaysia,East Asia & Pacific,upper_middle_income,2019,33440596,31300.51,7.63,75.9,8.2,10.65,13.1,97.67,95.94,100.0,3.33,22.39,17.82,77.68,71.87,97.87,81.56,57.58,77.31,78.82,-1.51,-3.16,-7.84,0.3,5.12,-4.41,,0
MYS,458,Malaysia,East Asia & Pacific,upper_middle_income,2020,33889558,29200.45,7.47,76.06,8.2,10.75,12.96,97.73,96.0,100.0,4.54,22.55,16.19,77.8,71.82,97.91,79.05,60.77,77.47,78.43,-0.96,-2.14,-7.9,0.1,5.08,-1.61,,0
MYS,458,Malaysia,East Asia & Pacific,upper_middle_income,2021,34282399,29822.85,7.52,73.92,8.2,10.75,12.93,97.79,96.02,100.0,4.64,22.36,16.19,76.16,71.75,97.93,78.95,60.77,77.11,77.9,-0.79,-2.58,-7.62,0.29,4.82,-0.79,,1
MYS,458,Malaysia,East Asia & Pacific,upper_middle_income,2022,34695493,32129.22,7.98,75.44,8.2,10.75,12.93,97.84,96.02,100.0,3.93,22.25,16.19,77.33,71.75,97.95,80.43,60.77,77.65,79.08,-1.43,-3.24,-8.22,0.05,3.37,-1.47,4.0,1
NAM,516,Namibia,Sub-Saharan Africa,upper_middle_income,2000,1818647,7858.39,1.05,52.95,78.2,5.79,12.03,76.24,27.15,36.5,20.3,37.7,20.44,35.54,52.71,46.63,39.56,53.0,45.49,57.02,-11.53,-19.51,-0.68,-31.77,-19.52,9.81,0.0,0
NAM,516,Namibia,Sub-Saharan Africa,upper_middle_income,2001,1857048,7786.54,1.32,51.98,77.6,5.8,12.04,76.61,27.6,36.0,21.01,37.29,20.38,34.88,52.78,46.74,38.36,53.09,45.17,57.27,-12.1,-20.78,-1.12,-31.46,-19.92,9.92,,0
NAM,516,Namibia,Sub-Saharan Africa,upper_middle_income,2002,1889970,8017.28,1.13,51.99,76.6,5.88,11.76,77.08,28.2,36.9,21.54,36.78,20.25,35.03,52.27,47.39,37.57,53.31,45.11,57.93,-12.82,-21.77,-2.39,-32.01,-20.75,9.95,,0
NAM,516,Namibia,Sub-Saharan Africa,upper_middle_income,2003,1917464,8237.37,1.19,51.92,75.6,5.96,11.81,77.57,28.81,37.8,22.1,36.25,20.09,35.12,52.68,48.06,36.71,53.57,45.23,58.65,-13.42,-22.55,-2.63,-32.48,-22.02,9.99,,0
NAM,516,Namibia,Sub-Saharan Africa,upper_middle_income,2004,1942082,9130.82,1.23,52.18,74.4,6.04,11.7,78.05,29.42,38.7,22.09,35.62,19.96,35.49,52.65,48.72,37.07,53.79,45.54,59.95,-14.41,-23.59,-4.47,-34.0,-22.96,9.41,,0
NAM,516,Namibia,Sub-Saharan Africa,upper_middle_income,2005,1966582,9245.14,1.31,52.56,71.0,6.12,11.6,78.53,30.01,39.6,22.11,35.0,19.91,36.29,52.62,49.38,37.36,53.88,45.91,60.14,-14.24,-23.32,-4.69,-33.4,-23.67,9.69,,0
NAM,516,Namibia,Sub-Saharan Africa,upper_middle_income,2006,1991888,9773.3,1.27,53.18,66.0,6.18,11.38,79.0,30.59,40.5,21.85,34.39,20.0,37.56,52.2,50.03,38.2,53.73,46.35,61.03,-14.69,-22.76,-5.72,-34.25,-24.27,9.49,,0
NAM,516,Namibia,Sub-Saharan Africa,upper_middle_income,2007,2018600,10162.24,1.29,54.03,62.0,6.23,11.44,79.47,31.16,43.7,22.12,33.81,20.26,38.89,52.55,51.44,37.97,53.3,46.83,61.58,-14.75,-22.2,-6.09,-33.03,-25.36,8.93,,0
NAM,516,Namibia,Sub-Saharan Africa,upper_middle_income,2008,2047056,10286.51,1.45,54.74,57.5,6.29,11.46,79.93,31.72,42.4,22.0,33.27,20.66,40.26,52.8,51.35,38.48,52.65,47.11,61.89,-14.78,-21.14,-6.25,-33.62,-25.59,8.23,0.0,0
NAM,516,Namibia,Sub-Saharan Africa,upper_middle_income,2009,2077394,10166.29,1.47,55.35,53.2,6.34,11.49,80.38,32.26,44.1,22.27,32.8,21.18,41.57,53.06,52.25,38.19,51.81,47.38,62.08,-14.7,-20.32,-6.74,-33.14,-24.99,6.97,,0
NAM,516,Namibia,Sub-Saharan Africa,upper_middle_income,2010,2109811,10614.62,1.27,56.09,50.3,6.4,11.51,80.83,32.79,44.4,22.12,32.37,21.8,42.75,53.31,52.67,38.72,50.85,47.66,62.79,-15.13,-19.83,-7.34,-33.41,-24.33,5.68,,0
NAM,516,Namibia,Sub-Saharan Africa,upper_middle_income,2011,2146325,10965.27,1.33,56.65,50.0,6.52,11.54,81.27,33.3,42.3,19.48,32.19,23.09,43.24,53.77,52.29,44.1,48.92,48.46,63.29,-14.83,-19.94,-7.87,-34.71,-19.17,4.83,,0
NAM,516,Namibia,Sub-Saharan Africa,upper_middle_income,2012,2194654,11266.61,1.36,57.73,52.6,6.63,11.56,81.71,33.81,46.4,16.77,31.9,22.56,43.53,54.23,53.97,49.67,49.71,50.22,63.52,-13.3,-19.76,-8.22,-33.26,-13.77,5.12,,0
NAM,516,Namibia,Sub-Saharan Africa,upper_middle_income,2013,2252508,11593.58,1.38,58.47,50.8,6.75,11.59,82.14,34.31,47.4,19.03,33.04,21.57,44.47,54.69,54.61,44.55,51.2,49.91,63.91,-14.01,-19.41,-8.47,-33.06,-19.43,6.41,,0
NAM,516,Namibia,Sub-Saharan Africa,upper_middle_income,2014,2312139,11982.7,1.39,59.31,50.0,6.87,11.61,82.56,34.78,48.4,18.52,30.29,21.06,45.29,55.15,55.25,47.02,52.01,50.94,64.87,-13.93,-19.41,-9.01,-33.37,-16.41,6.05,,0
NAM,516,Namibia,Sub-Saharan Africa,upper_middle_income,2015,2374300,12166.57,1.5,60.01,51.8,6.99,11.64,82.97,35.24,51.6,20.79,27.75,22.12,45.44,55.61,56.6,43.81,50.36,50.37,64.88,-14.51,-19.78,-9.07,-32.59,-19.2,5.16,1.0,0
NAM,516,Namibia,Sub-Saharan Africa,upper_middle_income,2016,2439213,11846.79,1.6,60.81,51.4,7.04,11.66,83.37,35.68,49.7,23.35,25.24,21.06,46.14,55.85,56.25,40.01,52.0,50.05,64.5,-14.45,-18.67,-8.47,-31.91,-23.09,6.42,,0
NAM,516,Namibia,Sub-Saharan Africa,upper_middle_income,2017,2506853,11408.73,1.5,61.66,49.8,7.09,11.69,83.76,36.1,52.5,21.75,28.24,19.74,47.14,56.09,57.45,41.64,54.16,51.3,64.1,-12.81,-17.1,-7.37,-30.05,-20.59,8.21,,0
NAM,516,Namibia,Sub-Saharan Africa,upper_middle_income,2018,2577327,11214.39,1.48,62.58,48.5,7.14,11.71,84.13,36.49,52.3,19.88,31.23,19.97,48.14,56.33,57.64,43.81,53.77,51.94,63.72,-11.78,-15.88,-6.74,-29.17,-18.82,8.73,,0
NAM,516,Namibia,Sub-Saharan Africa,upper_middle_income,2019,2650494,10813.3,1.46,63.55,46.6,7.19,11.73,84.55,36.91,53.3,19.93,31.16,19.39,49.31,56.57,58.26,43.74,54.76,52.53,63.68,-11.15,-14.21,-6.13,-27.92,-18.48,8.84,,0
NAM,516,Namibia,Sub-Saharan Africa,upper_middle_income,2020,2728762,9652.25,1.3,64.07,44.8,7.24,11.76,84.97,37.31,52.3,21.0,31.43,19.99,50.14,56.81,58.19,41.45,53.73,52.07,62.76,-10.69,-12.01,-5.3,-27.2,-17.8,7.67,,0
NAM,516,Namibia,Sub-Saharan Africa,upper_middle_income,2021,2810548,9709.1,1.32,60.85,43.2,7.24,11.76,85.37,37.7,55.2,20.93,30.83,19.99,48.06,56.81,59.42,41.91,53.73,51.99,62.25,-10.26,-13.1,-4.88,-25.74,-18.31,8.21,,1
NAM,516,Namibia,Sub-Saharan Africa,upper_middle_income,2022,2889662,9953.1,1.24,64.19,41.6,7.24,11.76,85.76,38.06,56.2,19.61,30.69,19.99,51.04,56.81,60.01,44.62,53.73,53.24,63.29,-10.05,-12.21,-5.25,-26.0,-18.11,8.14,1.0,1
NER,562,Niger,Sub-Saharan Africa,low_income,2000,11509630,1190.57,0.06,49.17,227.9,1.16,2.71,36.55,6.49,6.5,1.43,84.57,86.47,22.44,11.4,16.51,52.64,4.85,21.57,30.25,-8.68,-2.74,-12.97,-1.91,3.69,-28.27,0.0,0
NER,562,Niger,Sub-Saharan Africa,low_income,2001,11920647,1233.07,0.06,49.87,217.4,1.2,2.8,37.36,6.91,8.4,1.47,84.55,87.1,22.98,11.78,17.56,52.56,4.61,21.9,30.7,-8.8,-3.07,-13.77,-0.93,3.58,-28.69,,0
NER,562,Niger,Sub-Saharan Africa,low_income,2002,12349144,1248.82,0.06,50.64,205.9,1.25,2.89,38.11,7.31,8.8,1.81,84.52,87.67,23.57,12.16,18.07,51.9,4.39,22.02,31.29,-9.27,-3.4,-14.39,-0.98,2.85,-29.58,,0
NER,562,Niger,Sub-Saharan Africa,low_income,2003,12796984,1231.28,0.06,51.54,194.1,1.29,2.97,38.86,7.71,9.3,2.14,84.5,88.14,24.59,12.54,18.62,51.23,4.22,22.24,31.82,-9.58,-3.15,-15.01,-1.19,2.13,-30.23,,0
NER,562,Niger,Sub-Saharan Africa,low_income,2004,13265836,1192.08,0.06,52.4,182.4,1.33,3.3,39.6,8.11,9.7,2.75,84.54,88.45,25.92,13.61,19.14,50.0,4.1,22.55,31.7,-9.15,-2.27,-14.16,0.2,1.13,-30.7,,0
NER,562,Niger,Sub-Saharan Africa,low_income,2005,13756192,1233.88,0.06,53.32,171.4,1.37,3.53,40.33,8.51,7.1,3.1,84.55,88.58,27.31,14.38,18.65,49.3,4.05,22.74,32.32,-9.59,-2.13,-14.58,-1.18,0.37,-30.97,,0
NER,562,Niger,Sub-Saharan Africa,low_income,2006,14268581,1260.12,0.06,54.22,161.6,1.4,3.67,41.06,8.91,9.3,2.53,84.54,88.53,28.64,14.88,19.76,50.45,4.07,23.56,32.8,-9.24,-1.71,-15.3,-0.91,1.73,-30.96,,0
NER,562,Niger,Sub-Saharan Africa,low_income,2007,14803610,1252.75,0.06,55.06,153.1,1.44,3.8,41.78,9.31,11.2,2.02,84.53,88.37,29.87,15.35,20.76,51.47,4.13,24.31,32.79,-8.48,-0.9,-15.21,0.51,3.02,-30.63,,0
NER,562,Niger,Sub-Saharan Africa,low_income,2008,15361915,1300.55,0.06,55.85,146.0,1.47,4.04,42.49,9.71,11.8,1.58,84.58,88.19,31.0,16.11,21.33,52.32,4.2,24.99,33.28,-8.29,-0.44,-15.52,0.17,3.67,-30.52,0.0,0
NER,562,Niger,Sub-Saharan Africa,low_income,2009,15943675,1277.69,0.07,56.49,140.3,1.5,4.28,43.2,10.1,12.3,1.21,84.76,88.03,31.92,16.89,21.87,52.97,4.25,25.58,32.88,-7.3,-0.64,-15.16,1.55,4.29,-30.27,,0
NER,562,Niger,Sub-Saharan Africa,low_income,2010,16548835,1336.56,0.09,57.08,136.0,1.53,4.61,43.9,10.5,13.6,0.72,84.92,87.98,32.71,17.9,22.66,53.87,4.27,26.28,33.62,-7.34,-0.19,-15.15,1.97,5.2,-29.91,,0
NER,562,Niger,Sub-Saharan Africa,low_income,2011,17176283,1318.1,0.09,57.6,132.7,1.58,4.89,44.59,10.89,14.3,0.32,85.04,90.97,33.38,18.87,23.26,54.61,3.16,26.65,33.33,-6.68,-0.49,-14.07,2.48,6.06,-28.26,,0
NER,562,Niger,Sub-Saharan Africa,low_income,2012,17836769,1403.19,0.12,57.99,130.3,1.64,5.12,45.28,11.28,14.4,2.18,86.59,88.57,33.87,19.69,23.65,50.07,4.05,26.27,34.07,-7.8,-1.51,-14.02,0.79,1.27,-25.74,,0
NER,562,Niger,Sub-Saharan Africa,low_income,2013,18519898,1423.26,0.11,58.36,128.3,1.57,5.36,45.96,11.67,15.2,1.4,88.2,74.59,34.33,20.13,24.28,50.78,9.79,27.86,35.93,-8.07,-1.8,-14.63,-0.68,1.53,-24.7,,0
NER,562,Niger,Sub-Saharan Africa,low_income,2014,19215909,1462.82,0.11,58.69,126.8,1.51,5.6,46.64,12.06,15.7,0.52,89.8,71.65,34.71,20.58,24.8,51.69,11.13,28.58,36.02,-7.44,-1.49,-14.84,-1.1,2.43,-22.73,,0
NER,562,Niger,Sub-Saharan Africa,low_income,2015,19939498,1471.66,0.11,58.85,125.4,1.44,5.84,47.32,12.46,16.6,0.56,89.67,107.14,34.95,21.02,25.46,51.69,0.0,26.62,35.39,-8.77,-2.48,-14.89,-0.81,2.49,-27.9,0.0,0
NER,562,Niger,Sub-Saharan Africa,low_income,2016,20685753,1500.01,0.1,59.23,124.3,1.38,6.14,48.0,12.87,17.0,0.55,89.56,104.91,35.34,21.63,25.96,51.77,0.0,26.94,36.52,-9.58,-2.69,-14.9,-1.36,2.41,-29.59,,0
NER,562,Niger,Sub-Saharan Africa,low_income,2017,21435446,1520.0,0.09,59.52,123.1,1.31,6.33,48.68,13.27,17.6,0.56,89.44,88.79,35.67,21.95,26.52,51.82,3.97,27.99,37.2,-9.21,-2.58,-15.0,-1.63,2.36,-27.66,,0
NER,562,Niger,Sub-Saharan Africa,low_income,2018,22188069,1574.34,0.09,59.76,121.9,1.25,6.6,49.36,13.69,17.6,0.54,87.27,86.02,35.96,22.49,26.88,52.99,5.03,28.67,38.44,-9.76,-3.46,-15.18,-4.1,3.13,-27.58,,0
NER,562,Niger,Sub-Saharan Africa,low_income,2019,22947757,1612.64,0.1,60.03,120.8,1.29,6.89,50.05,14.11,18.5,0.53,85.19,72.47,36.27,23.45,27.55,54.1,10.75,30.42,38.9,-8.48,-4.27,-14.89,-4.07,4.28,-23.78,,0
NER,562,Niger,Sub-Saharan Africa,low_income,2020,23717613,1615.69,0.1,59.89,119.5,1.34,7.19,50.73,14.54,18.7,0.59,85.43,85.12,36.28,24.43,27.99,53.85,5.38,29.59,39.35,-9.76,-4.16,-14.83,-5.25,5.24,-27.86,,0
NER,562,Niger,Sub-Saharan Africa,low_income,2021,24502140,1585.6,0.12,59.54,118.0,1.34,7.19,51.4,14.97,18.6,0.81,84.74,85.12,36.15,24.43,28.33,53.79,5.38,29.61,39.13,-9.52,-3.93,-14.46,-6.01,5.45,-27.67,,1
NER,562,Niger,Sub-Saharan Africa,low_income,2022,25311973,1717.52,0.13,60.4,116.0,1.34,7.19,52.08,15.42,19.5,0.4,84.36,85.12,36.99,24.43,29.0,54.79,5.38,30.12,40.17,-10.06,-5.54,-14.93,-8.29,4.74,-27.99,0.0,1
NGA,566,Nigeria,Sub-Saharan Africa,lower_middle_income,2000,126382494,4889.0,0.79,47.14,177.3,4.72,8.05,44.48,27.99,43.2,3.95,73.91,67.6,22.19,38.1,38.56,53.19,13.07,33.02,48.98,-15.96,-24.84,-7.37,-23.27,-2.0,-24.89,0.0,1
NGA,566,Nigeria,Sub-Saharan Africa,lower_middle_income,2001,129862595,5039.55,0.82,47.55,170.5,4.72,7.73,45.77,28.03,43.9,3.9,73.81,66.49,22.92,37.21,39.23,53.35,13.63,33.27,49.63,-16.37,-25.17,-9.09,-23.44,-1.55,-24.52,,1
NGA,566,Nigeria,Sub-Saharan Africa,lower_middle_income,2002,133471989,5654.9,0.72,48.02,163.9,4.72,8.03,47.32,28.69,44.6,3.67,73.44,63.73,23.72,38.05,40.2,54.01,15.04,34.2,52.04,-17.83,-27.09,-10.63,-27.13,-1.89,-24.56,,1
NGA,566,Nigeria,Sub-Saharan Africa,lower_middle_income,2003,137202644,5905.31,0.78,48.62,157.4,4.72,8.47,48.89,29.36,52.2,3.64,72.84,60.23,24.61,39.28,43.48,54.39,16.92,35.74,53.05,-17.31,-27.24,-10.4,-25.88,-2.07,-23.08,,0
NGA,566,Nigeria,Sub-Saharan Africa,lower_middle_income,2004,141057045,6275.3,0.74,49.15,151.4,4.93,8.91,50.46,30.05,46.1,3.59,72.23,56.9,25.44,41.21,42.21,54.8,18.82,36.5,53.97,-17.47,-27.22,-9.84,-28.79,-2.59,-21.77,,0
NGA,566,Nigeria,Sub-Saharan Africa,lower_middle_income,2005,145017253,6496.93,0.71,49.54,145.8,5.14,8.96,52.04,30.77,46.8,3.73,71.73,54.62,26.15,42.03,43.2,54.79,20.19,37.27,54.63,-17.36,-27.49,-9.64,-28.98,-3.63,-20.56,,0
NGA,566,Nigeria,Sub-Saharan Africa,lower_middle_income,2006,149077334,6702.95,0.62,49.88,140.9,5.35,8.81,53.63,31.51,47.6,3.75,71.31,53.16,26.78,42.3,44.25,54.97,21.09,37.88,55.32,-17.44,-27.47,-9.83,-29.04,-4.63,-19.63,,0
NGA,566,Nigeria,Sub-Saharan Africa,lower_middle_income,2007,153267261,6949.43,0.55,50.38,136.5,5.56,8.65,55.22,32.27,50.1,3.79,70.89,51.79,27.52,42.56,45.86,55.1,21.97,38.6,55.9,-17.3,-27.59,-10.35,-27.75,-5.25,-18.98,,0
NGA,566,Nigeria,Sub-Saharan Africa,lower_middle_income,2008,157595014,7215.77,0.58,50.75,132.5,5.77,8.49,56.83,33.05,50.3,3.79,70.44,50.63,28.12,42.82,46.73,55.34,22.72,39.15,56.67,-17.52,-27.71,-10.86,-28.41,-5.76,-18.47,0.0,0
NGA,566,Nigeria,Sub-Saharan Africa,lower_middle_income,2009,162049464,7581.41,0.5,51.08,129.2,5.8,8.34,58.43,33.86,50.0,3.76,70.11,49.83,28.65,42.51,47.43,55.57,23.25,39.48,57.77,-18.29,-28.58,-12.77,-29.68,-5.52,-18.92,,0
NGA,566,Nigeria,Sub-Saharan Africa,lower_middle_income,2010,166642886,7962.64,0.57,51.32,126.3,5.84,8.18,60.04,34.69,48.0,3.74,69.5,49.54,29.08,42.19,47.58,55.93,23.45,39.65,58.66,-19.01,-28.97,-14.09,-30.33,-5.2,-19.13,,0
NGA,566,Nigeria,Sub-Saharan Africa,lower_middle_income,2011,171379598,8153.53,0.61,51.49,123.8,5.88,8.47,61.66,35.55,55.9,3.77,68.99,55.06,29.43,43.11,51.04,56.15,19.92,39.93,58.98,-19.05,-29.03,-13.93,-27.14,-4.96,-21.25,,0
NGA,566,Nigeria,Sub-Saharan Africa,lower_middle_income,2012,176200625,8265.91,0.58,51.69,121.6,5.91,8.68,63.27,36.43,53.0,3.76,68.68,59.33,29.78,43.82,50.9,56.33,17.43,39.65,58.92,-19.27,-28.67,-13.68,-27.24,-4.76,-23.61,,0
NGA,566,Nigeria,Sub-Saharan Africa,lower_middle_income,2013,181049443,8581.21,0.63,51.83,119.9,5.95,8.89,64.89,37.34,55.6,3.71,68.37,48.14,30.04,44.52,52.61,56.59,24.4,41.63,59.5,-17.86,-29.1,-13.51,-26.32,-4.94,-17.32,,0
NGA,566,Nigeria,Sub-Saharan Africa,lower_middle_income,2014,185896915,8884.77,0.66,51.94,118.7,6.3,9.1,66.5,38.27,54.2,3.9,68.05,48.18,30.23,46.26,52.99,56.38,24.37,42.05,60.36,-18.31,-29.79,-12.57,-27.02,-4.84,-18.71,,0
NGA,566,Nigeria,Sub-Saharan Africa,lower_middle_income,2015,190671878,8892.06,0.62,51.94,117.8,6.65,9.31,68.12,39.22,52.5,4.13,67.89,77.12,30.32,48.01,53.28,56.0,8.67,39.26,60.13,-20.88,-29.95,-11.11,-27.16,-4.72,-32.65,0.0,0
NGA,566,Nigeria,Sub-Saharan Africa,lower_middle_income,2016,195443700,8534.69,0.63,52.19,117.4,7.0,9.52,69.74,40.2,59.3,4.5,67.75,65.43,30.54,49.76,56.41,55.34,14.16,41.24,59.58,-18.33,-29.2,-8.73,-22.42,-5.35,-27.61,,0
NGA,566,Nigeria,Sub-Saharan Africa,lower_middle_income,2017,200254579,8396.78,0.58,52.4,117.2,6.96,9.73,71.36,41.2,54.4,4.83,67.44,63.21,30.72,50.21,55.65,54.85,15.31,41.35,59.6,-18.25,-28.8,-7.84,-23.33,-5.38,-27.42,,0
NGA,566,Nigeria,Sub-Saharan Africa,lower_middle_income,2018,204938755,8362.62,0.59,52.67,117.2,6.92,9.94,72.98,42.23,56.5,5.07,67.14,57.02,30.93,50.67,57.24,54.52,18.75,42.42,59.44,-17.02,-28.65,-7.38,-21.55,-6.16,-23.3,,0
NGA,566,Nigeria,Sub-Saharan Africa,lower_middle_income,2019,209485641,8361.79,0.6,53.01,117.4,7.19,10.13,74.6,43.28,55.4,5.21,66.9,51.72,31.18,52.11,57.76,54.38,22.01,43.49,59.97,-16.48,-28.54,-6.23,-21.31,-6.17,-21.25,,0
NGA,566,Nigeria,Sub-Saharan Africa,lower_middle_income,2020,213996181,7664.21,0.56,53.07,117.4,7.39,10.32,76.22,44.35,55.4,5.71,67.96,56.53,31.22,53.3,58.66,52.81,19.04,43.01,59.37,-16.36,-27.72,-4.89,-20.44,-4.93,-24.44,,0
NGA,566,Nigeria,Sub-Saharan Africa,lower_middle_income,2021,218529286,7588.48,0.6,53.46,117.6,7.59,10.51,77.84,45.45,59.5,5.4,67.42,56.53,31.5,54.49,60.93,53.71,19.04,43.93,58.69,-14.76,-26.4,-3.14,-17.53,-4.77,-23.79,,1
NGA,566,Nigeria,Sub-Saharan Africa,lower_middle_income,2022,223150896,7752.26,0.58,54.08,117.5,7.59,10.51,79.46,46.57,60.5,3.83,67.25,56.53,31.99,54.49,62.18,56.95,19.04,44.93,59.76,-14.83,-27.89,-3.52,-17.2,-3.76,-23.97,0.0,1
NLD,528,Netherlands,Europe & Central Asia,high_income,2000,15925513,56016.87,11.11,77.99,6.2,11.79,16.54,100.0,98.06,100.0,2.72,8.64,19.16,82.32,85.23,99.35,90.01,55.16,82.41,80.29,2.13,0.29,6.95,-0.55,4.44,-3.33,4.0,0
NLD,528,Netherlands,Europe & Central Asia,high_income,2001,16046180,56887.43,11.31,78.19,6.0,11.79,16.6,100.0,98.03,100.0,2.12,8.66,18.81,82.83,85.4,99.34,91.2,55.77,82.91,81.27,1.64,-0.11,5.86,-0.63,4.85,-3.67,,0
NLD,528,Netherlands,Europe & Central Asia,high_income,2002,16148929,56664.41,11.26,78.29,5.9,11.79,16.26,100.0,98.0,100.0,2.55,8.73,18.42,83.09,84.46,99.33,90.3,56.48,82.73,81.45,1.28,-0.28,4.51,-0.58,4.68,-4.31,,0
NLD,528,Netherlands,Europe & Central Asia,high_income,2003,16225302,56452.87,11.36,78.49,5.7,11.79,16.36,100.0,97.97,100.0,3.59,8.49,18.02,83.62,84.73,99.32,88.34,57.21,82.65,81.36,1.29,0.1,4.28,-0.45,3.69,-4.12,,0
NLD,528,Netherlands,Europe & Central Asia,high_income,2004,16281779,57391.36,11.47,79.1,5.5,11.79,16.3,100.0,97.94,100.0,4.65,9.04,17.65,84.47,84.56,99.31,85.95,57.9,82.44,81.53,0.91,0.4,4.1,-0.35,1.72,-4.43,,0
NLD,528,Netherlands,Europe & Central Asia,high_income,2005,16319868,58422.01,11.16,79.35,5.3,11.79,16.43,100.0,97.92,100.0,5.87,10.36,17.34,85.07,84.94,99.31,82.8,58.49,82.12,81.87,0.25,0.55,3.48,-0.32,-1.46,-4.87,,0
NLD,528,Netherlands,Europe & Central Asia,high_income,2006,16346101,60391.54,10.87,79.7,5.1,11.89,16.55,100.0,97.89,100.0,5.01,10.65,17.09,85.76,85.61,99.3,84.38,58.98,82.8,82.79,0.01,0.58,3.4,-0.35,-0.92,-5.42,,0
NLD,528,Netherlands,Europe & Central Asia,high_income,2007,16381696,62601.62,10.92,80.1,4.9,11.99,16.69,100.0,97.87,100.0,4.15,10.74,16.86,86.5,86.32,99.29,86.04,59.43,83.51,84.01,-0.49,0.5,3.15,-0.43,-0.73,-6.17,,0
NLD,528,Netherlands,Europe & Central Asia,high_income,2008,16445593,63678.4,10.94,80.25,4.7,11.91,16.8,100.0,97.85,100.0,3.66,10.86,16.65,87.07,86.37,99.28,86.97,59.83,83.91,84.59,-0.69,0.26,2.75,-0.5,-0.3,-6.75,4.0,0
NLD,528,Netherlands,Europe & Central Asia,high_income,2009,16530388,61029.73,10.57,80.55,4.6,11.94,16.85,100.0,97.83,100.0,4.35,11.28,16.47,87.53,86.59,99.28,85.36,60.21,83.79,83.79,0.01,0.08,3.06,-0.52,0.94,-7.3,,0
NLD,528,Netherlands,Europe & Central Asia,high_income,2010,16615394,61518.55,11.2,80.7,4.4,11.98,17.02,100.0,97.81,100.0,4.99,11.01,16.3,88.13,87.21,99.27,84.22,60.55,83.88,84.03,-0.16,0.33,3.05,-0.47,0.36,-7.37,,0
NLD,528,Netherlands,Europe & Central Asia,high_income,2011,16693074,62318.14,10.43,81.2,4.3,11.96,17.88,100.0,97.79,100.0,4.98,11.15,16.16,88.77,89.53,99.26,84.18,60.84,84.52,84.54,-0.03,0.53,4.69,-0.41,-0.33,-5.41,,0
NLD,528,Netherlands,Europe & Central Asia,high_income,2012,16754962,61480.81,10.24,81.1,4.2,12.02,17.94,100.0,97.77,100.0,5.82,11.28,14.37,88.95,89.91,99.26,82.42,64.77,85.06,84.72,0.34,0.73,4.8,-0.37,-1.91,-4.89,,0
NLD,528,Netherlands,Europe & Central Asia,high_income,2013,16804432,61281.29,10.08,81.3,4.2,12.07,18.05,100.0,97.76,100.0,7.24,12.0,13.28,89.1,90.22,99.25,79.2,67.38,85.03,85.08,-0.04,0.69,3.91,-0.35,-4.94,-4.19,,0
NLD,528,Netherlands,Europe & Central Asia,high_income,2014,16865008,62045.86,9.59,81.71,4.1,12.09,18.16,100.0,97.75,100.0,7.42,12.18,12.61,89.67,90.31,99.25,78.75,69.11,85.42,85.63,-0.21,0.77,3.83,-0.32,-5.74,-3.44,,0
NLD,528,Netherlands,Europe & Central Asia,high_income,2015,16939923,63081.39,10.0,81.51,4.1,12.14,18.27,100.0,97.74,100.0,6.87,12.29,13.13,89.52,90.45,99.25,79.79,67.76,85.35,85.7,-0.35,0.39,3.42,-0.3,-5.15,-4.49,4.0,0
NLD,528,Netherlands,Europe & Central Asia,high_income,2016,17030314,64267.74,10.03,81.56,4.1,12.18,18.14,100.0,97.72,100.0,6.01,12.21,11.96,89.56,90.61,99.24,81.56,70.89,86.37,86.9,-0.52,-0.26,2.94,-0.34,-3.97,-4.66,,0
NLD,528,Netherlands,Europe & Central Asia,high_income,2017,17131296,65666.0,9.82,81.76,4.0,12.25,18.4,100.0,97.71,100.0,4.84,12.02,12.72,89.98,90.85,99.24,84.0,68.84,86.58,87.2,-0.62,-0.33,2.58,-0.36,-2.42,-5.56,,0
NLD,528,Netherlands,Europe & Central Asia,high_income,2018,17231624,66758.26,9.46,81.81,4.0,12.32,18.33,100.0,97.7,100.0,3.83,12.02,12.07,90.02,91.08,99.23,86.01,70.58,87.38,87.7,-0.32,-0.53,2.26,-0.34,-1.57,-4.45,,0
NLD,528,Netherlands,Europe & Central Asia,high_income,2019,17344874,67847.85,9.11,82.11,4.0,12.45,18.37,100.0,97.69,100.0,3.38,11.86,11.36,90.25,91.51,99.23,87.0,72.59,88.12,88.38,-0.26,-0.78,2.02,-0.33,-1.31,-4.62,,0
NLD,528,Netherlands,Europe & Central Asia,high_income,2020,17441500,64862.19,8.15,81.36,4.0,12.58,18.41,100.0,97.69,100.0,3.82,12.94,10.89,89.67,91.94,99.23,85.55,74.02,88.08,88.37,-0.29,-1.0,1.67,-0.3,-0.66,-4.05,,0
NLD,528,Netherlands,Europe & Central Asia,high_income,2021,17533044,68573.56,8.32,81.31,4.0,12.58,18.58,100.0,97.68,100.0,4.21,12.76,10.89,89.64,91.94,99.23,84.86,74.02,87.94,88.17,-0.24,-0.83,1.62,-0.27,-1.73,-3.61,,1
NLD,528,Netherlands,Europe & Central Asia,high_income,2022,17700982,71324.04,7.52,81.61,4.0,12.58,18.58,100.0,97.67,100.0,3.53,13.39,10.89,89.87,91.94,99.22,85.9,74.02,88.19,88.72,-0.53,-0.98,1.68,-0.3,-2.67,-3.84,4.0,1
NOR,578,Norway,Europe & Central Asia,high_income,2000,4490967,77587.21,9.3,78.63,4.9,11.93,17.43,100.0,98.07,100.0,3.46,5.7,10.47,85.37,88.17,99.36,90.08,75.32,87.66,83.22,4.44,-0.11,6.84,-2.06,-0.94,14.94,4.0,0
NOR,578,Norway,Europe & Central Asia,high_income,2001,4513751,78791.3,9.37,78.79,4.7,12.0,17.03,100.0,98.07,100.0,3.74,5.8,10.19,85.94,87.32,99.36,89.47,76.24,87.67,84.41,3.25,-0.55,4.62,-2.12,-2.53,14.49,,0
NOR,578,Norway,Europe & Central Asia,high_income,2002,4538159,79447.09,9.16,78.99,4.6,12.08,17.09,100.0,98.07,100.0,4.02,5.75,9.77,86.33,87.73,99.36,88.93,77.63,88.0,84.68,3.32,-0.69,4.74,-2.06,-2.34,13.89,,0
NOR,578,Norway,Europe & Central Asia,high_income,2003,4564855,79728.78,9.74,79.39,4.4,12.15,17.42,100.0,98.07,100.0,4.22,5.85,9.31,87.12,88.9,99.36,88.48,79.25,88.62,84.5,4.12,-0.06,5.55,-1.87,-1.94,14.75,,0
NOR,578,Norway,Europe & Central Asia,high_income,2004,4591910,82440.96,9.78,79.84,4.2,12.23,17.56,100.0,98.07,100.0,4.26,5.72,8.88,87.98,89.53,99.36,88.48,80.81,89.23,84.73,4.5,0.09,6.34,-1.78,-1.4,14.74,,0
NOR,578,Norway,Europe & Central Asia,high_income,2005,4623291,84080.0,9.37,80.04,4.1,12.28,17.44,100.0,98.07,100.0,4.38,5.6,8.58,88.39,89.37,99.36,88.29,81.96,89.48,85.06,4.41,-0.0,5.07,-1.73,-1.33,14.39,,0
NOR,578,Norway,Europe & Central Asia,high_income,2006,4660677,85458.55,9.44,80.34,3.9,12.37,17.53,100.0,98.07,100.0,3.4,6.5,8.37,89.17,89.92,99.36,89.79,82.79,90.2,85.96,4.24,0.16,4.99,-1.66,-0.37,14.06,,0
NOR,578,Norway,Europe & Central Asia,high_income,2007,4709153,87043.5,9.54,80.4,3.7,12.41,17.54,100.0,98.07,100.0,2.49,5.88,8.17,89.78,90.09,99.36,91.92,83.6,90.95,87.36,3.59,-0.14,4.01,-1.73,0.56,13.53,,0
NOR,578,Norway,Europe & Central Asia,high_income,2008,4768212,86379.66,9.88,80.59,3.6,12.48,17.38,100.0,98.06,100.0,2.52,5.95,8.01,90.23,89.88,99.35,91.83,84.28,91.11,87.66,3.45,-0.2,3.71,-1.66,0.44,13.45,4.0,0
NOR,578,Norway,Europe & Central Asia,high_income,2009,4828726,83642.07,9.35,80.8,3.4,12.5,17.36,100.0,98.06,100.0,3.1,6.1,7.89,91.0,89.89,99.35,90.59,84.76,91.12,86.77,4.35,-0.09,3.93,-1.66,1.46,12.75,,0
NOR,578,Norway,Europe & Central Asia,high_income,2010,4889252,83256.79,9.81,81.0,3.3,12.55,17.53,100.0,98.06,100.0,3.53,5.47,7.85,91.48,90.52,99.35,90.07,84.94,91.27,87.03,4.25,0.28,4.02,-1.45,1.52,12.58,,0
NOR,578,Norway,Europe & Central Asia,high_income,2011,4953088,83092.43,9.48,81.3,3.1,12.61,17.52,100.0,98.06,100.0,3.2,5.6,8.66,92.39,90.69,99.35,90.66,81.67,90.95,87.51,3.44,1.15,3.73,-1.19,1.94,11.69,,0
NOR,578,Norway,Europe & Central Asia,high_income,2012,5018573,84237.15,9.24,81.45,3.0,12.64,17.45,100.0,98.06,100.0,3.13,5.04,7.31,92.87,90.63,99.35,91.09,87.34,92.25,87.92,4.34,1.53,3.24,-1.21,2.03,12.95,,0
NOR,578,Norway,Europe & Central Asia,high_income,2013,5079623,84070.46,9.23,81.75,2.9,12.68,17.66,100.0,98.06,100.0,3.42,5.04,7.03,93.47,91.31,99.35,90.5,88.64,92.65,88.33,4.32,1.99,2.48,-1.13,1.78,11.55,,0
NOR,578,Norway,Europe & Central Asia,high_income,2014,5137232,84830.26,9.15,82.1,2.8,12.71,17.68,100.0,98.06,100.0,3.49,5.47,7.09,94.12,91.5,99.35,90.15,88.33,92.69,88.85,3.84,2.15,2.56,-1.01,1.29,10.16,,0
NOR,578,Norway,Europe & Central Asia,high_income,2015,5188607,85550.29,9.24,82.3,2.7,12.77,17.78,100.0,98.06,100.0,4.3,5.27,6.75,94.67,91.96,99.35,88.63,89.97,92.92,88.74,4.18,2.42,2.27,-0.93,-0.36,12.48,4.0,0
NOR,578,Norway,Europe & Central Asia,high_income,2016,5234519,85787.62,9.05,82.41,2.6,12.82,17.95,100.0,98.06,100.0,4.68,5.18,6.23,95.16,92.59,99.35,87.91,92.66,93.53,89.96,3.58,2.21,2.17,-0.89,-1.25,11.67,,0
NOR,578,Norway,Europe & Central Asia,high_income,2017,5276968,87194.11,8.98,82.61,2.5,12.95,18.06,100.0,98.05,100.0,4.16,4.85,6.52,95.74,93.16,99.35,89.12,91.13,93.7,90.18,3.52,2.25,2.06,-0.86,-0.75,11.86,,0
NOR,578,Norway,Europe & Central Asia,high_income,2018,5311916,87338.47,8.78,82.76,2.5,12.98,18.15,100.0,98.05,100.0,3.8,4.67,6.7,95.85,93.25,99.35,89.94,90.25,93.73,90.65,3.08,2.3,1.64,-0.79,-0.96,10.18,,0
NOR,578,Norway,Europe & Central Asia,high_income,2019,5347896,87725.73,8.48,82.96,2.4,13.0,18.24,100.0,98.05,100.0,3.68,4.56,6.38,96.45,93.35,99.35,90.23,91.86,94.25,91.17,3.08,2.48,1.03,-0.72,-1.43,9.91,,0
NOR,578,Norway,Europe & Central Asia,high_income,2020,5379475,86096.05,8.12,83.21,2.4,13.06,18.31,100.0,98.05,100.0,4.42,4.43,6.06,96.64,93.54,99.35,88.82,93.6,94.39,91.5,2.89,2.71,-0.04,-0.63,-1.09,10.28,,0
NOR,578,Norway,Europe & Central Asia,high_income,2021,5408320,88984.14,8.21,83.16,2.4,13.06,18.64,100.0,98.05,100.0,4.36,4.27,6.06,96.61,93.54,99.35,89.04,93.6,94.43,90.89,3.54,3.07,0.33,-0.53,-0.77,11.41,,1
NOR,578,Norway,Europe & Central Asia,high_income,2022,5457127,91051.08,7.98,82.51,2.4,13.06,18.64,100.0,98.05,100.0,3.23,4.26,6.06,96.1,93.54,99.35,91.3,93.6,94.78,91.29,3.49,2.55,0.56,-0.53,-0.35,11.37,4.0,1
NPL,524,Nepal,South Asia,low_income,2000,24546509,2340.82,0.14,62.64,78.7,2.75,8.58,79.49,14.89,29.9,10.53,83.94,57.91,42.93,33.01,41.43,34.76,18.24,34.07,37.96,-3.89,8.19,-0.87,4.76,-16.51,-15.06,0.0,0
NPL,524,Nepal,South Asia,low_income,2001,24946748,2413.81,0.15,63.29,74.3,2.85,8.19,80.17,17.4,24.6,10.5,83.64,58.28,44.05,32.26,40.72,34.98,18.02,34.01,38.44,-4.44,8.36,-2.53,3.62,-16.19,-15.38,,0
NPL,524,Nepal,South Asia,low_income,2002,25328981,2380.24,0.12,63.51,70.2,2.92,8.71,80.81,19.89,36.4,10.59,83.46,58.77,44.83,33.94,45.7,34.89,17.74,35.42,38.74,-3.32,8.69,-1.34,8.44,-16.46,-16.21,,0
NPL,524,Nepal,South Asia,low_income,2003,25688758,2439.49,0.13,64.23,66.5,2.99,8.86,81.44,22.43,39.6,10.64,83.27,59.24,45.98,34.57,47.82,34.89,17.48,36.15,39.57,-3.42,8.91,-1.78,8.83,-16.87,-16.99,,0
NPL,524,Nepal,South Asia,low_income,2004,26016656,2521.54,0.11,64.74,63.1,3.05,9.08,82.07,25.02,37.2,10.65,83.06,59.55,46.94,35.4,48.1,34.98,17.3,36.54,40.27,-3.73,8.98,-2.02,7.9,-17.22,-17.78,,0
NPL,524,Nepal,South Asia,low_income,2005,26309458,2580.23,0.12,65.28,60.0,3.12,9.3,82.7,27.65,46.1,10.59,82.83,59.59,47.9,36.22,52.15,35.23,17.28,37.76,40.82,-3.06,8.98,-1.84,10.77,-17.41,-18.05,,0
NPL,524,Nepal,South Asia,low_income,2006,26565425,2641.35,0.1,65.89,57.3,3.19,9.87,83.32,30.33,51.2,10.61,82.6,58.32,48.87,38.04,54.95,35.31,18.0,39.03,41.49,-2.45,9.12,-0.89,12.29,-17.7,-17.51,,0
NPL,524,Nepal,South Asia,low_income,2007,26788492,2708.71,0.1,66.17,54.7,3.25,9.97,83.94,33.06,52.6,10.64,82.36,55.53,49.59,38.53,56.53,35.37,19.63,39.93,41.92,-1.99,9.09,-1.05,13.45,-17.8,-16.03,,0
NPL,524,Nepal,South Asia,low_income,2008,26990037,2852.61,0.11,66.44,52.4,3.32,10.39,84.55,35.83,56.0,10.6,82.08,52.25,50.27,39.94,58.79,35.6,21.67,41.25,42.91,-1.65,8.86,-0.77,13.62,-18.05,-14.35,0.0,0
NPL,524,Nepal,South Asia,low_income,2009,27173035,2961.84,0.15,66.6,50.1,3.39,11.09,85.16,38.64,59.3,10.58,81.8,49.52,50.88,42.11,61.03,35.79,23.46,42.65,43.43,-0.77,8.17,0.38,14.69,-18.06,-12.71,,0
NPL,524,Nepal,South Asia,low_income,2010,27341952,3085.31,0.18,66.77,47.9,3.45,11.89,85.76,41.51,68.6,10.56,81.5,48.38,51.5,44.54,65.29,35.98,24.24,44.31,44.04,0.27,8.27,1.99,18.66,-17.85,-11.9,,0
NPL,524,Nepal,South Asia,low_income,2011,27464494,3176.65,0.2,67.12,45.8,3.52,12.36,86.36,44.41,67.3,10.63,81.2,57.74,52.25,46.08,66.02,36.01,18.33,43.74,44.48,-0.74,8.01,2.98,18.32,-17.83,-15.64,,0
NPL,524,Nepal,South Asia,low_income,2012,27534915,3316.5,0.23,67.36,43.7,3.56,12.5,86.95,47.36,75.2,10.63,80.89,71.41,52.95,46.61,69.84,36.16,11.24,43.36,44.81,-1.45,7.81,2.94,20.63,-17.73,-21.4,,0
NPL,524,Nepal,South Asia,low_income,2013,27589996,3426.56,0.23,67.6,41.7,3.61,12.65,87.54,50.36,77.4,10.67,80.58,71.42,53.64,47.15,71.77,36.26,11.24,44.01,46.05,-2.04,7.65,2.91,21.05,-18.02,-24.34,,0
NPL,524,Nepal,South Asia,low_income,2014,27672370,3621.73,0.27,67.81,39.7,3.65,12.57,88.12,53.39,84.9,10.62,80.24,75.12,54.33,47.08,75.47,36.53,9.55,44.59,46.88,-2.28,7.37,1.97,23.09,-17.92,-26.59,,0
NPL,524,Nepal,South Asia,low_income,2015,27823629,3745.26,0.26,67.37,37.8,3.69,12.64,88.7,56.47,82.0,10.64,79.91,70.94,54.53,47.4,75.73,36.65,11.46,45.15,46.76,-1.6,6.8,1.56,21.86,-17.77,-20.18,1.0,0
NPL,524,Nepal,South Asia,low_income,2016,27955462,3743.74,0.39,68.44,36.0,3.73,12.7,89.28,59.6,90.7,10.71,79.66,72.41,55.88,47.73,79.86,36.65,10.78,46.18,47.29,-1.11,7.68,1.61,26.11,-18.05,-22.25,,0
NPL,524,Nepal,South Asia,low_income,2017,28011258,4071.7,0.47,68.74,34.2,3.93,12.7,89.84,62.76,86.6,10.66,79.32,64.64,56.67,48.39,79.73,36.93,14.56,47.26,48.89,-1.63,7.24,1.18,22.68,-18.35,-20.53,,0
NPL,524,Nepal,South Asia,low_income,2018,28079689,4371.39,0.53,69.04,32.6,4.13,12.82,90.4,65.97,93.9,10.59,78.94,64.21,57.42,49.39,83.42,37.26,14.79,48.46,49.97,-1.52,6.83,1.14,23.52,-18.85,-20.65,,0
NPL,524,Nepal,South Asia,low_income,2019,28414064,4607.52,0.47,69.3,31.0,4.33,12.94,90.96,69.21,89.9,10.48,78.55,57.28,58.16,50.39,83.36,37.71,18.6,49.64,51.24,-1.6,6.67,1.2,21.74,-18.55,-18.76,,0
NPL,524,Nepal,South Asia,low_income,2020,28966574,4412.54,0.57,69.11,29.6,4.49,12.64,91.51,72.5,89.9,13.04,78.53,45.72,58.52,50.08,84.64,32.59,26.12,50.39,51.04,-0.65,6.99,0.25,22.14,-21.38,-11.1,,0
NPL,524,Nepal,South Asia,low_income,2021,29475010,4546.23,0.59,68.39,28.3,4.49,12.64,92.05,75.82,89.9,12.24,78.07,45.72,58.45,50.08,85.92,34.43,26.12,51.0,51.33,-0.33,7.1,0.03,21.9,-20.27,-11.23,,1
NPL,524,Nepal,South Asia,low_income,2022,29715436,4763.39,0.51,70.09,27.1,4.49,12.64,92.59,79.19,91.3,10.66,77.8,45.72,60.23,50.08,87.69,37.73,26.12,52.37,52.6,-0.23,6.83,-0.53,22.02,-19.1,-11.62,1.0,1
NZL,554,New Zealand,East Asia & Pacific,high_income,2000,3857700,35879.79,8.55,78.64,7.4,12.8,17.49,100.0,100.0,100.0,6.13,15.69,6.92,80.9,91.25,100.0,79.48,89.15,88.16,76.09,12.07,3.85,17.37,2.36,1.25,33.32,4.0,0
NZL,554,New Zealand,East Asia & Pacific,high_income,2001,3880500,36885.64,9.0,78.69,7.2,13.07,17.62,100.0,100.0,100.0,5.43,15.57,6.86,81.24,92.5,100.0,80.94,89.44,88.83,76.91,11.91,3.27,17.4,2.19,2.0,33.13,,0
NZL,554,New Zealand,East Asia & Pacific,high_income,2002,3948500,37959.07,8.86,78.85,7.0,13.12,17.75,100.0,100.0,100.0,5.28,15.41,6.75,81.66,93.03,100.0,81.32,89.97,89.2,77.45,11.75,2.85,16.94,2.01,2.41,32.66,,0
NZL,554,New Zealand,East Asia & Pacific,high_income,2003,4027200,38976.91,8.92,79.15,6.9,13.17,17.88,100.0,100.0,100.0,4.74,15.23,6.64,82.05,93.56,100.0,82.49,90.55,89.73,77.84,11.89,2.67,16.45,1.91,4.0,32.55,,0
NZL,554,New Zealand,East Asia & Pacific,high_income,2004,4087500,39971.77,8.69,79.55,6.7,13.22,18.01,100.0,100.0,100.0,4.0,15.01,6.55,82.68,94.07,100.0,84.09,91.01,90.37,78.19,12.18,2.63,16.6,1.91,5.5,32.29,,0
NZL,554,New Zealand,East Asia & Pacific,high_income,2005,4133900,40848.3,8.75,79.85,6.6,13.27,18.14,100.0,100.0,100.0,3.81,14.77,6.52,83.08,94.24,100.0,84.61,91.16,90.62,78.58,12.04,2.58,15.86,1.92,5.62,31.79,,0
NZL,554,New Zealand,East Asia & Pacific,high_income,2006,4184600,41475.12,8.68,80.05,6.5,13.32,18.27,100.0,100.0,100.0,3.86,14.54,6.57,83.39,94.4,100.0,84.63,90.87,90.66,79.17,11.49,2.59,15.48,1.94,4.64,30.98,,0
NZL,554,New Zealand,East Asia & Pacific,high_income,2007,4223800,42346.09,8.31,80.15,6.4,13.34,18.4,100.0,100.0,100.0,3.66,14.3,6.69,83.64,94.45,100.0,85.15,90.27,90.7,79.84,10.86,2.5,15.08,2.0,3.95,29.79,,0
NZL,554,New Zealand,East Asia & Pacific,high_income,2008,4259800,41561.18,8.5,80.35,6.4,13.35,18.52,100.0,100.0,100.0,4.17,14.18,6.83,83.8,94.5,100.0,84.2,89.6,90.42,80.04,10.38,2.35,14.91,2.06,2.84,28.81,4.0,0
NZL,554,New Zealand,East Asia & Pacific,high_income,2009,4302600,41132.34,7.77,80.7,6.3,13.36,18.65,100.0,100.0,100.0,6.12,14.16,6.94,84.24,94.55,100.0,80.3,89.08,89.63,79.8,9.83,1.67,14.5,1.83,1.74,27.11,,0
NZL,554,New Zealand,East Asia & Pacific,high_income,2010,4350700,41270.93,7.69,80.9,6.2,13.38,18.78,100.0,100.0,100.0,6.56,14.19,6.97,84.57,94.59,100.0,79.42,88.92,89.5,79.83,9.67,1.68,14.03,1.8,1.66,26.77,,0
NZL,554,New Zealand,East Asia & Pacific,high_income,2011,4384000,41814.89,7.46,81.16,6.1,13.39,18.91,100.0,100.0,100.0,6.49,14.22,6.74,84.94,94.64,100.0,79.53,90.01,89.82,80.24,9.59,1.44,13.36,1.7,0.81,28.88,,0
NZL,554,New Zealand,East Asia & Pacific,high_income,2012,4408100,42570.33,7.89,81.41,6.0,13.38,19.04,100.0,100.0,100.0,6.93,14.25,6.77,85.31,94.59,100.0,78.64,89.86,89.68,80.77,8.92,1.31,12.71,1.6,-0.21,25.7,,0
NZL,554,New Zealand,East Asia & Pacific,high_income,2013,4442100,43338.44,7.78,81.4,5.9,13.33,19.17,100.0,100.0,100.0,5.84,14.26,6.78,85.49,94.43,100.0,80.82,89.85,90.12,81.32,8.79,0.92,11.3,1.47,1.64,24.2,,0
NZL,554,New Zealand,East Asia & Pacific,high_income,2014,4516500,44255.5,7.81,81.46,5.8,13.28,19.07,100.0,100.0,100.0,5.43,14.24,6.6,85.71,94.26,100.0,81.65,90.75,90.47,82.0,8.48,0.57,10.78,1.36,1.9,24.13,,0
NZL,554,New Zealand,East Asia & Pacific,high_income,2015,4609400,44963.83,7.68,81.61,5.6,13.23,18.95,100.0,100.0,100.0,5.42,14.2,6.57,86.22,94.1,100.0,81.7,90.88,90.58,82.17,8.41,0.9,10.31,1.35,1.33,24.41,4.0,0
NZL,554,New Zealand,East Asia & Pacific,high_income,2016,4714100,45626.68,7.37,81.66,5.5,13.33,17.98,100.0,100.0,100.0,5.15,14.13,6.63,86.45,94.41,100.0,82.27,90.56,90.74,83.1,7.64,0.65,10.23,1.26,1.18,21.45,,0
NZL,554,New Zealand,East Asia & Pacific,high_income,2017,4813600,46193.29,7.53,81.86,5.4,13.24,18.47,100.0,100.0,100.0,4.74,14.01,6.83,86.8,94.12,100.0,83.15,89.59,90.73,83.33,7.41,0.72,9.59,1.23,1.25,21.28,,0
NZL,554,New Zealand,East Asia & Pacific,high_income,2018,4900600,46947.94,7.27,81.71,5.3,13.14,18.32,100.0,100.0,100.0,4.34,13.84,7.21,86.89,93.8,100.0,84.04,87.77,90.5,83.67,6.83,0.55,8.85,1.21,1.1,19.31,,0
NZL,554,New Zealand,East Asia & Pacific,high_income,2019,4970300,47362.32,7.49,82.06,5.2,13.04,19.47,100.0,100.0,100.0,4.11,13.65,7.42,87.36,93.47,100.0,84.6,86.81,90.45,84.29,6.16,0.71,8.13,1.18,1.33,16.21,,0
NZL,554,New Zealand,East Asia & Pacific,high_income,2020,5072400,46266.4,6.84,82.26,5.1,12.94,19.19,100.0,100.0,100.0,4.6,13.83,6.49,87.73,93.15,100.0,83.53,91.31,91.14,84.48,6.66,1.2,6.97,1.04,2.06,19.5,,0
NZL,554,New Zealand,East Asia & Pacific,high_income,2021,5084600,48248.72,6.83,82.21,5.0,12.94,19.68,100.0,100.0,100.0,3.78,13.51,6.49,87.9,93.15,100.0,85.34,91.31,91.54,84.33,7.21,1.82,6.93,1.05,3.42,19.87,,1
NZL,554,New Zealand,East Asia & Pacific,high_income,2022,5081700,49964.18,6.32,81.96,5.0,12.94,19.68,100.0,100.0,100.0,3.3,13.24,6.49,87.71,93.15,100.0,86.43,91.31,91.72,84.81,6.91,1.03,7.02,1.03,2.59,19.86,4.0,1
OMN,512,Oman,Middle East & N. Africa,high_income,2000,2282131,42086.04,11.53,73.64,16.5,5.43,10.47,85.64,89.16,100.0,4.43,10.64,46.86,68.35,47.16,91.6,85.54,25.31,63.59,77.6,-14.01,-10.5,-28.31,-6.87,4.69,-31.47,2.0,0
OMN,512,Oman,Middle East & N. Africa,high_income,2001,2310217,43492.29,12.33,73.98,15.5,5.69,10.83,85.63,89.15,100.0,4.3,9.92,46.91,69.29,49.08,91.6,86.18,25.27,64.28,78.58,-14.3,-10.59,-27.73,-7.06,4.43,-32.23,,0
OMN,512,Oman,Middle East & N. Africa,high_income,2002,2337140,42654.15,13.03,74.28,14.6,5.98,11.2,85.63,89.91,100.0,4.34,9.2,46.94,70.17,51.03,91.85,86.49,25.24,64.96,78.63,-13.67,-9.99,-26.2,-6.72,5.63,-33.06,,0
OMN,512,Oman,Middle East & N. Africa,high_income,2003,2363796,41247.59,13.61,74.52,13.9,6.27,11.57,85.63,90.67,100.0,4.6,8.53,46.96,70.89,53.04,92.1,86.31,25.23,65.51,78.39,-12.87,-9.14,-24.59,-6.26,6.88,-33.26,,0
OMN,512,Oman,Middle East & N. Africa,high_income,2004,2404821,41351.77,13.21,74.82,13.3,6.62,11.74,85.69,91.47,100.0,4.69,7.82,46.95,71.6,54.67,92.39,86.5,25.24,66.08,78.51,-12.43,-8.84,-23.09,-5.85,7.38,-33.81,,0
OMN,512,Oman,Middle East & N. Africa,high_income,2005,2459802,41551.14,13.43,75.07,12.9,6.96,11.92,86.06,92.29,99.9,4.59,6.96,46.92,72.12,56.3,92.75,87.16,25.26,66.72,78.74,-12.02,-8.57,-22.22,-5.41,7.92,-34.3,,0
OMN,512,Oman,Middle East & N. Africa,high_income,2006,2514795,42540.44,16.76,75.35,12.5,7.3,12.11,86.42,93.1,99.9,4.39,6.23,46.44,72.68,57.97,93.14,87.95,25.61,67.47,79.42,-11.95,-8.42,-21.19,-5.03,7.6,-34.58,,0
OMN,512,Oman,Middle East & N. Africa,high_income,2007,2570174,43696.97,17.73,75.6,12.2,7.65,12.16,86.78,93.9,100.0,4.31,5.55,45.35,73.13,59.26,93.56,88.46,26.4,68.16,80.18,-12.02,-8.4,-20.43,-4.58,6.81,-34.49,,0
OMN,512,Oman,Middle East & N. Africa,high_income,2008,2626529,46586.4,17.03,76.12,12.0,7.99,12.12,87.14,94.68,100.0,4.14,4.62,44.07,73.72,60.31,93.94,89.29,27.36,68.92,81.29,-12.37,-9.19,-20.42,-4.5,6.33,-34.97,2.0,0
OMN,512,Oman,Middle East & N. Africa,high_income,2009,2684659,48304.12,17.55,76.63,11.9,7.96,13.19,87.49,95.46,100.0,3.98,3.96,42.99,74.2,63.17,94.32,89.96,28.18,69.97,81.46,-11.49,-10.4,-18.36,-4.53,9.02,-36.03,,0
OMN,512,Oman,Middle East & N. Africa,high_income,2010,2757446,48191.61,18.67,77.18,11.7,7.92,14.08,87.84,96.22,100.0,3.91,3.16,42.55,74.81,65.53,94.69,90.51,28.53,70.81,81.5,-10.69,-10.06,-16.53,-4.13,10.41,-35.85,,0
OMN,512,Oman,Middle East & N. Africa,high_income,2011,3076763,44440.31,19.42,77.74,11.6,8.28,14.97,88.29,96.99,100.0,3.95,3.07,49.25,75.33,69.18,95.09,90.49,23.64,70.75,80.91,-10.16,-8.96,-12.73,-3.44,10.89,-38.27,,0
OMN,512,Oman,Middle East & N. Africa,high_income,2012,3547106,41964.08,19.01,78.19,11.4,8.63,14.59,88.8,97.75,100.0,3.75,3.12,52.31,75.86,69.3,95.52,90.85,21.63,70.63,80.6,-9.97,-7.95,-12.43,-2.82,12.21,-42.32,,0
OMN,512,Oman,Middle East & N. Africa,high_income,2013,3833913,40854.49,18.42,78.63,11.3,8.99,14.2,89.29,98.49,100.0,3.55,3.25,47.65,76.3,69.41,95.93,91.18,24.75,71.51,80.65,-9.13,-7.52,-13.05,-2.39,12.83,-39.86,,0
OMN,512,Oman,Middle East & N. Africa,high_income,2014,4002439,39639.99,18.75,79.03,11.2,9.34,14.18,89.77,99.05,100.0,3.45,3.39,41.26,76.7,70.53,96.27,91.31,29.55,72.87,80.74,-7.87,-7.04,-11.76,-2.02,13.08,-35.03,,0
OMN,512,Oman,Middle East & N. Africa,high_income,2015,4184895,39813.79,18.95,79.35,11.1,9.7,14.16,90.24,99.32,100.0,3.4,3.63,47.92,77.04,71.65,96.52,91.28,24.56,72.21,80.82,-8.61,-6.76,-10.81,-1.77,12.56,-39.74,2.0,0
OMN,512,Oman,Middle East & N. Africa,high_income,2016,4390877,39860.99,18.36,79.58,11.0,10.13,14.19,90.69,99.32,100.0,3.27,3.75,45.48,77.32,73.17,96.67,91.49,26.3,72.99,81.5,-8.51,-6.74,-9.46,-1.7,12.18,-40.12,,0
OMN,512,Oman,Middle East & N. Africa,high_income,2017,4537396,38691.11,17.93,79.75,11.0,10.56,14.04,91.11,99.32,100.0,2.52,3.75,48.7,77.45,74.19,96.81,92.98,24.01,73.09,81.19,-8.1,-6.32,-8.2,-1.48,13.51,-40.93,,0
OMN,512,Oman,Middle East & N. Africa,high_income,2018,4597877,38673.6,18.35,79.86,10.9,10.99,14.08,91.52,99.32,100.0,1.8,3.66,49.63,77.64,75.73,96.95,94.47,23.39,73.64,81.25,-7.61,-6.2,-6.79,-1.34,14.33,-41.11,,0
OMN,512,Oman,Middle East & N. Africa,high_income,2019,4591241,38292.39,18.61,79.95,10.8,11.42,13.96,91.89,99.32,100.0,2.04,3.73,44.9,77.8,76.84,97.07,93.95,26.73,74.48,81.63,-7.15,-6.05,-5.76,-1.23,13.96,-39.55,,0
OMN,512,Oman,Middle East & N. Africa,high_income,2020,4522497,37560.6,18.17,77.76,10.7,11.85,13.24,92.17,99.32,100.0,2.94,4.1,39.58,76.22,76.29,97.16,91.96,30.94,74.51,81.9,-7.39,-7.58,-7.14,-1.4,13.67,-36.76,,0
OMN,512,Oman,Middle East & N. Africa,high_income,2021,4500424,38719.46,19.49,75.97,10.6,11.87,12.96,92.31,99.32,100.0,1.9,3.99,39.58,74.95,75.58,97.21,94.1,30.94,74.56,81.54,-6.99,-8.05,-7.64,-1.28,15.56,-36.08,,1
OMN,512,Oman,Middle East & N. Africa,high_income,2022,4730226,39780.21,19.68,77.91,10.5,11.89,12.96,92.44,99.32,100.0,3.3,3.75,39.58,76.54,75.65,97.25,91.42,30.94,74.36,82.0,-7.64,-7.21,-7.47,-1.27,10.95,-35.94,2.0,1
PAK,586,Pakistan,South Asia,lower_middle_income,2000,154879127,3531.71,0.72,61.9,107.9,3.29,4.66,87.34,36.38,72.8,0.61,63.82,59.16,38.93,23.91,65.51,65.18,17.52,42.21,43.53,-1.32,-2.25,-16.28,15.78,12.39,-17.5,0.0,0
PAK,586,Pakistan,South Asia,lower_middle_income,2001,159270907,3559.73,0.72,62.24,105.1,3.54,4.7,87.59,36.47,73.9,0.61,63.82,59.26,39.48,24.86,65.99,65.19,17.46,42.59,43.82,-1.23,-2.41,-15.87,16.36,12.55,-17.62,,0
PAK,586,Pakistan,South Asia,lower_middle_income,2002,163222549,3563.68,0.69,62.56,102.5,3.79,4.75,87.82,36.56,74.9,0.62,59.5,59.35,39.99,25.81,66.43,67.45,17.42,43.42,44.17,-0.75,-2.5,-15.42,16.33,14.58,-17.89,,0
PAK,586,Pakistan,South Asia,lower_middle_income,2003,167110248,3668.78,0.7,62.83,100.1,4.03,4.79,88.06,36.65,76.0,0.61,59.5,59.37,40.46,26.75,66.9,67.46,17.4,43.8,44.83,-1.03,-2.77,-15.12,15.39,14.11,-18.19,,0
PAK,586,Pakistan,South Asia,lower_middle_income,2004,171286000,3859.65,0.77,63.1,98.0,4.28,5.16,88.3,38.35,77.0,0.6,61.41,59.27,40.9,28.6,67.88,66.48,17.46,44.27,45.74,-1.48,-3.18,-14.56,14.7,12.34,-18.85,,0
PAK,586,Pakistan,South Asia,lower_middle_income,2005,175453212,4042.15,0.76,62.42,96.0,4.53,5.46,87.99,40.05,78.1,0.58,58.36,58.99,40.6,30.29,68.71,68.12,17.62,45.07,46.58,-1.51,-4.67,-13.61,13.53,13.16,-18.94,,0
PAK,586,Pakistan,South Asia,lower_middle_income,2006,179682690,4185.87,0.81,63.62,94.2,4.52,5.63,88.14,41.87,79.1,0.58,58.08,57.45,41.73,30.7,69.7,68.27,18.5,45.78,47.51,-1.73,-4.44,-14.05,12.81,12.45,-18.32,,0
PAK,586,Pakistan,South Asia,lower_middle_income,2007,184493231,4257.93,0.88,63.81,92.3,4.41,6.01,88.31,43.7,80.2,0.4,58.33,54.34,42.09,31.38,70.74,68.5,20.36,46.62,47.79,-1.18,-4.57,-13.82,13.88,12.42,-16.58,,0
PAK,586,Pakistan,South Asia,lower_middle_income,2008,189499113,4233.35,0.83,64.0,90.5,4.3,6.0,88.48,45.53,81.4,0.42,59.55,50.75,42.46,31.01,71.8,67.81,22.64,47.15,48.06,-0.91,-4.25,-14.53,14.47,11.51,-14.53,0.0,0
PAK,586,Pakistan,South Asia,lower_middle_income,2009,194376534,4270.44,0.82,64.21,88.5,4.47,6.07,88.65,47.36,82.5,0.54,59.5,47.8,42.86,31.74,72.84,67.61,24.64,47.94,48.4,-0.46,-4.65,-14.56,15.03,11.35,-12.81,,0
PAK,586,Pakistan,South Asia,lower_middle_income,2010,199239047,4228.78,0.78,64.38,86.5,4.59,6.05,88.81,49.21,87.1,0.65,59.81,46.57,43.24,32.13,75.04,67.21,25.51,48.63,48.22,0.41,-4.14,-14.26,18.57,11.35,-11.7,,0
PAK,586,Pakistan,South Asia,lower_middle_income,2011,203746065,4246.07,0.76,64.66,84.3,4.72,6.04,88.98,51.05,87.8,0.8,59.22,55.75,43.73,32.51,75.94,67.24,19.5,47.78,48.39,-0.61,-4.19,-14.2,19.28,11.56,-15.64,,0
PAK,586,Pakistan,South Asia,lower_middle_income,2012,207667125,4292.02,0.76,64.88,82.0,4.82,6.14,89.14,52.91,88.6,3.67,59.09,66.87,44.21,33.11,76.88,61.56,13.43,45.84,48.3,-2.46,-4.1,-13.81,19.73,6.02,-20.49,,0
PAK,586,Pakistan,South Asia,lower_middle_income,2013,211073978,4407.15,0.76,65.13,79.6,4.96,6.19,89.3,54.77,89.3,2.95,58.97,68.58,44.72,33.73,77.79,63.06,12.59,46.38,49.28,-2.9,-4.3,-13.57,19.46,7.17,-23.79,,0
PAK,586,Pakistan,South Asia,lower_middle_income,2014,214264647,4520.23,0.79,65.37,77.2,5.16,6.47,89.46,56.63,90.1,1.83,59.13,71.71,45.24,35.17,78.73,65.22,11.1,47.09,49.81,-2.72,-4.47,-12.64,19.73,9.38,-26.04,,0
PAK,586,Pakistan,South Asia,lower_middle_income,2015,217290883,4645.29,0.82,65.64,74.8,5.16,6.74,89.62,58.5,91.0,3.57,59.19,68.01,45.79,35.93,79.71,61.72,12.87,47.2,49.73,-2.53,-4.6,-12.58,19.37,5.95,-20.36,1.0,0
PAK,586,Pakistan,South Asia,lower_middle_income,2016,220138869,4886.61,0.89,65.94,72.4,5.16,7.08,89.77,60.38,91.8,2.28,58.05,68.52,46.37,36.88,80.65,64.88,12.62,48.28,50.85,-2.57,-5.06,-12.53,19.13,8.47,-22.33,,0
PAK,586,Pakistan,South Asia,lower_middle_income,2017,223273967,5031.56,0.96,66.22,70.1,5.12,7.01,89.92,62.26,92.7,3.2,56.86,61.8,46.94,36.54,81.63,63.67,16.07,48.97,51.72,-2.75,-5.04,-13.24,18.33,6.99,-20.59,,0
PAK,586,Pakistan,South Asia,lower_middle_income,2018,226928892,5255.06,0.89,66.48,67.9,4.77,7.3,90.08,64.14,93.4,4.08,55.63,62.39,47.48,36.19,82.54,62.55,15.75,48.9,52.45,-3.54,-5.37,-14.4,17.4,5.17,-21.16,,0
PAK,586,Pakistan,South Asia,lower_middle_income,2019,230800899,5295.95,0.86,66.73,65.8,4.54,7.64,90.23,66.04,93.9,4.83,58.21,52.86,48.02,36.33,83.39,59.71,21.28,49.74,53.14,-3.4,-5.22,-14.73,17.8,2.5,-17.18,,0
PAK,586,Pakistan,South Asia,lower_middle_income,2020,235001746,5135.01,0.95,65.7,63.7,4.42,7.9,90.38,67.94,94.5,5.99,57.59,43.0,47.58,36.67,84.27,57.7,28.17,50.88,53.14,-2.27,-5.83,-15.13,17.43,2.8,-10.46,,0
PAK,586,Pakistan,South Asia,lower_middle_income,2021,239477801,5367.27,0.96,65.77,61.7,4.42,7.9,90.52,69.85,94.9,6.34,56.31,43.0,47.98,36.67,85.09,57.69,28.17,51.12,53.57,-2.44,-5.36,-15.53,16.43,1.81,-10.71,,1
PAK,586,Pakistan,South Asia,lower_middle_income,2022,243700667,5526.28,0.97,67.42,59.7,4.42,7.9,90.67,71.77,95.0,5.29,56.03,43.0,49.6,36.67,85.81,59.93,28.17,52.04,54.68,-2.64,-5.68,-15.94,15.97,1.98,-10.97,1.0,1
PAN,591,Panama,Americas,high_income,2000,3010369,14572.98,1.72,73.44,25.7,7.88,12.33,89.62,62.56,81.4,6.19,34.41,19.08,63.39,60.52,77.86,69.52,55.3,65.32,65.53,-0.22,-1.2,-1.74,-13.3,4.6,7.29,3.0,0
PAN,591,Panama,Americas,high_income,2001,3069537,14427.83,2.02,73.82,25.0,8.02,12.54,89.98,63.3,81.5,6.29,34.89,18.96,63.98,61.55,78.26,69.05,55.5,65.67,65.82,-0.16,-1.18,-1.59,-12.93,4.89,7.52,,0
PAN,591,Panama,Americas,high_income,2002,3129344,14507.14,1.73,74.19,24.2,8.16,12.73,90.33,64.36,82.1,6.3,35.32,18.72,64.62,62.54,78.93,68.81,55.94,66.17,66.11,0.06,-1.16,-1.35,-12.32,4.73,7.81,,0
PAN,591,Panama,Americas,high_income,2003,3189807,14957.55,1.72,74.57,23.4,8.3,12.82,90.66,65.42,87.8,6.3,35.71,18.38,65.27,63.28,81.29,68.6,56.54,67.0,66.77,0.22,-1.28,-1.61,-10.29,4.48,7.88,,0
PAN,591,Panama,Americas,high_income,2004,3251155,15875.11,1.69,74.84,22.6,8.44,12.92,90.87,66.49,83.4,6.1,35.38,18.0,65.86,64.02,80.25,69.19,57.23,67.31,67.4,-0.09,-1.45,-1.77,-11.71,3.84,8.21,,0
PAN,591,Panama,Americas,high_income,2005,3313026,16867.96,2.14,75.16,21.9,8.58,12.94,91.06,67.56,84.1,5.97,35.07,17.62,66.45,64.54,80.91,69.61,57.95,67.89,68.23,-0.34,-1.82,-2.41,-11.51,2.65,8.42,,0
PAN,591,Panama,Americas,high_income,2006,3375024,18190.27,2.22,75.43,21.2,8.72,12.98,91.26,68.64,84.8,5.79,34.73,17.13,67.01,65.12,81.57,70.14,58.89,68.54,69.29,-0.74,-2.05,-2.98,-11.5,1.25,8.86,,0
PAN,591,Panama,Americas,high_income,2007,3437490,20208.82,2.18,75.68,20.5,8.86,13.07,91.45,69.72,85.5,5.66,32.39,16.48,67.56,65.83,82.22,71.62,60.18,69.48,70.73,-1.25,-3.07,-3.8,-11.49,0.83,9.24,,0
PAN,591,Panama,Americas,high_income,2008,3500648,21867.82,2.07,75.94,19.8,9.0,12.9,91.63,70.81,86.3,5.64,27.27,15.83,68.14,65.81,82.92,74.37,61.53,70.55,72.06,-1.51,-3.98,-5.44,-11.55,1.9,9.5,3.0,0
PAN,591,Panama,Americas,high_income,2009,3564381,21822.99,2.43,76.23,19.2,9.14,12.87,91.82,71.9,87.0,5.86,32.99,15.33,68.7,66.2,83.57,70.92,62.6,70.4,72.3,-1.9,-4.72,-6.09,-11.39,1.13,9.7,,0
PAN,591,Panama,Americas,high_income,2010,3628535,22739.11,2.53,76.42,18.7,9.28,12.94,92.0,73.0,86.9,5.84,32.68,15.13,69.13,66.85,83.97,71.11,63.04,70.82,72.61,-1.79,-4.93,-6.09,-11.26,1.98,9.88,,0
PAN,591,Panama,Americas,high_income,2011,3693505,24999.46,2.71,76.66,18.3,9.42,12.77,92.18,74.1,88.6,4.03,30.75,15.89,69.55,66.85,84.96,75.75,61.39,71.7,73.98,-2.27,-6.5,-7.94,-11.02,4.43,7.73,,0
PAN,591,Panama,Americas,high_income,2012,3759256,26926.89,2.78,76.88,17.9,9.56,12.78,92.35,75.21,89.3,3.69,31.0,14.68,69.96,67.37,85.62,76.3,64.05,72.66,75.04,-2.38,-7.55,-8.72,-10.72,4.17,7.92,,0
PAN,591,Panama,Americas,high_income,2013,3825329,28135.33,2.68,77.13,17.5,9.7,12.8,92.53,76.33,89.1,3.67,31.64,15.39,70.4,67.88,85.99,76.0,62.47,72.55,75.9,-3.35,-8.21,-9.65,-10.72,2.79,5.42,,0
PAN,591,Panama,Americas,high_income,2014,3892101,28931.8,2.77,77.36,17.3,9.84,12.81,92.7,77.46,90.8,4.39,31.66,14.86,70.7,68.39,86.99,74.56,63.65,72.86,76.72,-3.86,-8.56,-9.83,-10.03,0.77,5.51,,0
PAN,591,Panama,Americas,high_income,2015,3960035,29933.16,2.68,77.58,17.1,9.98,12.81,92.87,78.59,91.6,4.34,32.45,14.77,71.0,68.85,87.69,74.25,63.84,73.12,77.25,-4.12,-8.87,-9.94,-9.52,-0.37,5.24,3.0,0
PAN,591,Panama,Americas,high_income,2016,4029086,30765.24,2.65,77.77,17.0,10.12,13.01,93.19,79.73,92.4,4.72,34.01,13.87,71.2,69.88,88.44,72.66,65.94,73.62,78.11,-4.48,-9.17,-9.36,-9.03,-2.98,5.22,,0
PAN,591,Panama,Americas,high_income,2017,4098707,31979.81,2.48,77.9,16.7,10.26,13.06,93.51,80.87,93.7,5.34,34.25,13.84,71.5,70.48,89.36,71.3,66.0,73.73,78.64,-4.91,-9.52,-9.3,-8.23,-5.18,4.92,,0
PAN,591,Panama,Americas,high_income,2018,4167860,32681.45,2.38,78.27,16.3,10.4,13.11,93.82,82.02,93.8,5.16,36.05,13.21,72.04,71.09,89.88,70.7,67.56,74.26,78.94,-4.68,-9.37,-9.07,-7.8,-6.66,6.72,,0
PAN,591,Panama,Americas,high_income,2019,4234700,33163.73,3.11,78.51,15.9,10.54,13.16,94.14,83.18,93.9,6.26,38.08,11.88,72.5,71.7,90.41,67.44,71.1,74.63,79.65,-5.02,-9.24,-8.84,-7.41,-10.06,7.92,,0
PAN,591,Panama,Americas,high_income,2020,4293261,26881.8,2.26,76.33,15.5,10.69,13.21,94.43,84.34,95.3,14.66,38.2,11.47,71.1,72.33,91.36,50.57,72.28,71.53,77.25,-5.73,-7.49,-6.16,-6.17,-21.97,11.65,,0
PAN,591,Panama,Americas,high_income,2021,4345405,30932.76,2.48,77.0,15.2,10.69,13.21,94.64,85.51,95.3,10.18,37.77,11.47,71.83,72.33,91.82,59.77,72.28,73.61,78.42,-4.82,-7.53,-7.58,-5.97,-14.99,9.99,,1
PAN,591,Panama,Americas,high_income,2022,4400773,33915.15,2.6,79.32,15.1,10.69,13.21,94.85,86.69,95.0,8.09,42.12,11.47,73.69,72.33,92.18,61.66,72.28,74.43,79.83,-5.4,-7.71,-8.45,-5.89,-16.27,8.87,3.0,1
PER,604,Peru,Americas,upper_middle_income,2000,26598331,7669.1,1.09,69.82,38.3,8.36,12.82,80.41,64.69,72.5,4.96,59.78,70.04,56.27,63.48,72.53,58.62,11.89,52.56,56.68,-4.12,1.59,10.42,-5.19,-0.26,-31.09,1.0,0
PER,604,Peru,Americas,upper_middle_income,2001,26964601,7611.67,1.0,70.32,35.3,8.42,13.3,81.17,65.41,72.1,5.07,57.05,69.5,57.54,65.03,72.89,59.84,12.14,53.49,56.9,-3.41,2.25,11.51,-4.52,1.72,-30.79,,0
PER,604,Peru,Americas,upper_middle_income,2002,27288217,7931.58,1.03,70.82,32.7,8.48,12.82,81.91,66.11,74.4,4.84,57.37,69.21,58.75,63.88,74.14,60.12,12.28,53.84,57.76,-3.93,2.13,9.4,-4.91,1.88,-30.97,,0
PER,604,Peru,Americas,upper_middle_income,2003,27580490,8174.38,1.0,71.28,30.4,8.54,12.33,82.65,66.81,74.4,4.15,57.64,68.96,59.9,62.71,74.62,61.36,12.4,54.2,58.52,-4.32,2.37,7.53,-5.65,2.68,-31.09,,0
PER,604,Peru,Americas,upper_middle_income,2004,27852190,8495.99,1.14,71.45,28.4,8.6,12.58,83.38,67.5,75.7,4.71,57.92,68.55,60.77,63.61,75.52,60.09,12.61,54.52,58.89,-4.37,2.86,7.62,-5.26,0.58,-31.06,,0
PER,604,Peru,Americas,upper_middle_income,2005,28101180,8949.95,1.13,71.99,26.6,7.92,12.62,84.09,68.17,77.2,4.87,56.96,67.77,61.89,61.46,76.49,60.28,12.99,54.62,59.66,-5.04,2.81,4.67,-5.44,-0.5,-30.88,,0
PER,604,Peru,Americas,upper_middle_income,2006,28324491,9547.91,1.11,72.34,25.0,7.93,12.82,84.8,68.84,80.2,4.17,55.55,64.22,62.84,62.05,77.95,62.42,14.78,56.01,60.67,-4.66,2.91,4.49,-5.6,0.13,-29.22,,0
PER,604,Peru,Americas,upper_middle_income,2007,28530699,10286.35,1.2,72.75,23.6,8.19,13.02,85.49,69.5,82.0,4.08,54.14,57.04,63.78,63.45,79.0,63.35,18.74,57.66,61.77,-4.1,2.48,4.62,-5.83,-0.08,-25.75,,0
PER,604,Peru,Americas,upper_middle_income,2008,28719041,11151.53,1.36,72.74,22.3,8.19,13.22,86.14,70.1,84.7,4.03,53.69,48.33,64.39,64.0,80.31,63.68,24.27,59.33,63.06,-3.73,1.77,3.69,-6.61,-1.16,-21.02,1.0,0
PER,604,Peru,Americas,upper_middle_income,2009,28896811,11204.38,1.45,72.63,21.2,8.22,13.41,86.76,70.67,86.4,3.96,53.3,40.19,64.85,64.65,81.28,64.03,30.43,61.05,63.44,-2.39,1.5,3.3,-6.27,0.08,-15.49,,0
PER,604,Peru,Americas,upper_middle_income,2010,29086019,12059.02,1.58,72.89,20.2,8.87,13.61,87.38,71.24,88.1,3.6,53.28,34.71,65.57,67.35,82.24,64.76,35.32,63.05,64.52,-1.47,1.09,4.74,-6.71,0.79,-11.2,,0
PER,604,Peru,Americas,upper_middle_income,2011,29304086,12726.6,1.68,73.33,19.3,8.89,13.8,88.0,71.8,89.7,3.48,53.32,32.06,66.41,67.97,83.17,64.98,37.97,64.1,65.23,-1.13,1.07,4.06,-6.78,0.52,-7.84,,0
PER,604,Peru,Americas,upper_middle_income,2012,29550366,13395.4,1.66,73.98,18.5,9.08,14.0,88.61,72.36,91.1,3.24,51.8,33.9,67.37,69.17,84.02,66.26,36.11,64.58,65.78,-1.19,1.54,4.07,-6.49,1.37,-10.57,,0
PER,604,Peru,Americas,upper_middle_income,2013,29817919,14052.14,1.69,74.59,17.8,9.14,14.2,89.21,72.92,92.1,3.58,51.38,32.08,68.26,69.89,84.74,65.81,37.95,65.33,66.44,-1.11,1.53,3.54,-6.54,0.11,-9.07,,0
PER,604,Peru,Americas,upper_middle_income,2014,30115826,14244.57,1.77,75.26,17.2,9.15,14.39,89.82,73.47,92.9,3.21,51.9,32.92,69.15,70.49,85.39,66.27,37.09,65.68,67.13,-1.45,1.96,3.42,-6.21,1.28,-10.76,,0
PER,604,Peru,Americas,upper_middle_income,2015,30457600,14542.79,1.8,75.73,16.6,9.09,14.59,90.41,74.01,93.9,3.27,51.5,32.88,69.89,70.84,86.11,66.35,37.13,66.07,67.26,-1.2,2.08,3.18,-5.92,1.6,-10.41,3.0,0
PER,604,Peru,Americas,upper_middle_income,2016,30866494,14917.45,1.86,75.95,16.1,9.31,14.79,91.01,74.56,94.2,3.74,52.03,33.74,70.39,72.12,86.59,65.14,36.27,66.1,67.73,-1.63,2.22,3.89,-5.82,-0.15,-12.41,,0
PER,604,Peru,Americas,upper_middle_income,2017,31324637,15069.52,1.76,75.96,15.7,9.54,14.5,91.6,75.09,94.8,3.69,52.55,32.71,70.67,72.05,87.16,64.96,37.3,66.43,67.97,-1.54,2.28,3.78,-5.31,0.25,-12.22,,0
PER,604,Peru,Americas,upper_middle_income,2018,31897584,15386.26,1.74,76.02,15.3,9.76,14.6,92.19,75.63,95.2,3.49,52.93,30.63,71.0,73.07,87.67,65.16,39.5,67.28,68.21,-0.93,2.22,4.51,-5.12,-0.07,-9.56,,0
PER,604,Peru,Americas,upper_middle_income,2019,32449303,15463.54,1.79,76.28,14.9,9.89,14.7,92.77,76.16,95.6,3.38,52.64,29.11,71.48,73.79,88.18,65.54,41.19,68.04,68.7,-0.66,2.57,5.0,-4.78,0.62,-9.44,,0
PER,604,Peru,Americas,upper_middle_income,2020,32838579,13609.6,1.45,73.83,14.5,10.02,14.8,93.35,76.69,96.2,7.18,53.16,27.04,69.9,74.51,88.75,57.66,43.66,66.9,67.64,-0.74,2.74,6.66,-3.79,-4.09,-6.79,,0
PER,604,Peru,Americas,upper_middle_income,2021,33155882,15280.55,1.8,71.6,14.1,10.02,14.8,93.93,77.21,95.6,5.1,49.78,27.04,68.48,74.51,88.91,63.61,43.66,67.84,68.56,-0.73,0.95,5.42,-4.75,-0.24,-7.55,,1
PER,604,Peru,Americas,upper_middle_income,2022,33475438,15559.82,1.9,76.83,13.7,10.02,14.8,94.5,77.74,96.2,4.29,49.66,27.04,72.83,74.51,89.48,65.28,43.66,69.15,69.39,-0.24,3.4,5.39,-4.45,-1.4,-7.31,3.0,1
PHL,608,Philippines,East Asia & Pacific,lower_middle_income,2000,79625397,4740.44,0.93,67.79,36.8,7.57,11.54,86.51,64.58,74.7,3.77,42.71,31.52,55.14,57.28,75.26,69.98,38.54,59.24,48.49,10.75,8.64,12.28,14.48,15.07,0.86,1.0,0
PHL,608,Philippines,East Asia & Pacific,lower_middle_income,2001,81401488,4778.4,0.88,67.83,36.0,7.84,11.54,86.87,65.01,75.7,3.7,42.61,31.29,55.41,58.17,75.86,70.18,38.78,59.68,48.76,10.92,8.24,12.71,15.04,15.7,1.15,,0
PHL,608,Philippines,East Asia & Pacific,lower_middle_income,2002,83068889,4856.5,0.88,67.89,35.2,8.11,11.74,87.24,65.44,76.7,3.62,42.71,31.06,55.7,59.63,76.46,70.29,39.04,60.22,49.39,10.83,7.66,13.46,14.69,15.55,0.97,,0
PHL,608,Philippines,East Asia & Pacific,lower_middle_income,2003,84731835,5003.38,0.88,68.05,34.4,8.37,11.73,87.62,65.88,76.6,3.53,42.08,30.77,56.07,60.5,76.7,70.8,39.34,60.68,50.11,10.57,7.31,13.62,13.48,15.55,1.03,,0
PHL,608,Philippines,East Asia & Pacific,lower_middle_income,2004,86394504,5229.45,0.88,68.3,33.6,8.64,11.72,87.99,66.31,87.6,3.55,40.21,30.41,56.52,61.38,80.63,71.73,39.73,62.0,50.8,11.2,7.2,13.42,16.25,15.63,0.89,,0
PHL,608,Philippines,East Asia & Pacific,lower_middle_income,2005,88015962,5386.82,0.9,68.42,32.8,8.66,11.59,88.37,66.75,79.8,3.8,42.18,29.94,56.88,61.06,78.3,70.21,40.26,61.34,51.35,9.99,6.67,12.61,12.88,13.2,1.26,,0
PHL,608,Philippines,East Asia & Pacific,lower_middle_income,2006,89508986,5578.57,0.79,68.17,32.0,8.68,11.4,88.74,67.18,80.2,4.05,41.91,29.18,56.95,60.58,78.71,69.84,41.12,61.44,52.25,9.19,5.94,11.45,11.74,11.69,1.97,,0
PHL,608,Philippines,East Asia & Pacific,lower_middle_income,2007,91075184,5840.07,0.85,68.55,31.3,8.69,11.48,89.12,68.21,82.0,3.43,41.0,28.03,57.48,60.86,79.78,71.55,42.45,62.42,52.99,9.44,5.45,10.78,12.09,12.69,2.95,,0
PHL,608,Philippines,East Asia & Pacific,lower_middle_income,2008,92699095,5987.04,0.84,68.64,30.7,8.71,11.56,89.5,69.24,83.3,3.72,40.75,26.58,57.76,61.14,80.68,71.11,44.23,62.99,53.55,9.44,5.31,10.44,11.87,11.75,4.44,1.0,0
PHL,608,Philippines,East Asia & Pacific,lower_middle_income,2009,94384250,5965.31,0.83,68.63,30.1,8.81,11.32,89.88,70.28,84.3,3.86,39.91,24.89,57.97,60.82,81.49,71.28,46.43,63.6,53.79,9.8,4.93,9.45,12.42,12.23,6.23,,0
PHL,608,Philippines,East Asia & Pacific,lower_middle_income,2010,96337125,6273.04,0.88,68.88,29.5,8.91,11.55,90.26,71.34,85.5,3.6,38.95,23.03,58.38,61.79,82.37,72.29,49.02,64.77,54.59,10.18,4.56,9.49,12.65,13.22,8.5,,0
PHL,608,Philippines,East Asia & Pacific,lower_middle_income,2011,98248614,6388.31,0.86,69.1,29.0,8.99,11.78,90.67,72.43,87.2,3.59,38.42,20.28,58.73,62.68,83.43,72.6,53.27,66.14,54.93,11.22,4.41,9.73,13.45,13.6,14.33,,0
PHL,608,Philippines,East Asia & Pacific,lower_middle_income,2012,100175512,6697.56,0.89,69.24,28.6,9.07,12.0,91.07,73.53,87.1,3.5,36.59,21.84,58.99,63.57,83.9,73.74,50.79,66.2,55.46,10.73,3.97,9.68,12.5,14.48,12.07,,0
PHL,608,Philippines,East Asia & Pacific,lower_middle_income,2013,102076336,7016.54,0.96,69.28,28.3,9.15,12.23,91.48,74.63,87.5,3.5,35.61,22.74,59.14,64.46,84.54,74.27,49.44,66.37,56.3,10.06,3.27,9.92,11.86,14.55,9.45,,0
PHL,608,Philippines,East Asia & Pacific,lower_middle_income,2014,103767130,7340.36,1.0,69.31,28.0,8.97,12.46,91.88,75.74,89.8,3.6,36.24,20.34,59.28,64.52,85.81,73.73,53.17,67.3,57.24,10.06,2.33,9.03,11.88,14.12,11.8,,0
PHL,608,Philippines,East Asia & Pacific,lower_middle_income,2015,105312992,7691.76,1.07,69.45,27.9,8.8,12.61,92.28,76.86,89.1,3.07,34.85,19.71,59.42,64.35,86.08,75.52,54.22,67.92,57.79,10.13,1.48,7.77,10.16,15.94,14.61,3.0,0
PHL,608,Philippines,East Asia & Pacific,lower_middle_income,2016,106735719,8131.83,1.14,69.49,27.8,8.62,12.58,92.68,77.98,92.0,2.7,34.5,19.91,59.49,63.69,87.55,76.45,53.88,68.21,58.81,9.4,0.5,6.04,10.27,16.15,12.65,,0
PHL,608,Philippines,East Asia & Pacific,lower_middle_income,2017,108119693,8584.14,1.25,69.97,27.8,8.45,12.82,93.08,79.11,93.0,2.55,33.19,18.33,59.86,63.76,88.4,77.43,56.63,69.21,59.92,9.3,-0.0,5.32,8.84,17.07,13.68,,0
PHL,608,Philippines,East Asia & Pacific,lower_middle_income,2018,109465287,9016.29,1.29,69.76,27.9,8.71,12.84,93.48,80.24,94.2,2.34,31.99,20.59,59.66,64.7,89.31,78.49,52.76,68.98,60.54,8.45,-1.06,5.36,8.4,17.32,9.98,,0
PHL,608,Philippines,East Asia & Pacific,lower_middle_income,2019,110804683,9452.29,1.34,69.68,28.0,8.97,13.04,93.88,81.38,95.3,2.24,32.3,21.53,59.56,66.11,90.19,78.53,51.27,69.13,61.75,7.39,-1.98,5.68,7.68,17.19,6.76,,0
PHL,608,Philippines,East Asia & Pacific,lower_middle_income,2020,112081264,8455.18,1.22,70.1,28.0,8.97,12.78,94.28,82.53,96.4,2.52,33.97,20.29,59.88,65.41,91.07,77.07,53.25,69.34,60.79,8.54,-0.43,5.54,9.33,18.72,8.67,,0
PHL,608,Philippines,East Asia & Pacific,lower_middle_income,2021,113100950,8857.79,1.29,66.68,27.9,8.97,12.78,94.67,83.68,97.5,3.4,33.59,20.29,57.29,65.41,91.95,75.52,53.25,68.68,60.94,7.74,-2.64,5.24,9.14,15.95,8.75,,1
PHL,608,Philippines,East Asia & Pacific,lower_middle_income,2022,113964338,9457.1,1.33,69.47,27.5,8.97,12.78,95.07,84.83,94.8,2.6,34.52,20.29,59.6,65.41,91.57,76.64,53.25,69.29,62.58,6.72,-2.96,4.18,6.84,14.32,8.19,3.0,1
PNG,598,Papua New Guinea,East Asia & Pacific,lower_middle_income,2000,5537064,3326.8,0.53,61.61,72.0,3.36,6.14,29.77,16.22,12.4,2.92,74.4,17.96,43.1,28.28,19.46,55.0,57.31,40.63,42.61,-1.98,2.92,-10.95,-28.13,2.48,22.7,0.0,0
PNG,598,Papua New Guinea,East Asia & Pacific,lower_middle_income,2001,5728435,3211.76,0.62,61.65,70.8,3.42,6.34,29.76,16.21,12.7,2.8,74.57,17.75,43.31,29.01,19.55,55.15,57.7,40.95,42.21,-1.26,3.18,-10.05,-26.39,3.0,23.39,,0
PNG,598,Papua New Guinea,East Asia & Pacific,lower_middle_income,2002,5924003,3100.8,0.69,61.64,69.6,3.48,6.53,29.75,16.2,13.1,2.76,74.73,17.28,43.49,29.75,19.68,55.16,58.61,41.34,42.03,-0.69,3.37,-9.29,-25.51,2.89,24.26,,0
PNG,598,Papua New Guinea,East Asia & Pacific,lower_middle_income,2003,6123997,3064.44,0.74,61.74,68.4,3.54,6.72,29.74,16.19,13.4,2.63,74.71,16.72,43.76,30.48,19.78,55.42,59.71,41.83,42.26,-0.43,3.43,-8.82,-25.8,2.82,25.05,,0
PNG,598,Papua New Guinea,East Asia & Pacific,lower_middle_income,2004,6328041,3046.33,0.76,61.8,67.2,3.6,6.91,29.72,16.18,13.8,2.53,74.68,16.25,43.99,31.22,19.9,55.64,60.66,42.28,42.5,-0.21,3.47,-8.67,-25.75,2.63,25.4,,0
PNG,598,Papua New Guinea,East Asia & Pacific,lower_middle_income,2005,6535905,3136.59,0.8,61.87,65.9,3.66,7.11,31.2,16.61,14.1,2.38,74.55,16.06,44.26,31.95,20.63,55.99,61.05,42.78,43.11,-0.34,2.75,-8.55,-26.51,2.41,25.57,,0
PNG,598,Papua New Guinea,East Asia & Pacific,lower_middle_income,2006,6747720,3202.49,0.79,62.02,64.6,3.75,7.3,32.67,17.03,12.4,2.28,74.37,16.18,44.59,32.76,20.7,56.29,60.81,43.03,43.81,-0.78,2.32,-8.48,-27.74,2.18,25.12,,0
PNG,598,Papua New Guinea,East Asia & Pacific,lower_middle_income,2007,6963345,3345.85,0.76,62.21,63.2,3.83,7.49,34.15,17.46,14.9,2.17,74.24,16.46,44.98,33.57,22.17,56.59,60.23,43.51,44.5,-1.0,1.72,-8.54,-27.23,2.13,24.25,,0
PNG,598,Papua New Guinea,East Asia & Pacific,lower_middle_income,2008,7183002,3233.92,0.71,62.51,61.8,3.91,7.68,35.62,17.88,15.3,2.17,74.13,16.79,45.45,34.38,22.93,56.65,59.55,43.79,44.49,-0.69,2.41,-7.83,-26.09,2.18,23.29,0.0,0
PNG,598,Papua New Guinea,East Asia & Pacific,lower_middle_income,2009,7406438,3349.64,0.67,62.77,60.3,3.99,7.88,36.87,18.25,17.2,2.09,74.15,17.08,45.92,35.19,24.11,56.79,58.99,44.2,45.02,-0.82,1.68,-8.02,-26.06,2.17,22.54,,0
PNG,598,Papua New Guinea,East Asia & Pacific,lower_middle_income,2010,7633523,3579.17,0.55,63.06,58.9,4.08,8.07,38.1,18.61,19.5,2.0,73.81,17.21,46.39,36.0,25.4,57.15,58.73,44.74,45.95,-1.22,1.26,-8.31,-25.86,2.38,22.19,,0
PNG,598,Papua New Guinea,East Asia & Pacific,lower_middle_income,2011,7859346,3514.83,0.57,63.38,57.5,4.21,8.26,39.3,18.97,17.3,2.62,73.73,16.46,46.9,36.97,25.19,55.95,60.22,45.05,45.81,-0.76,1.41,-7.35,-25.64,1.49,25.92,,0
PNG,598,Papua New Guinea,East Asia & Pacific,lower_middle_income,2012,8081390,3577.45,0.53,63.64,56.1,4.34,8.45,40.48,19.32,17.5,2.63,73.72,16.47,47.37,37.94,25.77,55.93,60.21,45.44,45.8,-0.36,1.33,-6.66,-25.78,1.56,27.26,,0
PNG,598,Papua New Guinea,East Asia & Pacific,lower_middle_income,2013,8302698,3615.28,0.55,63.93,54.7,4.47,8.78,41.65,19.68,17.8,2.7,73.63,16.5,47.87,39.27,26.37,55.85,60.15,45.9,46.7,-0.8,1.26,-5.57,-25.95,1.25,24.48,,0
PNG,598,Papua New Guinea,East Asia & Pacific,lower_middle_income,2014,8523441,3998.62,0.65,64.2,53.3,4.6,9.1,42.8,20.03,18.1,2.54,73.12,16.37,48.36,40.6,26.98,56.43,60.4,46.56,48.14,-1.58,0.2,-5.63,-28.36,1.39,23.93,,0
PNG,598,Papua New Guinea,East Asia & Pacific,lower_middle_income,2015,8743246,4154.52,0.68,64.47,57.3,4.73,9.43,43.93,20.39,18.4,2.51,72.81,16.87,47.78,41.94,27.57,56.67,59.41,46.67,48.14,-1.46,-1.17,-5.1,-29.41,1.62,27.15,0.0,0
PNG,598,Papua New Guinea,East Asia & Pacific,lower_middle_income,2016,8961718,4275.75,0.74,64.7,50.4,4.77,9.75,45.05,20.75,13.5,2.48,72.58,16.15,49.35,42.98,26.43,56.84,60.85,47.29,48.99,-1.69,-0.4,-4.67,-31.18,1.33,27.08,,0
PNG,598,Papua New Guinea,East Asia & Pacific,lower_middle_income,2017,9178714,4322.22,0.63,64.92,48.9,4.81,10.07,46.14,21.1,19.2,2.58,72.29,15.93,49.85,44.01,28.82,56.79,61.32,48.16,49.65,-1.49,-0.28,-3.87,-29.98,1.13,25.89,,0
PNG,598,Papua New Guinea,East Asia & Pacific,lower_middle_income,2018,9394513,4211.15,0.52,65.11,47.5,4.85,10.4,47.22,21.46,16.6,2.65,72.14,16.92,50.31,45.05,28.43,56.73,59.31,47.97,49.52,-1.55,0.15,-2.78,-30.42,0.86,24.07,,0
PNG,598,Papua New Guinea,East Asia & Pacific,lower_middle_income,2019,9609010,4301.61,0.52,65.33,46.1,4.89,10.76,48.29,21.81,23.6,2.65,72.0,16.89,50.8,46.19,31.23,56.8,59.37,48.88,50.35,-1.47,0.13,-2.17,-28.44,1.01,22.42,,0
PNG,598,Papua New Guinea,East Asia & Pacific,lower_middle_income,2020,9815746,4077.63,0.56,65.08,44.7,4.93,11.13,49.33,22.17,20.5,2.9,72.23,17.31,50.94,47.35,30.67,56.18,58.55,48.74,50.06,-1.33,0.33,-1.59,-29.59,2.65,21.8,,0
PNG,598,Papua New Guinea,East Asia & Pacific,lower_middle_income,2021,10012896,3976.9,0.54,64.36,43.2,4.93,11.13,50.35,22.52,20.9,3.03,71.71,17.31,50.76,47.35,31.26,56.2,58.55,48.82,49.72,-0.89,0.9,-1.22,-29.04,2.37,21.96,,1
PNG,598,Papua New Guinea,East Asia & Pacific,lower_middle_income,2022,10203169,4125.49,0.54,65.27,41.9,4.93,11.13,51.35,22.88,19.0,2.69,71.39,17.31,51.8,47.35,31.08,57.05,58.55,49.16,50.78,-1.62,0.06,-1.59,-30.62,1.24,21.69,0.0,1
POL,616,Poland,Europe & Central Asia,high_income,2000,38258629,18566.35,8.18,73.75,9.3,11.25,14.89,98.24,87.57,100.0,14.93,28.72,25.79,74.66,78.86,95.27,55.03,45.24,69.81,68.98,0.83,5.93,12.89,1.48,-12.93,-5.32,3.0,1
POL,616,Poland,Europe & Central Asia,high_income,2001,38248076,18800.6,8.1,74.2,8.8,11.35,15.26,98.24,88.26,100.0,18.43,29.44,26.04,75.61,80.23,95.5,47.63,44.91,68.77,69.6,-0.83,5.99,12.95,1.31,-20.06,-5.65,,1
POL,616,Poland,Europe & Central Asia,high_income,2002,38230364,19166.91,7.91,74.5,8.4,11.45,15.62,98.24,88.94,100.0,20.21,29.45,26.54,76.34,81.57,95.72,44.08,44.28,68.4,70.02,-1.62,6.01,13.23,1.42,-23.82,-6.42,,1
POL,616,Poland,Europe & Central Asia,high_income,2003,38204570,19855.63,8.25,74.6,8.1,11.57,15.81,98.24,89.59,99.9,19.9,28.54,27.1,76.81,82.49,95.91,45.18,43.58,68.79,70.59,-1.8,5.83,13.04,1.38,-22.62,-7.62,,1
POL,616,Poland,Europe & Central Asia,high_income,2004,38182222,20878.65,8.32,74.85,7.8,11.69,15.18,98.24,90.26,99.9,18.82,27.95,27.57,77.41,81.14,96.13,47.64,43.01,69.07,71.1,-2.03,5.69,11.08,1.49,-21.3,-8.52,,1
POL,616,Poland,Europe & Central Asia,high_income,2005,38165445,21568.95,8.31,75.0,7.6,11.81,15.38,98.24,90.92,99.8,17.59,26.93,27.76,77.81,82.08,96.32,50.64,42.78,69.93,71.51,-1.58,5.66,11.31,1.65,-19.45,-9.04,,0
POL,616,Poland,Europe & Central Asia,high_income,2006,38141267,22921.2,8.67,75.14,7.3,11.93,15.38,98.24,91.59,99.8,13.79,25.63,27.72,78.36,82.49,96.54,58.92,42.83,71.83,72.36,-0.53,5.66,10.84,1.6,-12.98,-9.61,,0
POL,616,Poland,Europe & Central Asia,high_income,2007,38120560,24484.07,8.66,75.24,7.0,12.05,15.38,98.23,92.26,99.8,9.55,24.62,27.6,78.89,82.89,96.76,67.94,42.97,73.89,73.28,0.61,5.34,10.44,1.62,-5.48,-10.23,,0
POL,616,Poland,Europe & Central Asia,high_income,2008,38125759,25553.91,8.51,75.54,6.7,12.17,15.38,98.23,92.93,99.8,7.07,24.01,27.43,79.6,83.29,96.99,73.22,43.18,75.25,74.17,1.09,5.01,9.79,1.48,-1.38,-10.85,3.0,0
POL,616,Poland,Europe & Central Asia,high_income,2009,38151603,26204.41,8.16,75.7,6.3,12.34,15.42,98.23,93.6,100.0,8.13,23.71,27.21,80.38,83.97,97.28,71.26,43.44,75.27,74.71,0.55,3.98,9.14,1.21,-0.92,-12.04,,0
POL,616,Poland,Europe & Central Asia,high_income,2010,38042794,27112.13,8.66,76.25,6.0,12.31,15.77,97.69,94.28,100.0,9.58,23.82,26.97,81.34,84.85,97.32,68.31,43.75,75.11,74.94,0.17,4.37,9.41,1.07,-3.27,-12.05,,0
POL,616,Poland,Europe & Central Asia,high_income,2011,38063255,28521.66,8.59,76.7,5.7,12.55,15.66,97.15,94.95,100.0,9.58,23.6,26.55,82.24,85.34,97.37,68.42,44.27,75.53,75.73,-0.2,4.08,8.73,0.7,-4.79,-11.48,,0
POL,616,Poland,Europe & Central Asia,high_income,2012,38063164,28952.92,8.4,76.75,5.4,12.78,15.7,96.61,95.64,100.0,10.03,23.06,24.13,82.87,86.23,97.41,67.8,47.46,76.35,76.02,0.33,4.26,9.15,0.71,-5.37,-10.08,,0
POL,616,Poland,Europe & Central Asia,high_income,2013,38040196,29168.62,8.28,77.0,5.2,12.78,16.59,96.06,96.32,100.0,10.29,22.42,23.19,83.47,88.69,97.46,67.61,48.79,77.2,76.38,0.82,4.34,10.66,0.59,-6.08,-9.06,,0
POL,616,Poland,Europe & Central Asia,high_income,2014,38011735,30334.88,7.96,77.6,5.0,12.84,16.21,95.52,97.0,100.0,8.97,21.84,23.43,84.36,87.81,97.51,70.56,48.44,77.73,77.34,0.39,4.41,8.96,0.29,-3.89,-10.71,,0
POL,616,Poland,Europe & Central Asia,high_income,2015,37986412,31700.37,8.05,77.45,4.9,12.92,16.16,94.97,97.69,100.0,7.48,21.63,22.41,84.46,87.95,97.55,73.67,49.92,78.71,78.0,0.71,3.77,8.39,0.1,-1.81,-9.85,4.0,0
POL,616,Poland,Europe & Central Asia,high_income,2016,37970087,32675.31,8.34,77.85,4.8,13.0,16.1,94.42,98.38,100.0,6.14,21.04,21.25,85.0,88.09,97.6,76.65,51.7,79.81,78.91,0.89,3.75,8.04,-0.1,0.13,-10.37,,0
POL,616,Poland,Europe & Central Asia,high_income,2017,37974826,34354.6,8.7,77.75,4.6,13.04,16.05,93.88,98.8,100.0,4.87,20.65,22.26,85.38,88.08,97.56,79.4,50.15,80.11,79.59,0.52,3.33,7.31,-0.3,1.81,-12.4,,0
POL,616,Poland,Europe & Central Asia,high_income,2018,37974750,36500.41,8.68,77.6,4.5,13.08,15.93,93.33,98.96,100.0,3.84,20.4,22.41,85.51,87.86,97.43,81.59,49.93,80.46,80.44,0.02,2.52,6.16,-0.64,2.45,-13.34,,0
POL,616,Poland,Europe & Central Asia,high_income,2019,37965475,38181.62,8.22,77.9,4.5,13.12,15.87,92.79,98.96,100.0,3.27,20.04,18.77,85.74,87.84,97.25,82.92,55.84,81.92,81.59,0.33,1.93,5.28,-1.04,2.98,-10.38,,0
POL,616,Poland,Europe & Central Asia,high_income,2020,37515748,37852.8,7.91,76.4,4.4,13.16,15.84,92.25,98.96,100.0,3.16,20.59,17.96,84.82,87.89,97.07,82.85,57.32,81.99,82.0,-0.01,0.91,4.36,-1.51,4.44,-10.54,,0
POL,616,Poland,Europe & Central Asia,high_income,2021,36981559,41059.58,8.76,75.35,4.4,13.16,15.93,91.71,98.96,100.0,3.27,19.06,17.96,84.02,88.15,96.89,83.43,57.32,81.96,82.34,-0.38,0.13,4.06,-1.75,3.93,-10.94,,1
POL,616,Poland,Europe & Central Asia,high_income,2022,36821749,43405.02,8.36,77.16,4.3,13.16,15.93,91.18,98.96,100.0,2.81,17.8,17.96,85.66,88.15,96.71,85.01,57.32,82.57,83.14,-0.57,0.72,3.8,-2.0,3.2,-11.41,4.0,1
PRT,620,Portugal,Europe & Central Asia,high_income,2000,10289898,35069.83,6.24,76.31,7.2,6.79,15.71,99.23,97.65,100.0,3.81,19.11,13.96,79.41,66.27,98.96,82.33,65.73,78.54,75.87,2.67,2.62,-7.38,1.44,4.47,10.04,4.0,0
PRT,620,Portugal,Europe & Central Asia,high_income,2001,10362722,35500.23,6.13,76.81,6.6,6.88,15.75,99.22,97.77,100.0,3.83,19.44,13.85,80.74,66.68,98.99,82.11,65.99,78.9,76.52,2.38,3.21,-8.03,1.38,3.83,9.95,,0
PRT,620,Portugal,Europe & Central Asia,high_income,2002,10419631,35578.52,6.5,77.07,6.0,6.96,15.8,99.2,97.88,100.0,4.5,19.0,13.69,81.97,67.09,99.03,81.0,66.38,79.09,76.79,2.3,3.9,-8.36,1.36,3.17,9.62,,0
PRT,620,Portugal,Europe & Central Asia,high_income,2003,10458821,35115.38,6.0,77.22,5.5,7.15,15.84,99.19,98.0,100.0,6.13,18.78,13.49,83.03,67.84,99.06,77.85,66.87,78.93,76.84,2.09,4.83,-8.28,1.46,1.08,9.78,,0
PRT,620,Portugal,Europe & Central Asia,high_income,2004,10483861,35658.13,6.16,77.67,5.0,7.39,15.89,99.19,98.11,100.0,6.32,17.9,13.26,84.41,68.76,99.1,77.94,67.45,79.53,77.1,2.43,5.66,-7.69,1.53,1.13,9.86,,0
PRT,620,Portugal,Europe & Central Asia,high_income,2005,10503330,35870.31,6.46,78.07,4.7,7.49,15.93,99.18,98.22,100.0,7.58,17.71,13.0,85.39,69.24,99.13,75.51,68.11,79.48,77.33,2.14,6.39,-7.92,1.63,-1.57,10.15,,0
PRT,620,Portugal,Europe & Central Asia,high_income,2006,10522288,36387.54,5.98,78.42,4.4,7.62,15.98,99.17,98.33,100.0,7.65,16.84,12.6,86.38,69.77,99.17,75.84,69.15,80.06,77.84,2.22,7.17,-7.87,1.68,-2.3,10.81,,0
PRT,620,Portugal,Europe & Central Asia,high_income,2007,10542964,37226.47,5.82,78.32,4.2,7.67,16.02,99.17,98.44,100.0,7.96,16.83,12.03,86.81,70.08,99.2,75.21,70.69,80.4,78.42,1.98,7.31,-7.92,1.79,-4.14,11.87,,0
PRT,620,Portugal,Europe & Central Asia,high_income,2008,10558177,37291.5,5.61,78.52,4.0,7.78,16.07,99.16,98.54,100.0,7.55,16.45,11.44,87.49,70.57,99.24,76.23,72.37,81.18,78.84,2.35,7.46,-7.86,1.79,-3.61,13.04,4.0,0
PRT,620,Portugal,Europe & Central Asia,high_income,2009,10568247,36092.81,5.53,78.73,3.9,7.93,16.11,99.16,98.65,100.0,9.43,16.26,10.98,87.92,71.18,99.27,72.58,73.74,80.94,78.41,2.53,7.05,-7.54,1.67,-4.07,13.59,,0
PRT,620,Portugal,Europe & Central Asia,high_income,2010,10573100,36703.11,5.04,79.03,3.8,8.06,16.16,99.16,98.75,100.0,10.77,15.64,10.79,88.44,71.74,99.31,70.23,74.31,80.81,78.52,2.28,7.14,-7.52,1.61,-5.78,13.86,,0
PRT,620,Portugal,Europe & Central Asia,high_income,2011,10557560,36127.29,4.87,80.47,3.7,8.28,16.2,99.16,98.85,100.0,12.72,14.48,11.52,89.84,72.6,99.34,66.95,72.15,80.18,78.57,1.6,8.35,-6.99,1.63,-9.67,12.94,,0
PRT,620,Portugal,Europe & Central Asia,high_income,2012,10514844,34804.63,4.73,80.37,3.7,8.5,16.25,99.17,98.96,100.0,15.51,14.89,10.12,89.76,73.45,99.37,61.15,76.48,80.04,78.36,1.68,8.54,-6.02,1.83,-14.73,15.59,,0
PRT,620,Portugal,Europe & Central Asia,high_income,2013,10457295,34651.77,4.6,80.72,3.6,8.66,16.29,99.17,99.05,100.0,16.24,14.8,9.77,90.33,74.11,99.41,59.74,77.64,80.25,78.65,1.6,8.74,-6.29,1.75,-16.32,16.21,,0
PRT,620,Portugal,Europe & Central Asia,high_income,2014,10401062,35097.41,4.58,81.12,3.6,8.87,16.34,99.18,99.15,100.0,13.88,13.25,9.51,90.64,74.96,99.44,65.26,78.55,81.77,79.21,2.56,8.63,-5.79,1.63,-11.24,16.38,,0
PRT,620,Portugal,Europe & Central Asia,high_income,2015,10358076,35803.36,4.99,81.12,3.6,8.99,16.38,99.18,99.25,100.0,12.4,12.32,9.64,90.64,75.47,99.48,68.71,78.08,82.47,79.54,2.93,8.26,-5.68,1.55,-8.54,15.85,4.0,0
PRT,620,Portugal,Europe & Central Asia,high_income,2016,10325452,36636.3,4.89,81.12,3.6,9.11,16.27,99.19,99.34,100.0,11.06,11.9,8.84,90.64,75.56,99.51,71.62,80.99,83.66,80.44,3.23,7.74,-6.01,1.4,-6.54,16.39,,0
PRT,620,Portugal,Europe & Central Asia,high_income,2017,10300300,37943.12,5.35,81.42,3.6,9.22,16.36,99.2,99.44,100.0,8.88,11.31,9.26,90.87,76.18,99.55,76.29,79.45,84.47,80.94,3.53,7.36,-5.95,1.31,-2.9,14.9,,0
PRT,620,Portugal,Europe & Central Asia,high_income,2018,10283822,39123.62,4.97,81.32,3.5,9.14,16.48,99.21,99.53,100.0,6.97,11.0,9.03,91.1,76.26,99.58,80.28,80.28,85.5,81.4,4.1,7.1,-6.41,1.25,-0.04,15.53,,0
PRT,620,Portugal,Europe & Central Asia,high_income,2019,10286263,40188.29,4.51,81.68,3.5,9.33,16.6,99.22,99.62,100.0,6.42,11.08,7.98,91.37,77.2,99.61,81.33,84.38,86.78,82.26,4.52,6.85,-6.06,1.18,0.56,17.06,,0
PRT,620,Portugal,Europe & Central Asia,high_income,2020,10297081,36852.23,3.95,81.33,3.4,9.58,16.67,99.23,99.65,100.0,6.85,11.1,8.45,91.42,78.22,99.63,80.46,82.47,86.44,81.65,4.79,7.87,-4.93,1.11,2.48,15.19,,0
PRT,620,Portugal,Europe & Central Asia,high_income,2021,10361831,38657.67,3.76,81.38,3.3,9.58,16.82,99.25,99.66,100.0,6.71,10.93,8.45,91.78,78.65,99.64,80.83,82.47,86.67,81.52,5.15,8.81,-4.56,1.15,2.31,15.49,,1
PRT,620,Portugal,Europe & Central Asia,high_income,2022,10434332,41070.86,3.8,81.63,3.3,9.58,16.82,99.26,99.66,100.0,6.14,10.5,8.45,91.97,78.65,99.64,82.2,82.47,86.99,82.43,4.56,7.78,-4.94,1.05,1.23,14.91,4.0,1
PRY,600,Paraguay,Americas,upper_middle_income,2000,5100868,9998.59,0.71,70.03,33.6,6.69,12.15,76.39,70.77,89.6,7.61,52.8,13.56,57.85,56.04,78.92,56.99,66.71,63.3,60.34,2.96,-0.79,-0.79,-5.51,-4.02,21.48,1.0,0
PRY,600,Paraguay,Americas,upper_middle_income,2001,5187689,9749.26,0.73,70.28,32.8,6.79,12.57,77.77,72.05,91.0,6.21,52.79,13.45,58.31,57.56,80.27,59.8,66.98,64.59,60.46,4.13,-0.77,0.3,-3.83,-0.24,21.81,,0
PRY,600,Paraguay,Americas,upper_middle_income,2002,5261328,9610.75,0.75,70.54,32.0,6.89,13.07,79.12,73.31,91.7,9.39,52.72,13.23,58.77,59.28,81.37,53.47,67.53,64.09,60.53,3.56,-0.81,1.8,-2.72,-6.18,22.48,,0
PRY,600,Paraguay,Americas,upper_middle_income,2003,5326436,9903.45,0.77,70.8,31.3,6.99,12.49,80.35,74.47,92.6,6.81,50.42,12.97,59.21,58.01,82.47,59.84,68.19,65.55,61.3,4.24,-1.31,-0.22,-2.63,-0.2,22.85,,0
PRY,600,Paraguay,Americas,upper_middle_income,2004,5388175,10187.19,0.77,71.05,30.5,7.17,12.73,81.56,75.6,93.2,6.51,51.75,12.73,59.69,59.27,83.45,59.74,68.81,66.19,61.51,4.68,-1.1,0.46,-1.91,-1.11,23.37,,0
PRY,600,Paraguay,Americas,upper_middle_income,2005,5448097,10290.1,0.7,71.32,29.7,7.35,12.6,82.75,76.73,94.7,4.82,48.05,12.58,60.18,59.5,84.73,65.06,69.2,67.73,61.72,6.01,-1.18,0.51,-0.88,3.21,23.92,,0
PRY,600,Paraguay,Americas,upper_middle_income,2006,5505148,10672.99,0.75,71.58,28.9,7.07,12.56,83.92,77.84,96.7,5.28,47.91,12.5,60.68,58.46,86.16,64.23,69.42,67.79,62.29,5.5,-0.99,-0.83,-0.2,1.0,24.28,,0
PRY,600,Paraguay,Americas,upper_middle_income,2007,5559386,11141.87,0.7,71.82,28.2,7.15,12.52,85.09,78.95,96.5,4.71,45.56,12.43,61.13,58.64,86.84,66.6,69.61,68.56,62.92,5.65,-1.38,-1.43,0.12,2.46,24.31,,0
PRY,600,Paraguay,Americas,upper_middle_income,2008,5613574,11751.14,0.81,72.05,27.3,7.39,12.8,86.23,80.04,96.7,4.42,42.74,12.37,61.66,60.2,87.66,68.68,69.76,69.59,63.77,5.82,-1.68,-0.94,-0.14,3.29,23.92,3.0,0
PRY,600,Paraguay,Americas,upper_middle_income,2009,5671236,11601.29,0.83,72.28,26.5,7.03,13.2,87.37,81.13,96.9,5.46,44.9,12.35,62.16,60.11,88.47,65.45,69.82,69.2,63.91,5.29,-1.7,-1.78,0.19,1.23,23.53,,0
PRY,600,Paraguay,Americas,upper_middle_income,2010,5737971,12738.58,0.91,72.55,25.7,7.28,13.18,88.49,82.2,97.4,4.57,42.08,12.36,62.7,60.87,89.36,68.72,69.78,70.29,65.18,5.1,-2.51,-2.58,-0.37,4.36,22.7,,0
PRY,600,Paraguay,Americas,upper_middle_income,2011,5814626,13109.47,0.94,72.79,24.9,7.53,13.64,89.6,83.27,98.2,4.67,41.46,13.07,63.23,62.98,90.36,68.84,67.91,70.66,65.59,5.07,-2.52,-1.39,0.01,4.13,21.78,,0
PRY,600,Paraguay,Americas,upper_middle_income,2012,5897008,12834.8,0.92,73.1,24.2,7.78,13.83,90.7,84.32,97.8,4.08,42.11,12.36,63.78,64.34,90.94,69.67,69.79,71.7,65.24,6.46,-1.43,-0.09,0.97,5.16,23.62,,0
PRY,600,Paraguay,Americas,upper_middle_income,2013,5982445,13700.7,0.94,73.29,23.4,8.29,14.01,91.78,85.36,99.0,4.38,38.23,11.71,64.29,66.55,92.05,71.11,71.6,73.12,66.12,7.0,-2.05,0.63,1.04,5.64,24.89,,0
PRY,600,Paraguay,Americas,upper_middle_income,2014,6069811,14219.35,0.98,73.42,22.7,8.25,13.96,92.84,86.39,99.0,5.03,37.24,11.46,64.71,66.26,92.74,70.33,72.32,73.27,67.11,6.17,-2.45,-0.78,1.16,5.35,24.49,,0
PRY,600,Paraguay,Americas,upper_middle_income,2015,6159103,14427.6,1.08,73.45,21.9,8.52,14.05,93.9,87.41,99.3,4.56,38.79,10.43,65.13,67.44,93.53,70.47,75.44,74.41,67.16,7.25,-2.56,-0.09,1.58,5.82,28.0,3.0,0
PRY,600,Paraguay,Americas,upper_middle_income,2016,6249126,14826.66,1.2,73.49,21.2,8.35,13.81,94.94,88.42,98.4,5.26,39.13,10.41,65.51,66.19,93.92,68.9,75.52,74.01,67.65,6.36,-2.58,-1.95,1.58,3.68,26.92,,0
PRY,600,Paraguay,Americas,upper_middle_income,2017,6338660,15320.34,1.34,73.45,20.5,8.47,13.74,95.97,89.42,99.3,6.14,36.79,10.29,65.85,66.39,94.9,68.36,75.91,74.28,68.19,6.09,-2.78,-2.16,2.21,3.5,26.18,,0
PRY,600,Paraguay,Americas,upper_middle_income,2018,6427382,15592.98,1.36,73.63,19.9,8.59,13.79,96.99,90.42,99.6,6.22,37.64,10.49,66.31,66.92,95.67,67.76,75.27,74.38,68.4,5.98,-2.67,-1.86,2.76,2.33,26.03,,0
PRY,600,Paraguay,Americas,upper_middle_income,2019,6515058,15321.32,1.31,73.67,19.2,8.81,14.04,98.02,91.42,99.7,6.6,36.9,10.12,66.73,68.37,96.38,67.39,76.46,75.07,68.57,6.5,-2.05,-0.27,3.51,2.6,25.95,,0
PRY,600,Paraguay,Americas,upper_middle_income,2020,6603739,14991.66,1.19,72.72,18.6,8.86,13.91,99.05,92.41,99.7,7.55,40.72,10.09,66.34,68.18,97.05,63.47,76.57,74.32,68.98,5.35,-2.3,-1.29,3.22,0.84,24.77,,0
PRY,600,Paraguay,Americas,upper_middle_income,2021,6684182,15406.17,1.19,68.11,18.0,8.86,13.91,99.33,93.39,100.0,7.31,39.65,10.09,63.15,68.18,97.57,64.51,76.57,74.0,68.68,5.32,-4.5,-1.06,3.81,0.6,25.25,,1
PRY,600,Paraguay,Americas,upper_middle_income,2022,6760464,15259.15,1.18,72.32,17.5,8.86,13.91,99.52,94.24,100.0,6.76,37.33,10.09,66.7,68.18,97.92,66.84,76.57,75.24,69.13,6.11,-2.47,-0.62,4.21,0.35,25.86,3.0,1
PSE,275,Palestine,Middle East & N. Africa,lower_middle_income,2000,2922153,4520.89,,70.3,30.3,7.53,11.1,92.39,90.28,99.7,10.62,29.82,26.13,59.18,55.93,94.13,63.06,44.8,63.42,47.65,15.77,13.57,11.72,35.14,8.53,7.6,1.0,1
PSE,275,Palestine,Middle East & N. Africa,lower_middle_income,2001,2997784,3996.51,,69.75,29.4,7.53,11.6,92.88,90.34,99.1,21.49,33.99,26.24,59.09,57.31,94.11,39.13,44.66,58.86,45.72,13.14,15.18,14.72,40.14,-14.14,8.63,,1
PSE,275,Palestine,Middle East & N. Africa,lower_middle_income,2002,3075373,3409.17,,70.88,28.5,7.53,11.9,93.37,90.39,99.2,27.46,37.66,26.51,60.29,58.14,94.32,30.18,44.31,57.45,43.49,13.96,18.56,17.61,45.79,-22.5,9.32,,1
PSE,275,Palestine,Middle East & N. Africa,lower_middle_income,2003,3154969,3788.93,,70.97,27.7,7.53,12.31,93.86,90.45,99.1,23.0,39.96,26.91,60.67,59.28,94.47,32.96,43.81,58.24,45.34,12.9,16.89,16.91,41.8,-20.55,7.98,,1
PSE,275,Palestine,Middle East & N. Africa,lower_middle_income,2004,3236626,4503.08,,71.09,26.8,7.53,12.73,94.34,90.94,99.5,23.22,38.19,27.38,61.13,60.44,94.93,33.47,43.24,58.64,48.24,10.4,14.46,14.91,36.16,-21.62,5.7,,0
PSE,275,Palestine,Middle East & N. Africa,lower_middle_income,2005,3320396,4885.07,,72.0,26.0,7.63,12.67,94.83,91.42,99.6,20.02,36.8,27.87,62.15,60.64,95.28,40.6,42.65,60.26,49.69,10.58,13.67,13.78,33.38,-15.68,4.51,,0
PSE,275,Palestine,Middle East & N. Africa,lower_middle_income,2006,3406334,4714.37,,71.83,25.1,7.74,12.84,95.31,91.9,99.7,19.01,36.87,28.6,62.4,61.44,95.64,42.57,41.78,60.77,49.42,11.35,14.28,14.93,34.66,-14.17,4.04,,0
PSE,275,Palestine,Middle East & N. Africa,lower_middle_income,2007,3494496,4769.52,,72.06,24.3,7.91,13.37,95.79,92.39,98.8,18.28,36.65,29.64,62.93,63.51,95.66,44.15,40.59,61.37,49.6,11.77,14.4,16.62,34.98,-12.89,2.78,,0
PSE,275,Palestine,Middle East & N. Africa,lower_middle_income,2008,3591977,4984.81,,72.2,23.5,8.01,13.43,96.27,92.87,99.8,22.91,31.04,30.73,63.41,64.03,96.31,37.84,39.39,60.2,50.6,9.6,14.1,16.15,33.6,-19.87,1.05,1.0,0
PSE,275,Palestine,Middle East & N. Africa,lower_middle_income,2009,3689099,5270.66,,72.31,22.7,8.31,13.38,96.75,93.35,99.9,20.45,27.21,31.58,63.86,64.86,96.67,44.78,38.48,61.73,51.76,9.97,12.95,15.46,31.77,-13.22,-0.63,,0
PSE,275,Palestine,Middle East & N. Africa,lower_middle_income,2010,3786161,5432.24,,73.3,21.9,8.36,13.5,97.23,93.84,99.9,21.42,26.03,31.92,65.02,65.38,96.99,43.47,38.12,61.79,52.17,9.62,13.68,15.38,32.18,-14.38,-1.06,,0
PSE,275,Palestine,Middle East & N. Africa,lower_middle_income,2011,3882986,5805.32,,73.56,21.1,8.58,13.45,97.71,94.32,99.7,17.6,27.02,28.61,65.62,65.94,97.24,50.59,41.78,64.23,53.31,10.92,12.9,14.55,30.46,-7.57,3.85,,0
PSE,275,Palestine,Middle East & N. Africa,lower_middle_income,2012,3979998,6009.11,,73.72,20.3,8.85,13.4,98.18,94.8,99.8,19.2,26.74,27.24,66.16,66.73,97.59,47.52,43.41,64.28,53.55,10.74,12.91,14.66,29.86,-10.66,6.08,,0
PSE,275,Palestine,Middle East & N. Africa,lower_middle_income,2013,4076708,6142.2,,74.14,19.6,8.87,13.18,98.58,95.28,99.9,19.89,25.68,31.16,66.87,66.2,97.92,46.7,38.92,63.32,54.19,9.13,13.12,13.9,29.39,-11.81,0.11,,0
PSE,275,Palestine,Middle East & N. Africa,lower_middle_income,2014,4173398,5990.43,,72.78,21.9,8.91,13.2,98.97,95.76,99.9,20.53,25.92,29.29,64.62,66.38,98.21,45.3,40.99,63.1,54.01,9.09,10.9,14.36,30.64,-12.64,1.57,,0
PSE,275,Palestine,Middle East & N. Africa,lower_middle_income,2015,4270092,6072.65,,74.58,18.2,9.08,13.24,99.2,96.24,99.9,23.0,25.03,30.46,68.01,67.03,98.45,40.81,39.68,62.8,53.89,8.91,13.79,14.4,29.95,-16.88,3.24,1.0,0
PSE,275,Palestine,Middle East & N. Africa,lower_middle_income,2016,4367088,6464.13,,74.92,17.5,9.16,13.19,99.31,96.72,100.0,23.94,24.07,26.56,68.69,67.16,98.68,39.45,44.26,63.65,55.13,8.52,13.25,13.31,28.7,-19.0,5.91,,0
PSE,275,Palestine,Middle East & N. Africa,lower_middle_income,2017,4454805,6426.8,,75.22,16.9,9.28,13.32,99.22,97.2,99.9,25.68,23.05,26.68,69.3,67.91,98.77,37.87,44.11,63.59,55.42,8.17,13.83,14.23,28.25,-20.42,4.5,,0
PSE,275,Palestine,Middle East & N. Africa,lower_middle_income,2018,4569087,6342.94,,75.38,16.3,9.52,13.32,99.14,97.68,100.0,26.26,23.18,29.13,69.82,68.74,98.94,37.8,41.17,63.29,55.25,8.05,14.31,15.16,28.44,-20.86,2.11,,0
PSE,275,Palestine,Middle East & N. Africa,lower_middle_income,2019,4685306,6269.89,,75.81,15.7,10.85,13.3,99.05,98.16,100.0,25.34,22.04,29.68,70.56,73.09,99.07,38.4,40.55,64.33,55.64,8.69,14.99,19.41,28.56,-20.01,0.3,,0
PSE,275,Palestine,Middle East & N. Africa,lower_middle_income,2020,4803269,5423.68,,75.0,15.2,9.94,13.24,98.96,98.62,100.0,25.9,21.85,26.36,70.29,69.91,99.19,38.5,44.5,64.48,53.98,10.5,16.13,17.28,30.72,-16.77,5.2,,0
PSE,275,Palestine,Middle East & N. Africa,lower_middle_income,2021,4922749,5663.12,,73.89,14.6,9.94,13.18,98.87,99.06,100.0,26.39,21.65,26.36,69.87,69.73,99.31,38.6,44.5,64.4,54.35,10.05,15.83,16.68,29.18,-17.67,5.01,,1
PSE,275,Palestine,Middle East & N. Africa,lower_middle_income,2022,5043612,5753.08,,76.66,14.1,9.94,13.15,98.78,99.38,100.0,24.42,18.38,26.36,72.38,69.67,99.39,41.49,44.5,65.49,55.28,10.2,16.56,16.41,28.45,-16.79,4.88,1.0,1
QAT,634,Qatar,Middle East & N. Africa,high_income,2000,644989,93186.97,49.23,75.25,12.5,7.65,12.13,99.9,99.94,100.0,0.87,0.37,88.45,72.6,59.2,99.95,98.07,4.1,66.78,84.79,-18.0,-14.7,-23.72,-2.28,3.93,-57.25,2.0,0
QAT,634,Qatar,Middle East & N. Africa,high_income,2001,677925,92115.74,47.84,75.49,12.0,7.82,11.83,99.9,99.94,100.0,0.87,0.49,90.07,73.23,58.9,99.95,98.0,3.49,66.71,85.87,-19.15,-14.88,-25.22,-2.21,3.28,-59.32,,0
QAT,634,Qatar,Middle East & N. Africa,high_income,2002,711205,94111.6,50.9,75.77,11.6,7.98,11.74,99.9,99.94,100.0,0.87,0.53,92.37,73.81,59.2,99.95,97.98,2.65,66.72,86.23,-19.51,-14.94,-25.21,-2.17,3.87,-62.54,,0
QAT,634,Qatar,Middle East & N. Africa,high_income,2003,744682,93224.36,51.39,76.1,11.2,8.14,11.91,99.9,99.94,100.0,0.87,0.59,94.74,74.45,60.22,99.95,97.95,1.8,66.87,85.86,-18.99,-14.31,-24.34,-1.9,4.91,-64.11,,0
QAT,634,Qatar,Middle East & N. Africa,high_income,2004,773332,107023.58,53.24,76.48,10.8,8.3,11.78,99.9,99.94,100.0,0.87,0.53,96.6,75.14,60.4,99.95,97.98,1.15,66.92,86.88,-19.96,-15.29,-24.53,-2.16,4.01,-67.58,,0
QAT,634,Qatar,Middle East & N. Africa,high_income,2005,825408,107784.42,52.77,76.91,10.4,8.69,11.84,99.9,99.94,100.0,0.87,0.4,97.35,75.88,61.87,99.95,98.05,0.9,67.33,87.08,-19.76,-14.96,-24.13,-2.06,4.76,-69.53,,0
QAT,634,Qatar,Middle East & N. Africa,high_income,2006,972831,115383.63,50.36,77.32,10.1,9.09,11.73,99.9,99.94,100.0,0.87,0.51,95.81,76.51,62.88,99.95,97.99,1.43,67.75,88.51,-20.76,-15.55,-24.09,-2.14,3.62,-71.04,,0
QAT,634,Qatar,Middle East & N. Africa,high_income,2007,1208595,109579.68,46.46,77.74,9.8,9.48,11.87,99.9,99.94,100.0,0.52,0.55,92.12,77.16,64.57,99.95,98.67,2.74,68.62,89.59,-20.97,-15.33,-23.33,-2.02,4.12,-70.45,,0
QAT,634,Qatar,Middle East & N. Africa,high_income,2008,1426938,109206.3,43.35,78.26,9.6,9.59,12.23,99.9,99.94,100.0,0.31,0.47,87.71,77.79,65.93,99.95,99.13,4.38,69.43,89.9,-20.47,-15.25,-21.98,-1.96,4.57,-69.72,2.0,0
QAT,634,Qatar,Middle East & N. Africa,high_income,2009,1608903,108435.75,39.76,78.84,9.3,9.16,12.4,99.91,99.94,100.0,0.31,0.89,84.02,78.57,65.0,99.95,98.91,5.81,69.65,89.1,-19.46,-15.3,-22.74,-2.0,5.86,-69.92,,0
QAT,634,Qatar,Middle East & N. Africa,high_income,2010,1616832,129044.71,44.66,79.44,9.1,8.55,12.55,99.92,99.94,100.0,0.45,0.67,82.48,79.28,63.36,99.95,98.75,6.43,69.55,91.14,-21.59,-16.42,-26.08,-2.26,3.38,-72.32,,0
QAT,634,Qatar,Middle East & N. Africa,high_income,2011,1624761,145590.76,51.2,79.99,8.9,8.65,12.33,99.92,99.94,100.0,0.56,0.4,87.96,79.94,63.08,99.95,98.67,4.28,69.19,93.0,-23.81,-16.55,-27.32,-2.13,1.71,-72.7,,0
QAT,634,Qatar,Middle East & N. Africa,high_income,2012,1722438,143830.55,53.6,80.5,8.7,9.12,12.49,99.93,99.94,100.0,0.48,0.31,95.62,80.58,65.07,99.95,98.88,1.49,69.2,92.98,-23.78,-15.45,-25.49,-2.03,1.72,-80.49,,0
QAT,634,Qatar,Middle East & N. Africa,high_income,2013,1916426,136453.93,53.29,80.97,8.4,9.8,12.52,99.93,99.94,100.0,0.28,0.24,88.65,81.32,67.46,99.96,99.31,4.02,70.42,93.02,-22.6,-14.33,-24.65,-1.74,3.54,-81.13,,0
QAT,634,Qatar,Middle East & N. Africa,high_income,2014,2151745,128013.95,51.48,81.4,8.1,9.72,12.36,99.94,99.94,100.0,0.2,0.2,75.18,82.04,66.74,99.96,99.49,9.52,71.55,92.88,-21.33,-13.56,-25.05,-1.33,4.92,-75.79,,0
QAT,634,Qatar,Middle East & N. Africa,high_income,2015,2344557,123070.82,48.66,81.78,7.8,9.7,12.49,99.95,99.94,100.0,0.17,0.24,97.7,82.75,67.01,99.96,99.53,0.78,70.01,92.17,-22.16,-12.9,-25.55,-1.11,5.81,-82.81,2.0,0
QAT,634,Qatar,Middle East & N. Africa,high_income,2016,2477113,120054.24,46.04,82.15,7.5,9.67,12.46,99.95,99.94,100.0,0.15,0.24,83.69,83.45,66.83,99.96,99.58,5.95,71.15,93.34,-22.19,-12.83,-26.54,-0.97,6.29,-81.19,,0
QAT,634,Qatar,Middle East & N. Africa,high_income,2017,2545820,115064.84,44.82,82.46,7.1,9.73,13.0,99.96,99.94,100.0,0.14,0.23,83.27,84.29,68.55,99.96,99.6,6.11,71.7,92.95,-21.25,-12.09,-25.14,-0.79,6.49,-77.85,,0
QAT,634,Qatar,Middle East & N. Africa,high_income,2018,2580734,114909.79,44.52,82.71,6.8,9.86,13.13,99.96,99.94,100.0,0.11,0.28,93.31,84.95,69.35,99.97,99.63,2.31,71.24,93.53,-22.28,-11.47,-24.94,-0.68,5.52,-82.86,,0
QAT,634,Qatar,Middle East & N. Africa,high_income,2019,2638657,113160.84,44.59,82.94,6.6,10.0,13.2,99.97,99.94,100.0,0.1,0.49,81.01,85.46,69.98,99.97,99.54,7.03,72.4,93.81,-21.42,-11.24,-25.01,-0.55,4.73,-79.55,,0
QAT,634,Qatar,Middle East & N. Africa,high_income,2020,2794148,103061.9,41.28,80.41,6.3,10.13,13.26,99.98,99.94,100.0,0.14,0.6,75.66,84.01,70.62,99.97,99.41,9.31,72.66,93.42,-20.76,-11.88,-24.99,-0.27,7.27,-77.33,,0
QAT,634,Qatar,Middle East & N. Africa,high_income,2021,2504910,116832.66,47.28,81.08,6.2,10.13,13.26,99.98,99.94,100.0,0.14,0.41,75.66,84.7,70.62,99.97,99.51,9.31,72.82,93.61,-20.79,-11.85,-25.48,-0.26,6.53,-77.6,,1
QAT,634,Qatar,Middle East & N. Africa,high_income,2022,2657333,114740.17,45.2,81.86,6.1,10.13,13.26,99.99,99.94,100.0,0.13,0.47,75.66,85.47,70.62,99.98,99.49,9.31,72.97,93.64,-20.66,-10.5,-24.84,-0.22,5.05,-77.02,2.0,1
ROU,642,Romania,Europe & Central Asia,upper_middle_income,2000,22442971,14853.67,4.34,71.16,21.4,9.48,12.21,100.0,74.12,94.4,6.97,35.32,20.4,63.62,65.52,89.51,67.47,53.06,67.84,65.81,2.03,-1.29,2.97,-1.92,2.34,4.9,3.0,1
ROU,642,Romania,Europe & Central Asia,upper_middle_income,2001,22131970,15848.37,4.72,71.16,20.6,9.58,12.38,100.0,74.12,94.6,6.56,35.27,20.57,64.03,66.33,89.57,68.32,52.78,68.21,67.15,1.05,-2.7,1.76,-2.83,2.94,4.02,,0
ROU,642,Romania,Europe & Central Asia,upper_middle_income,2002,21730496,17061.7,4.76,71.01,20.2,9.68,12.86,100.0,74.09,94.9,8.11,29.15,20.84,64.13,67.98,89.66,68.43,52.35,68.51,68.38,0.13,-4.29,1.52,-3.54,2.18,2.87,,0
ROU,642,Romania,Europe & Central Asia,upper_middle_income,2003,21574326,17587.54,5.0,71.31,19.9,9.86,12.96,100.0,74.15,95.1,6.95,29.03,21.13,64.52,68.88,89.75,70.82,51.9,69.17,68.95,0.22,-4.57,1.4,-3.65,4.63,1.87,,0
ROU,642,Romania,Europe & Central Asia,upper_middle_income,2004,21451748,19532.56,4.92,71.56,19.3,10.04,13.08,100.0,74.2,95.3,7.72,24.48,21.35,65.05,69.82,89.83,71.68,51.54,69.58,70.21,-0.63,-5.61,0.77,-4.26,3.63,0.72,,0
ROU,642,Romania,Europe & Central Asia,upper_middle_income,2005,21319685,20571.01,4.9,71.91,18.2,10.23,13.03,100.0,74.25,95.6,7.17,25.13,21.45,65.96,70.27,89.95,72.43,51.39,70.0,70.89,-0.89,-5.43,0.19,-4.38,2.96,0.1,,0
ROU,642,Romania,Europe & Central Asia,upper_middle_income,2006,21193760,22354.66,5.23,72.16,16.7,10.41,13.79,100.0,75.18,95.9,7.27,23.68,21.3,67.08,73.01,90.36,73.0,51.62,71.02,72.04,-1.03,-5.21,1.69,-4.42,1.43,-0.49,,0
ROU,642,Romania,Europe & Central Asia,upper_middle_income,2007,20882982,24328.49,5.13,72.57,15.2,10.59,13.93,100.0,76.12,96.1,6.41,23.49,20.95,68.41,73.99,90.74,74.81,52.18,72.03,73.19,-1.17,-5.05,1.63,-4.36,1.49,-0.93,,0
ROU,642,Romania,Europe & Central Asia,upper_middle_income,2008,20537875,27039.71,5.13,72.57,13.9,10.67,15.42,100.0,77.05,96.5,5.79,22.32,20.52,69.39,78.41,91.18,76.68,52.86,73.7,74.92,-1.21,-6.08,4.12,-4.65,1.29,-1.97,3.0,0
ROU,642,Romania,Europe & Central Asia,upper_middle_income,2009,20367487,25761.74,4.21,73.31,13.0,10.7,16.64,100.0,77.98,96.8,6.86,22.51,20.17,70.68,81.88,91.59,74.44,53.44,74.41,74.5,-0.09,-5.46,7.27,-4.38,2.48,-1.78,,0
ROU,642,Romania,Europe & Central Asia,upper_middle_income,2010,20246871,24903.01,4.12,73.46,12.4,10.73,16.2,100.0,78.9,97.1,6.96,24.68,20.02,71.31,80.77,92.0,73.09,53.69,74.17,73.82,0.36,-4.31,6.56,-3.77,2.69,-0.8,,0
ROU,642,Romania,Europe & Central Asia,upper_middle_income,2011,20147528,26150.86,4.46,74.41,11.8,10.86,15.56,100.0,79.83,97.4,7.18,22.89,21.36,72.58,79.43,92.41,73.6,51.52,73.91,74.58,-0.67,-4.23,4.03,-3.81,1.63,-2.85,,0
ROU,642,Romania,Europe & Central Asia,upper_middle_income,2012,20058035,26767.57,4.37,74.41,11.2,10.96,14.69,100.0,80.71,97.8,6.79,23.02,19.42,73.15,77.32,92.84,74.3,54.7,74.46,74.95,-0.49,-4.26,1.33,-3.47,2.25,-1.33,,0
ROU,642,Romania,Europe & Central Asia,upper_middle_income,2013,19983693,26942.04,3.98,75.06,10.6,11.02,14.65,100.0,81.58,98.1,7.1,22.52,17.87,74.25,77.44,93.23,73.96,57.48,75.27,75.27,-0.0,-3.65,0.55,-3.24,1.33,1.28,,0
ROU,642,Romania,Europe & Central Asia,upper_middle_income,2014,19908979,28156.25,3.97,74.91,9.9,10.86,14.62,100.0,82.45,98.4,6.8,21.86,17.99,74.87,76.8,93.62,74.89,57.26,75.49,76.35,-0.86,-3.97,-1.04,-3.27,1.49,-0.31,,0
ROU,642,Romania,Europe & Central Asia,upper_middle_income,2015,19815616,29182.0,4.05,74.91,9.2,10.98,14.58,100.0,83.33,98.8,6.81,18.91,17.5,75.67,77.12,94.04,76.42,58.19,76.29,76.89,-0.6,-3.8,-1.32,-3.04,2.2,0.09,3.0,0
ROU,642,Romania,Europe & Central Asia,upper_middle_income,2016,19702267,30189.27,3.99,75.21,8.5,11.08,14.26,100.0,84.21,99.1,5.9,16.73,16.6,76.76,76.55,94.44,79.39,59.95,77.42,77.84,-0.42,-3.33,-2.42,-2.95,4.03,-0.35,,0
ROU,642,Romania,Europe & Central Asia,upper_middle_income,2017,19588715,32852.77,4.18,75.21,7.9,11.15,14.23,100.0,85.1,100.0,4.93,16.44,17.04,77.55,76.69,95.03,81.49,59.06,77.97,79.0,-1.03,-3.86,-3.47,-2.66,4.59,-2.57,,0
ROU,642,Romania,Europe & Central Asia,upper_middle_income,2018,19473970,34829.04,4.26,75.36,7.3,11.21,14.36,100.0,85.99,99.8,4.19,15.47,17.17,78.53,77.25,95.26,83.48,58.81,78.67,79.81,-1.14,-3.8,-3.81,-2.65,5.09,-3.43,,0
ROU,642,Romania,Europe & Central Asia,upper_middle_income,2019,19371648,36399.63,4.19,75.61,6.8,11.28,14.42,100.0,86.89,100.0,3.91,14.55,15.01,79.49,77.63,95.63,84.52,63.31,80.12,80.93,-0.82,-3.62,-4.25,-2.51,5.41,-1.88,,0
ROU,642,Romania,Europe & Central Asia,upper_middle_income,2020,19265250,35283.75,3.93,74.25,6.5,11.36,14.47,100.0,87.79,100.0,5.04,14.16,14.85,78.94,78.05,95.93,82.48,63.66,79.81,81.05,-1.24,-3.95,-4.46,-2.47,5.25,-2.7,,0
ROU,642,Romania,Europe & Central Asia,upper_middle_income,2021,19122059,37534.16,4.22,72.81,6.4,11.36,14.51,100.0,88.7,100.0,5.59,13.7,14.85,77.99,78.17,96.23,81.61,63.66,79.53,81.12,-1.59,-4.52,-4.6,-2.18,3.58,-2.68,,1
ROU,642,Romania,Europe & Central Asia,upper_middle_income,2022,19048502,39256.99,3.97,75.15,6.6,11.36,14.51,100.0,89.6,100.0,5.61,13.42,14.85,79.46,78.17,96.53,81.71,63.66,79.91,81.83,-1.92,-4.1,-4.77,-1.95,1.45,-2.92,4.0,1
RUS,643,Russia,Europe & Central Asia,upper_middle_income,2000,146596869,20104.75,11.47,65.48,19.4,12.06,12.78,96.41,81.66,97.8,10.58,6.07,20.75,60.32,75.69,91.96,75.64,52.5,71.22,70.0,1.22,-9.63,8.57,-2.36,6.55,1.02,3.0,1
RUS,643,Russia,Europe & Central Asia,upper_middle_income,2001,145976482,21219.9,11.54,65.38,18.4,12.12,13.28,96.41,81.66,97.9,8.98,5.91,19.84,60.82,77.29,91.99,78.93,53.99,72.6,71.07,1.53,-10.52,8.42,-2.86,9.29,2.04,,1
RUS,643,Russia,Europe & Central Asia,upper_middle_income,2002,145306497,22319.68,11.53,65.13,17.3,12.18,13.79,96.42,81.66,97.9,7.88,5.87,18.61,61.29,78.89,91.99,81.16,56.13,73.89,71.82,2.08,-11.13,8.63,-3.18,10.91,3.66,,0
RUS,643,Russia,Europe & Central Asia,upper_middle_income,2003,144648618,24057.93,12.01,65.03,16.1,12.2,14.29,96.44,81.67,97.9,8.21,5.82,17.34,61.99,80.36,92.0,80.52,58.49,74.67,72.88,1.79,-11.66,8.42,-3.65,9.79,5.03,,0
RUS,643,Russia,Europe & Central Asia,upper_middle_income,2004,144067316,25894.15,12.07,65.47,15.0,12.22,14.19,96.46,81.67,98.0,7.76,5.74,16.31,63.1,80.14,92.04,81.45,60.53,75.45,73.73,1.72,-11.71,7.15,-3.94,9.45,6.38,,0
RUS,643,Russia,Europe & Central Asia,upper_middle_income,2005,143518814,27656.66,12.12,65.53,13.9,12.24,14.08,96.47,81.68,98.0,7.12,5.71,15.8,63.97,79.92,92.05,82.74,61.58,76.05,74.58,1.48,-11.78,5.69,-4.18,9.34,6.68,,0
RUS,643,Russia,Europe & Central Asia,upper_middle_income,2006,143049637,30022.67,12.42,66.73,12.8,12.26,14.11,96.49,81.69,98.1,7.06,5.64,15.69,65.79,80.06,92.09,82.92,61.82,76.54,75.72,0.82,-10.9,4.66,-4.45,7.43,5.87,,0
RUS,643,Russia,Europe & Central Asia,upper_middle_income,2007,142805114,32630.37,12.46,67.59,12.0,12.28,14.26,96.5,82.25,98.2,6.0,5.59,15.64,67.15,80.54,92.32,85.06,61.94,77.4,76.92,0.48,-10.62,4.08,-4.46,7.58,4.84,,0
RUS,643,Russia,Europe & Central Asia,upper_middle_income,2008,142742366,34342.23,12.36,67.95,11.3,12.3,14.3,96.52,82.81,98.3,6.2,5.52,15.6,68.08,80.72,92.54,84.68,62.03,77.61,77.89,-0.28,-10.85,3.23,-4.53,5.98,3.82,4.0,0
RUS,643,Russia,Europe & Central Asia,upper_middle_income,2009,142785348,31654.0,11.64,68.68,10.7,12.32,14.01,96.54,83.37,98.4,8.3,5.75,15.52,69.24,79.99,92.77,80.37,62.18,76.91,76.95,-0.04,-9.86,2.76,-4.23,5.59,3.89,,0
RUS,643,Russia,Europe & Central Asia,upper_middle_income,2010,142849468,33063.59,12.23,68.84,10.4,12.34,14.33,96.55,83.93,99.3,7.41,5.57,15.38,69.67,80.95,93.26,82.26,62.5,77.73,77.31,0.41,-10.16,2.97,-3.95,7.78,3.6,,0
RUS,643,Russia,Europe & Central Asia,upper_middle_income,2011,143018195,34444.64,12.81,69.68,10.2,12.35,14.65,96.57,84.49,99.2,6.57,5.86,13.91,70.53,81.87,93.42,83.77,65.84,79.09,78.02,1.06,-10.3,2.85,-4.09,7.84,7.29,,0
RUS,643,Russia,Europe & Central Asia,upper_middle_income,2012,143378447,35740.7,12.69,70.07,9.9,12.36,14.64,96.59,85.06,100.0,5.48,5.76,13.9,71.15,81.86,93.88,86.0,65.87,79.75,78.68,1.07,-10.43,2.06,-3.78,9.73,4.53,,0
RUS,643,Russia,Europe & Central Asia,upper_middle_income,2013,143805638,36260.07,12.27,70.58,9.5,12.36,14.8,96.61,85.63,100.0,5.51,6.04,14.06,71.99,82.31,94.08,85.8,65.49,79.93,79.21,0.72,-10.21,1.32,-3.77,9.1,3.15,,0
RUS,643,Russia,Europe & Central Asia,upper_middle_income,2014,144237223,35853.25,12.13,70.74,8.9,12.37,14.87,96.63,86.2,100.0,5.21,5.92,14.25,72.82,82.54,94.28,86.46,65.04,80.23,79.48,0.75,-9.47,1.53,-3.62,9.65,2.43,,0
RUS,643,Russia,Europe & Central Asia,upper_middle_income,2015,144640716,35037.15,12.15,71.18,8.2,12.37,15.2,96.65,86.78,95.5,5.62,5.97,12.94,74.05,83.47,92.98,85.63,68.26,80.88,79.27,1.6,-8.03,2.6,-4.88,8.69,6.47,4.0,0
RUS,643,Russia,Europe & Central Asia,upper_middle_income,2016,145015460,35005.45,11.96,71.65,7.5,12.38,15.17,96.67,87.36,99.4,5.59,6.25,12.48,75.38,83.42,94.48,85.53,69.47,81.66,79.83,1.83,-6.85,2.46,-3.47,8.03,5.87,,0
RUS,643,Russia,Europe & Central Asia,upper_middle_income,2017,145293260,35570.39,12.14,72.45,6.9,12.39,14.86,96.7,87.95,100.0,5.24,5.32,11.74,76.9,82.57,94.88,86.72,71.51,82.52,80.05,2.46,-5.64,1.33,-3.1,8.6,8.26,,0
RUS,643,Russia,Europe & Central Asia,upper_middle_income,2018,145398106,36536.7,12.59,72.66,6.4,12.39,15.52,96.72,88.54,100.0,4.87,5.44,12.32,77.88,84.41,95.09,87.4,69.91,82.94,80.45,2.48,-5.12,2.69,-2.99,8.24,6.62,,0
RUS,643,Russia,Europe & Central Asia,upper_middle_income,2019,145453291,37319.32,12.77,73.08,6.0,12.4,15.52,96.75,89.14,99.8,4.51,5.31,11.68,78.91,84.45,95.23,88.18,71.68,83.69,81.27,2.42,-4.56,2.22,-2.98,8.66,5.95,,0
RUS,643,Russia,Europe & Central Asia,upper_middle_income,2020,145245148,36376.34,12.28,71.34,5.7,12.41,15.66,96.78,89.74,99.9,5.62,5.45,11.27,78.12,84.86,95.47,85.89,72.86,83.44,81.48,1.96,-5.24,1.9,-3.02,8.12,5.86,,0
RUS,643,Russia,Europe & Central Asia,upper_middle_income,2021,144746762,38638.43,13.39,69.9,5.5,12.41,15.66,96.8,90.35,100.0,4.75,5.43,11.27,77.4,84.88,95.72,87.64,72.86,83.7,81.52,2.19,-5.56,1.68,-2.77,9.13,5.89,,1
RUS,643,Russia,Europe & Central Asia,upper_middle_income,2022,144236933,38214.5,13.14,72.55,5.4,12.41,15.66,96.84,90.97,100.0,3.87,5.26,11.27,79.64,84.88,95.93,89.5,72.86,84.56,81.46,3.1,-3.55,2.34,-2.48,9.66,6.87,4.0,1
RWA,646,Rwanda,Sub-Saharan Africa,low_income,2000,8213931,1016.66,0.08,47.8,184.2,2.45,6.47,47.57,43.89,6.2,11.7,47.44,31.38,22.28,26.16,32.55,51.63,38.69,34.26,28.58,5.68,-0.75,3.91,18.15,3.17,5.44,0.0,0
RWA,646,Rwanda,Sub-Saharan Africa,low_income,2001,8287094,1093.18,0.08,49.49,166.5,2.57,6.97,48.37,45.69,4.7,11.73,47.05,31.22,24.68,27.92,32.92,51.77,38.86,35.23,29.39,5.84,0.31,3.96,17.61,3.15,5.47,,0
RWA,646,Rwanda,Sub-Saharan Africa,low_income,2002,8400180,1220.74,0.1,51.26,149.1,2.69,7.48,49.19,47.46,6.0,11.43,46.55,30.89,27.24,29.74,34.22,52.64,39.22,36.61,31.05,5.56,0.57,3.49,15.78,3.66,5.23,,0
RWA,646,Rwanda,Sub-Saharan Africa,low_income,2003,8586875,1220.5,0.08,53.53,132.7,2.8,8.12,49.76,49.08,7.4,11.66,46.22,30.5,30.25,31.91,35.41,52.36,39.64,37.91,31.73,6.18,2.62,4.47,15.84,3.29,5.19,,0
RWA,646,Rwanda,Sub-Saharan Africa,low_income,2004,8816844,1277.19,0.08,55.52,117.5,2.92,8.73,50.29,50.68,8.7,11.7,45.88,30.18,33.1,33.98,36.56,52.45,40.0,39.22,32.45,6.77,4.04,5.36,15.74,3.29,5.22,,0
RWA,646,Rwanda,Sub-Saharan Africa,low_income,2005,9054528,1360.3,0.08,56.97,104.5,3.04,9.17,50.82,52.28,4.8,11.84,45.54,30.04,35.48,35.58,35.97,52.35,40.14,39.91,33.39,6.52,4.85,5.48,13.37,2.95,5.14,,0
RWA,646,Rwanda,Sub-Saharan Africa,low_income,2006,9299246,1446.71,0.08,58.34,93.4,3.18,9.97,51.36,53.88,11.4,11.59,45.21,30.09,37.76,38.29,38.88,53.03,40.09,41.61,34.35,7.26,5.72,6.53,14.2,3.54,5.04,,0
RWA,646,Rwanda,Sub-Saharan Africa,low_income,2007,9549933,1516.27,0.07,59.5,84.1,3.33,10.4,51.9,55.47,12.8,11.58,44.94,30.22,39.79,39.99,40.05,53.19,39.95,42.59,34.96,7.64,6.7,7.28,14.28,3.62,5.06,,0
RWA,646,Rwanda,Sub-Saharan Africa,low_income,2008,9804269,1641.78,0.07,60.64,76.0,3.47,10.36,52.43,57.06,6.0,11.52,44.6,30.39,41.77,40.36,38.5,53.49,39.75,42.77,36.04,6.73,7.49,6.12,10.3,3.42,4.75,0.0,0
RWA,646,Rwanda,Sub-Saharan Africa,low_income,2009,10060432,1699.94,0.07,61.81,69.1,3.62,10.84,52.97,58.65,15.6,11.62,44.33,30.59,43.7,42.16,42.41,53.42,39.54,44.25,36.34,7.9,7.83,6.94,13.36,3.06,4.58,,0
RWA,646,Rwanda,Sub-Saharan Africa,low_income,2010,10317553,1779.16,0.07,62.8,63.3,3.76,11.04,53.51,60.23,9.7,11.64,44.05,30.79,45.42,43.2,41.15,53.54,39.33,44.53,37.06,7.47,9.11,7.02,11.71,3.19,4.59,,0
RWA,646,Rwanda,Sub-Saharan Africa,low_income,2011,10573733,1874.21,0.07,63.48,58.1,3.76,11.21,54.04,61.81,10.8,11.76,43.75,31.14,46.86,43.68,42.22,53.46,38.94,45.03,37.65,7.38,8.99,6.81,10.82,2.89,6.65,,0
RWA,646,Rwanda,Sub-Saharan Africa,low_income,2012,10829901,1988.01,0.08,64.19,54.2,3.77,11.35,54.58,63.39,17.5,11.67,43.47,31.54,48.17,44.07,45.16,53.78,38.52,45.94,38.27,7.66,8.96,6.45,11.75,3.02,7.76,,0
RWA,646,Rwanda,Sub-Saharan Africa,low_income,2013,11093340,2032.4,0.09,64.65,51.4,3.91,11.05,55.12,64.97,15.2,11.77,43.24,30.63,49.1,43.74,45.1,53.71,39.5,46.23,39.91,6.32,9.08,5.27,9.83,2.52,4.72,,0
RWA,646,Rwanda,Sub-Saharan Africa,low_income,2014,11364757,2106.21,0.08,65.09,49.2,4.06,11.03,55.67,66.55,19.8,11.84,43.03,31.87,49.91,44.16,47.34,53.68,38.17,46.65,40.25,6.4,9.47,4.97,10.91,2.41,3.52,,0
RWA,646,Rwanda,Sub-Saharan Africa,low_income,2015,11640022,2238.54,0.1,65.42,47.3,4.1,10.64,56.22,68.11,22.8,11.83,42.8,31.26,50.59,43.2,49.04,53.81,38.82,47.09,40.36,6.73,8.65,2.95,10.49,2.34,9.39,0.0,0
RWA,646,Rwanda,Sub-Saharan Africa,low_income,2016,11919183,2316.64,0.1,65.73,45.8,4.18,11.07,56.77,69.68,29.4,11.79,42.58,31.69,51.18,44.65,51.95,54.01,38.36,48.03,41.54,6.49,8.41,3.67,12.17,2.17,7.25,,0
RWA,646,Rwanda,Sub-Saharan Africa,low_income,2017,12202060,2351.6,0.11,66.14,44.7,4.26,11.11,57.33,71.23,34.1,11.88,42.15,30.36,51.76,45.05,54.22,54.06,39.8,48.98,42.28,6.7,8.65,3.67,13.31,2.08,6.75,,0
RWA,646,Rwanda,Sub-Saharan Africa,low_income,2018,12487996,2493.44,0.12,66.35,43.7,4.33,10.79,57.9,72.78,38.0,10.76,42.14,30.18,52.17,44.41,56.23,56.3,39.99,49.82,43.51,6.31,7.81,2.08,12.26,3.69,6.29,,0
RWA,646,Rwanda,Sub-Saharan Africa,low_income,2019,12776103,2667.46,0.12,66.69,42.7,4.61,10.85,58.47,74.32,46.6,11.24,41.88,30.01,52.68,45.51,59.8,55.49,40.18,50.73,44.71,6.02,7.06,2.09,13.81,2.66,4.52,,0
RWA,646,Rwanda,Sub-Saharan Africa,low_income,2020,13065837,2520.32,0.11,66.95,41.6,4.88,11.03,59.05,75.84,45.2,11.83,42.49,31.29,53.17,46.9,60.03,53.98,38.79,50.57,44.44,6.13,7.87,3.01,13.78,3.02,3.92,,0
RWA,646,Rwanda,Sub-Saharan Africa,low_income,2021,13355260,2733.44,0.13,66.85,40.6,4.88,11.21,59.64,77.36,48.7,15.78,37.08,31.29,53.35,47.39,61.9,48.94,38.79,50.07,45.37,4.71,7.51,2.79,12.19,-2.63,3.69,,1
RWA,646,Rwanda,Sub-Saharan Africa,low_income,2022,13651030,2892.46,0.16,67.53,39.7,4.88,11.38,60.23,78.86,50.6,15.08,37.98,31.29,54.12,47.88,63.23,49.84,38.79,50.77,46.46,4.31,6.19,2.82,11.41,-3.59,3.38,1.0,1
SAU,682,Saudi Arabia,Middle East & N. Africa,high_income,2000,16177722,55962.27,16.4,72.61,21.9,6.67,12.39,99.08,,100.0,4.57,5.1,54.82,64.48,56.64,99.54,88.17,20.07,65.78,80.28,-14.5,-17.54,-21.63,-0.36,2.62,-38.42,2.0,0
SAU,682,Saudi Arabia,Middle East & N. Africa,high_income,2001,17041397,53309.11,16.18,72.95,20.6,6.88,12.53,99.08,,100.0,4.62,5.1,55.96,65.41,57.74,99.54,88.08,19.38,66.03,80.62,-14.59,-16.8,-21.15,-0.12,2.84,-39.6,,0
SAU,682,Saudi Arabia,Middle East & N. Africa,high_income,2002,17910910,50371.98,16.4,73.3,19.4,7.1,12.67,99.08,,100.0,5.26,5.05,57.06,66.33,58.84,99.54,86.81,18.73,66.05,80.29,-14.24,-15.73,-20.0,0.17,3.17,-41.02,,0
SAU,682,Saudi Arabia,Middle East & N. Africa,high_income,2003,18786767,52234.65,16.41,73.66,18.4,7.31,12.81,99.07,,100.0,5.56,4.87,58.02,67.18,59.94,99.54,86.31,18.17,66.23,80.63,-14.4,-15.49,-19.83,0.11,2.95,-42.45,,0
SAU,682,Saudi Arabia,Middle East & N. Africa,high_income,2004,19669480,54196.55,16.63,74.03,17.3,7.52,12.95,99.07,,100.0,5.82,4.62,58.76,68.13,61.05,99.54,85.93,17.75,66.48,81.01,-14.53,-15.31,-18.95,0.11,2.59,-44.0,,0
SAU,682,Saudi Arabia,Middle East & N. Africa,high_income,2005,20559890,54931.79,16.85,74.4,16.3,7.76,13.09,99.07,,100.0,6.05,4.27,59.18,69.07,62.24,99.54,85.65,17.51,66.8,81.31,-14.51,-14.77,-18.7,0.17,2.29,-45.15,,0
SAU,682,Saudi Arabia,Middle East & N. Africa,high_income,2006,21459144,54373.74,17.09,74.76,15.4,8.0,12.9,99.07,,100.0,6.25,4.04,59.35,69.96,62.5,99.53,85.37,17.42,66.96,81.8,-14.84,-14.01,-18.83,0.32,1.54,-45.7,,0
SAU,682,Saudi Arabia,Middle East & N. Africa,high_income,2007,22368313,53318.42,17.34,75.07,14.5,8.24,12.71,99.07,97.55,100.0,5.73,3.83,59.43,70.85,62.75,98.87,86.51,17.37,67.27,82.32,-15.05,-13.17,-18.9,-0.15,2.01,-46.1,,1
SAU,682,Saudi Arabia,Middle East & N. Africa,high_income,2008,23287877,54407.71,18.06,75.3,13.7,8.47,12.9,99.07,97.55,100.0,5.08,3.52,59.51,71.65,64.07,98.87,87.98,17.33,67.98,82.95,-14.97,-13.22,-18.13,-0.24,2.87,-47.1,2.0,1
SAU,682,Saudi Arabia,Middle East & N. Africa,high_income,2009,24217654,51760.76,18.33,75.45,12.9,8.71,13.09,99.06,97.55,100.0,5.38,3.63,59.62,72.41,65.39,98.87,87.34,17.26,68.25,82.16,-13.9,-13.04,-16.75,-0.26,5.36,-47.92,,1
SAU,682,Saudi Arabia,Middle East & N. Africa,high_income,2010,23978487,54911.55,20.3,75.62,12.1,8.95,13.28,99.06,97.55,100.0,5.55,3.32,59.84,73.24,66.71,98.87,87.15,17.14,68.62,82.87,-14.25,-13.23,-16.5,-0.45,5.04,-49.12,,1
SAU,682,Saudi Arabia,Middle East & N. Africa,high_income,2011,25091867,58645.45,20.29,75.81,11.4,9.19,13.47,99.06,97.55,100.0,5.77,2.9,61.9,74.03,68.03,98.87,86.93,16.01,68.77,83.9,-15.13,-13.54,-16.34,-0.61,3.31,-49.45,,1
SAU,682,Saudi Arabia,Middle East & N. Africa,high_income,2012,26168861,59471.7,20.61,76.09,10.8,9.42,13.65,99.06,97.55,100.0,5.62,2.63,65.81,74.84,69.35,98.87,87.37,13.96,68.88,84.38,-15.5,-13.03,-15.51,-0.66,3.54,-55.19,,1
SAU,682,Saudi Arabia,Middle East & N. Africa,high_income,2013,27624004,57998.46,19.81,76.52,10.1,9.66,13.84,99.06,97.55,100.0,5.6,2.46,64.25,75.89,70.67,98.87,87.51,14.77,69.54,84.49,-14.95,-11.95,-15.18,-0.57,4.16,-55.86,,0
SAU,682,Saudi Arabia,Middle East & N. Africa,high_income,2014,28309273,58872.27,20.7,77.12,9.6,9.8,14.03,99.06,97.56,100.0,5.88,2.28,51.09,76.9,71.66,98.87,87.04,22.42,71.38,85.08,-13.7,-11.45,-14.39,-0.56,3.29,-49.2,,0
SAU,682,Saudi Arabia,Middle East & N. Africa,high_income,2015,29816382,58498.54,20.51,77.78,9.0,9.94,14.22,99.05,97.56,100.0,5.6,2.37,65.61,78.11,72.65,98.87,87.55,14.07,70.25,84.93,-14.68,-10.2,-13.69,-0.48,3.63,-56.89,2.0,0
SAU,682,Saudi Arabia,Middle East & N. Africa,high_income,2016,30954198,57308.45,19.69,78.35,8.5,10.08,14.41,99.05,97.57,99.9,5.6,2.29,57.27,79.18,73.64,98.84,87.6,18.61,71.57,85.65,-14.08,-9.34,-12.9,-0.46,3.54,-54.79,,0
SAU,682,Saudi Arabia,Middle East & N. Africa,high_income,2017,30977355,57942.55,19.48,78.72,8.0,10.22,14.6,99.05,97.57,100.0,5.89,2.17,59.44,80.12,74.63,98.87,87.08,17.36,71.61,85.85,-14.24,-8.73,-12.34,-0.43,2.23,-54.88,,0
SAU,682,Saudi Arabia,Middle East & N. Africa,high_income,2018,30196281,61359.47,19.21,78.75,7.6,10.58,14.79,99.05,97.58,99.9,6.03,1.69,61.99,80.7,76.37,98.84,87.05,15.96,71.78,86.76,-14.97,-8.87,-11.55,-0.55,0.54,-57.49,,0
SAU,682,Saudi Arabia,Middle East & N. Africa,high_income,2019,30063799,62647.73,19.29,78.31,7.2,10.95,14.98,99.05,97.58,100.0,5.64,3.24,58.62,80.95,78.11,98.88,87.02,17.83,72.56,87.49,-14.94,-9.14,-10.48,-0.53,-0.21,-57.93,,0
SAU,682,Saudi Arabia,Middle East & N. Africa,high_income,2020,31552510,57420.73,18.29,77.6,6.9,11.31,15.17,99.05,97.59,100.0,7.66,2.51,53.15,80.86,79.85,98.88,83.36,21.1,72.81,86.99,-14.18,-8.35,-8.97,-0.45,-1.19,-54.71,,0
SAU,682,Saudi Arabia,Middle East & N. Africa,high_income,2021,30784383,62690.5,19.18,77.09,6.7,11.31,15.17,99.05,97.59,100.0,6.62,2.24,53.15,80.79,79.85,98.88,85.58,21.1,73.24,87.22,-13.98,-8.59,-9.45,-0.48,0.13,-54.96,,1
SAU,682,Saudi Arabia,Middle East & N. Africa,high_income,2022,32175224,67178.59,19.28,77.31,6.4,11.31,15.17,99.04,97.6,100.0,5.59,1.8,53.15,81.46,79.85,98.88,87.88,21.1,73.83,88.08,-14.25,-8.71,-9.73,-0.55,0.08,-55.69,2.0,1
SDN,729,Sudan,Sub-Saharan Africa,lower_middle_income,2000,27816745,3575.85,0.22,58.95,102.0,2.44,5.27,45.74,17.36,23.0,15.6,41.04,55.74,37.27,22.77,28.7,47.21,19.51,31.09,43.72,-12.63,-4.12,-17.62,-21.48,-5.65,-15.6,0.0,0
SDN,729,Sudan,Sub-Saharan Africa,lower_middle_income,2001,28516770,3701.55,0.23,59.26,98.6,2.54,5.48,45.76,17.37,29.4,15.56,40.61,56.29,37.88,23.67,30.84,47.5,19.18,31.82,44.45,-12.63,-4.67,-17.68,-20.23,-5.31,-16.2,,0
SDN,729,Sudan,Sub-Saharan Africa,lower_middle_income,2002,29228727,3814.31,0.27,59.31,95.2,2.64,5.6,45.77,17.39,29.7,15.51,40.19,56.69,38.3,24.33,30.95,47.82,18.95,32.07,45.27,-13.2,-5.37,-17.97,-21.63,-5.39,-16.89,,0
SDN,729,Sudan,Sub-Saharan Africa,lower_middle_income,2003,29896035,3946.92,0.27,58.32,91.9,2.73,5.78,45.78,17.41,29.9,15.52,39.96,57.0,37.92,25.16,31.03,47.94,18.76,32.16,46.01,-13.85,-6.57,-17.85,-23.14,-5.8,-17.4,,0
SDN,729,Sudan,Sub-Saharan Africa,lower_middle_income,2004,30556637,4041.06,0.3,56.77,101.1,2.83,6.16,45.8,17.43,30.2,15.54,39.76,57.3,35.69,26.55,31.14,48.0,18.59,31.99,46.46,-14.47,-9.13,-17.29,-23.66,-6.41,-18.05,,0
SDN,729,Sudan,Sub-Saharan Africa,lower_middle_income,2005,31262444,4152.32,0.35,57.23,98.8,2.93,6.34,46.74,19.14,30.5,15.54,39.51,57.64,36.29,27.38,32.13,48.12,18.39,32.46,47.0,-14.54,-9.41,-16.92,-23.99,-7.02,-18.36,,0
SDN,729,Sudan,Sub-Saharan Africa,lower_middle_income,2006,31992435,4299.97,0.42,60.4,83.0,2.97,6.64,47.68,20.85,30.8,15.54,39.31,57.96,40.63,28.36,33.11,48.23,18.21,33.7,47.94,-14.23,-5.98,-16.78,-24.7,-7.79,-18.81,,0
SDN,729,Sudan,Sub-Saharan Africa,lower_middle_income,2007,32764135,4415.79,0.44,61.44,80.4,3.01,6.61,48.62,22.84,31.1,15.53,38.63,58.24,41.77,28.39,34.19,48.6,18.05,34.2,48.37,-14.17,-5.5,-17.36,-23.88,-7.79,-19.18,,0
SDN,729,Sudan,Sub-Saharan Africa,lower_middle_income,2008,33623980,4446.41,0.46,61.26,77.9,3.05,7.16,49.56,24.88,20.0,15.57,38.53,58.56,41.98,30.06,31.48,48.59,17.86,33.99,48.8,-14.8,-5.47,-16.15,-27.44,-8.11,-19.62,0.0,0
SDN,729,Sudan,Sub-Saharan Africa,lower_middle_income,2009,34569113,4188.05,0.46,62.68,75.5,3.09,7.39,50.51,26.99,29.0,13.0,38.84,59.01,43.4,30.82,35.5,53.56,17.61,36.18,48.11,-11.93,-3.82,-15.22,-21.68,-2.56,-19.72,,0
SDN,729,Sudan,Sub-Saharan Africa,lower_middle_income,2010,35414399,4219.84,0.48,62.98,73.4,3.13,7.42,51.46,29.15,36.0,15.17,39.04,59.68,43.94,31.04,38.87,49.12,17.23,36.04,48.19,-12.14,-3.4,-15.32,-17.53,-6.73,-19.96,,0
SDN,729,Sudan,Sub-Saharan Africa,lower_middle_income,2011,36140806,4467.63,0.45,63.18,71.3,3.23,7.16,52.41,31.38,38.3,17.44,39.27,62.29,44.41,30.64,40.7,44.45,15.8,35.2,49.13,-13.93,-4.2,-16.73,-17.55,-11.58,-19.66,,0
SDN,729,Sudan,Sub-Saharan Africa,lower_middle_income,2012,36923178,4145.93,0.47,63.43,69.3,3.33,7.53,53.37,33.67,40.7,16.97,39.58,64.15,44.91,32.0,42.58,45.22,14.82,35.91,47.79,-11.89,-2.93,-14.44,-13.5,-10.08,-18.84,,0
SDN,729,Sudan,Sub-Saharan Africa,lower_middle_income,2013,37785849,4130.49,0.47,63.44,67.3,3.42,7.83,54.33,36.02,43.1,16.27,39.87,60.44,45.24,33.15,44.48,46.47,16.81,37.23,48.38,-11.14,-2.92,-13.24,-11.87,-8.95,-19.21,,0
SDN,729,Sudan,Sub-Saharan Africa,lower_middle_income,2014,38823318,4207.5,0.48,63.99,65.4,3.52,7.87,55.29,38.43,44.9,15.41,39.81,49.52,45.97,33.61,46.21,48.23,23.46,39.5,48.81,-9.31,-2.8,-13.23,-10.65,-7.13,-13.24,,0
SDN,729,Sudan,Sub-Saharan Africa,lower_middle_income,2015,40024431,4159.19,0.54,64.38,63.5,3.62,7.93,56.25,40.9,48.0,14.39,40.17,61.11,46.59,34.1,48.38,50.08,16.44,39.12,48.15,-9.03,-2.38,-12.95,-8.63,-4.97,-15.83,0.0,0
SDN,729,Sudan,Sub-Saharan Africa,lower_middle_income,2016,41259892,4174.56,0.58,64.68,61.6,3.67,8.04,57.22,43.42,50.5,13.66,40.31,59.31,47.15,34.58,50.38,51.47,17.44,40.2,48.67,-8.47,-2.31,-12.78,-6.53,-3.9,-16.17,,0
SDN,729,Sudan,Sub-Saharan Africa,lower_middle_income,2017,42714306,4061.02,0.55,65.15,59.7,3.72,8.16,58.18,46.01,53.0,13.0,40.73,59.82,47.85,35.05,52.4,52.56,17.15,41.0,48.85,-7.85,-1.54,-12.13,-4.58,-2.71,-17.93,,0
SDN,729,Sudan,Sub-Saharan Africa,lower_middle_income,2018,44230596,3816.66,0.53,65.5,57.8,3.77,8.27,59.15,48.66,55.3,12.35,40.99,58.69,48.48,35.54,54.37,53.73,17.79,41.98,48.35,-6.37,-0.57,-11.24,-1.7,-1.51,-17.08,,0
SDN,729,Sudan,Sub-Saharan Africa,lower_middle_income,2019,45548175,3625.52,0.52,65.8,56.1,3.82,8.38,60.12,51.36,57.6,11.7,41.26,51.94,49.03,36.02,56.36,54.89,21.87,43.64,48.31,-4.67,0.23,-10.54,1.57,0.17,-14.55,,0
SDN,729,Sudan,Sub-Saharan Africa,lower_middle_income,2020,46789231,3401.25,0.46,65.12,54.3,3.87,8.5,61.09,54.12,59.7,12.0,40.98,45.83,48.87,36.52,58.3,54.44,26.04,44.83,47.93,-3.1,0.27,-10.54,3.27,1.89,-9.95,,0
SDN,729,Sudan,Sub-Saharan Africa,lower_middle_income,2021,48066924,3248.98,0.49,64.46,52.7,3.87,8.5,62.06,56.94,61.8,11.09,40.09,45.83,48.68,36.52,60.27,56.73,26.04,45.65,47.37,-1.72,1.0,-9.93,5.66,4.13,-9.73,,1
SDN,729,Sudan,Sub-Saharan Africa,lower_middle_income,2022,49383346,3132.08,0.43,65.69,51.0,3.87,8.5,63.03,59.81,63.2,7.53,39.67,45.83,49.99,36.52,62.01,64.06,26.04,47.72,47.43,0.3,1.22,-9.42,7.97,10.1,-9.68,0.0,1
SEN,686,Senegal,Sub-Saharan Africa,lower_middle_income,2000,9968260,3093.29,0.4,57.62,128.9,1.72,5.49,59.8,36.64,37.7,2.64,67.54,69.35,33.7,20.97,44.71,59.17,12.22,34.16,41.52,-7.36,-5.27,-17.09,-0.34,6.98,-21.9,0.0,0
SEN,686,Senegal,Sub-Saharan Africa,lower_middle_income,2001,10212942,3149.33,0.44,58.16,121.7,1.65,5.77,60.91,37.62,38.9,2.67,67.41,67.98,34.75,21.51,45.81,59.17,12.88,34.83,41.92,-7.1,-5.07,-17.25,0.52,7.09,-21.32,,0
SEN,686,Senegal,Sub-Saharan Africa,lower_middle_income,2002,10466214,3075.23,0.45,58.91,113.2,1.58,6.04,62.02,38.63,36.8,2.82,67.34,64.75,36.11,22.06,45.82,58.92,14.51,35.48,41.92,-6.43,-3.88,-16.86,0.89,6.68,-19.81,,0
SEN,686,Senegal,Sub-Saharan Africa,lower_middle_income,2003,10721176,3170.03,0.42,59.47,104.2,1.51,6.32,63.19,39.7,41.9,2.78,67.23,60.91,37.44,22.6,48.27,59.06,16.55,36.78,42.69,-5.9,-3.4,-17.16,1.67,6.34,-18.21,,0
SEN,686,Senegal,Sub-Saharan Africa,lower_middle_income,2004,10975704,3240.3,0.47,60.31,95.5,1.45,6.6,64.42,40.82,36.8,2.78,67.08,57.68,39.03,23.15,47.35,59.14,18.37,37.41,43.25,-5.84,-2.35,-17.54,-0.12,5.86,-17.0,,0
SEN,686,Senegal,Sub-Saharan Africa,lower_middle_income,2005,11235472,3301.82,0.51,60.98,87.6,1.38,6.87,65.65,41.93,47.1,2.68,66.96,56.31,40.49,23.7,51.56,59.4,19.17,38.86,43.73,-4.87,-1.72,-17.44,2.89,5.57,-16.39,,0
SEN,686,Senegal,Sub-Saharan Africa,lower_middle_income,2006,11500094,3301.03,0.49,61.8,80.8,1.54,7.0,66.87,43.03,49.9,2.76,66.86,56.33,42.0,24.58,53.27,59.3,19.16,39.66,44.18,-4.52,-0.68,-17.03,3.92,5.03,-16.58,,0
SEN,686,Senegal,Sub-Saharan Africa,lower_middle_income,2007,11770344,3316.42,0.53,62.65,75.0,1.71,7.39,68.08,44.14,48.1,2.8,66.76,56.43,43.46,26.22,53.44,59.26,19.1,40.3,44.4,-4.1,0.32,-15.79,4.3,4.85,-16.87,,0
SEN,686,Senegal,Sub-Saharan Africa,lower_middle_income,2008,12048959,3359.71,0.53,63.2,70.1,1.88,7.78,69.29,45.24,49.7,2.82,66.7,56.6,44.61,27.86,54.75,59.26,19.0,41.1,44.97,-3.87,1.07,-14.8,4.55,4.55,-17.35,0.0,0
SEN,686,Senegal,Sub-Saharan Africa,lower_middle_income,2009,12337389,3371.46,0.53,63.75,66.1,2.05,7.96,70.5,46.34,53.5,2.81,66.64,56.8,45.68,28.93,56.78,59.31,18.88,41.92,45.1,-3.19,1.36,-14.35,6.41,4.65,-17.59,,0
SEN,686,Senegal,Sub-Saharan Africa,lower_middle_income,2010,12635413,3403.57,0.55,64.22,62.8,2.22,8.14,71.7,47.44,56.5,2.8,66.52,57.01,46.59,30.0,58.55,59.4,18.76,42.66,45.3,-2.64,2.11,-13.71,8.85,4.95,-17.65,,0
SEN,686,Senegal,Sub-Saharan Africa,lower_middle_income,2011,12958897,3362.88,0.58,64.8,60.0,2.39,8.8,72.9,48.54,56.5,2.85,66.4,59.14,47.53,32.4,59.31,59.35,17.53,43.22,45.23,-2.0,2.59,-11.39,9.85,5.15,-16.62,,0
SEN,686,Senegal,Sub-Saharan Africa,lower_middle_income,2012,13310495,3405.11,0.55,65.23,57.6,2.58,9.02,74.1,49.63,56.5,3.9,66.76,71.98,48.31,33.66,60.08,57.07,10.97,42.02,45.16,-3.14,2.86,-10.33,10.05,3.01,-21.78,,0
SEN,686,Senegal,Sub-Saharan Africa,lower_middle_income,2013,13710849,3385.43,0.57,65.64,55.5,2.78,9.06,75.29,50.72,57.0,5.01,66.68,50.77,49.02,34.43,61.0,54.88,22.63,44.39,45.91,-1.52,3.18,-9.67,10.64,0.68,-12.93,,0
SEN,686,Senegal,Sub-Saharan Africa,lower_middle_income,2014,14152102,3484.01,0.59,66.0,53.7,2.66,9.29,76.47,51.8,61.0,5.85,66.2,54.89,49.66,34.67,63.09,53.46,20.02,44.18,46.39,-2.21,3.16,-10.0,11.85,-0.76,-16.0,,0
SEN,686,Senegal,Sub-Saharan Africa,lower_middle_income,2015,14593331,3593.79,0.63,66.45,52.2,2.53,9.29,77.65,52.89,60.5,6.76,65.79,70.74,50.32,34.25,63.68,51.86,11.55,42.33,46.23,-3.9,3.06,-11.13,11.05,-2.32,-19.88,0.0,0
SEN,686,Senegal,Sub-Saharan Africa,lower_middle_income,2016,15034521,3710.06,0.68,66.72,50.8,2.89,9.2,78.83,53.97,64.5,4.46,70.61,62.25,50.82,35.18,65.77,53.93,15.83,44.3,47.18,-2.88,2.73,-10.84,12.28,-0.72,-17.16,,0
SEN,686,Senegal,Sub-Saharan Africa,lower_middle_income,2017,15475002,3871.45,0.66,67.06,49.4,2.83,9.1,80.0,55.05,61.7,4.08,68.29,69.0,51.38,34.72,65.58,55.9,12.39,43.99,48.26,-4.27,2.54,-11.94,10.0,0.93,-22.47,,0
SEN,686,Senegal,Sub-Saharan Africa,lower_middle_income,2018,15914498,3998.29,0.67,67.38,47.9,3.0,9.01,81.17,56.13,66.0,3.45,66.07,61.8,51.96,35.02,67.77,58.32,16.06,45.83,48.9,-3.07,2.39,-12.25,10.38,2.78,-18.96,,0
SEN,686,Senegal,Sub-Saharan Africa,lower_middle_income,2019,16352922,4070.61,0.67,67.67,46.2,2.84,8.91,82.33,57.2,70.4,2.86,63.86,60.34,52.58,34.23,69.98,60.67,16.86,46.86,49.68,-2.82,2.52,-13.53,11.88,5.22,-19.88,,0
SEN,686,Senegal,Sub-Saharan Africa,lower_middle_income,2020,16789219,4018.04,0.64,67.5,44.2,2.89,9.05,83.49,58.28,64.3,3.43,64.9,63.74,52.93,34.77,68.69,58.98,15.03,46.08,49.88,-3.81,2.48,-14.02,8.85,5.53,-21.64,,0
SEN,686,Senegal,Sub-Saharan Africa,lower_middle_income,2021,17220867,4173.68,0.76,66.87,42.2,2.89,9.07,84.64,59.34,68.0,3.44,64.19,63.74,52.95,34.81,70.66,59.35,15.03,46.56,50.29,-3.73,2.55,-14.28,9.02,5.21,-21.79,,1
SEN,686,Senegal,Sub-Saharan Africa,lower_middle_income,2022,17651103,4228.73,0.82,67.79,40.1,2.89,9.14,85.78,60.41,67.9,2.84,63.73,63.74,54.21,35.03,71.36,60.78,15.03,47.28,51.09,-3.81,2.19,-14.19,8.98,4.8,-21.95,1.0,1
SGP,702,Singapore,East Asia & Pacific,high_income,2000,4027887,68314.54,11.3,77.95,3.9,9.21,15.53,100.0,100.0,100.0,3.7,9.79,19.8,87.33,73.83,100.0,87.45,54.06,80.53,82.09,-1.56,3.16,-6.34,-0.84,-1.44,-5.6,4.0,0
SGP,702,Singapore,East Asia & Pacific,high_income,2001,4138012,65784.4,11.09,78.25,3.6,9.48,15.6,100.0,100.0,100.0,3.76,10.2,19.31,88.43,74.91,100.0,87.11,54.89,81.07,82.69,-1.62,3.87,-6.06,-0.66,-1.76,-5.6,,0
SGP,702,Singapore,East Asia & Pacific,high_income,2002,4175950,67744.27,10.83,78.55,3.4,9.75,15.67,100.0,100.0,100.0,5.65,9.94,18.58,89.28,76.0,100.0,83.47,56.18,80.98,83.18,-2.19,3.94,-5.59,-0.72,-5.13,-6.18,,0
SGP,702,Singapore,East Asia & Pacific,high_income,2003,4114826,71877.53,10.31,79.04,3.2,10.02,15.73,100.0,100.0,100.0,5.93,9.71,17.74,90.31,77.1,100.0,83.03,57.73,81.63,83.58,-1.95,4.2,-5.42,-0.8,-5.66,-5.83,,0
SGP,702,Singapore,East Asia & Pacific,high_income,2004,4166664,78039.02,10.69,79.49,3.1,10.29,15.8,100.0,100.0,100.0,5.84,10.15,16.91,91.0,78.19,100.0,82.98,59.33,82.3,84.26,-1.96,3.67,-4.62,-0.92,-6.05,-6.18,,0
SGP,702,Singapore,East Asia & Pacific,high_income,2005,4265762,81841.16,9.78,79.99,3.0,10.56,15.87,100.0,100.0,100.0,5.59,10.09,16.22,91.74,79.28,100.0,83.51,60.71,83.05,84.83,-1.79,3.63,-4.83,-0.98,-5.71,-6.54,,0
SGP,702,Singapore,East Asia & Pacific,high_income,2006,4401365,86463.83,9.54,80.14,2.9,10.44,15.94,100.0,100.0,100.0,4.48,10.01,15.6,92.23,79.07,100.0,85.77,62.01,83.82,86.07,-2.25,3.1,-5.95,-1.06,-4.55,-6.87,,0
SGP,702,Singapore,East Asia & Pacific,high_income,2007,4588599,90417.81,9.45,80.44,2.9,10.54,16.01,100.0,100.0,100.0,3.9,10.28,14.96,92.46,79.59,100.0,86.79,63.43,84.45,87.74,-3.28,2.11,-6.8,-1.23,-5.1,-7.15,,0
SGP,702,Singapore,East Asia & Pacific,high_income,2008,4839396,87329.59,8.87,80.79,2.8,10.8,16.08,100.0,100.0,100.0,3.96,9.98,14.37,93.11,80.66,100.0,86.83,64.75,85.07,87.77,-2.7,2.55,-5.6,-1.06,-4.71,-6.23,4.0,0
SGP,702,Singapore,East Asia & Pacific,high_income,2009,4987573,84843.52,8.77,81.24,2.8,10.81,16.15,100.0,100.0,100.0,5.86,9.84,13.96,93.46,80.89,100.0,83.1,65.74,84.64,86.9,-2.27,2.21,-5.18,-1.07,-6.24,-6.48,,0
SGP,702,Singapore,East Asia & Pacific,high_income,2010,5076732,95456.19,9.63,81.54,2.8,11.18,16.22,100.0,100.0,100.0,4.12,9.18,13.8,93.69,82.31,100.0,86.93,66.12,85.81,88.34,-2.53,1.03,-5.16,-1.26,-3.74,-8.25,,0
SGP,702,Singapore,East Asia & Pacific,high_income,2011,5183688,99296.76,9.9,81.74,2.8,11.25,16.29,100.0,100.0,100.0,3.89,9.59,15.5,93.84,82.73,100.0,87.17,62.23,85.19,89.3,-4.1,0.85,-5.43,-1.06,-4.16,-10.02,,0
SGP,702,Singapore,East Asia & Pacific,high_income,2012,5312437,101187.83,9.44,82.0,2.8,11.25,16.36,100.0,100.0,100.0,3.72,9.28,16.92,94.04,82.95,100.0,87.67,59.3,84.79,89.7,-4.91,1.01,-5.63,-1.08,-4.16,-17.77,,0
SGP,702,Singapore,East Asia & Pacific,high_income,2013,5399162,104359.03,9.75,82.25,2.8,11.38,16.43,100.0,100.0,100.0,3.86,8.66,18.08,94.23,83.56,100.0,87.72,57.1,84.52,90.47,-5.95,0.81,-6.83,-1.05,-4.13,-23.68,,0
SGP,702,Singapore,East Asia & Pacific,high_income,2014,5469724,107066.86,9.85,82.5,2.7,11.44,16.5,100.0,100.0,100.0,3.74,9.28,17.28,94.81,83.97,100.0,87.63,58.6,85.0,91.17,-6.16,0.74,-6.65,-0.9,-4.46,-23.68,,0
SGP,702,Singapore,East Asia & Pacific,high_income,2015,5535002,108953.72,9.97,82.74,2.7,11.57,16.57,100.0,100.0,100.0,3.79,8.27,17.18,95.01,84.59,100.0,88.07,58.79,85.29,91.04,-5.75,0.46,-7.05,-0.82,-4.08,-22.79,4.0,0
SGP,702,Singapore,East Asia & Pacific,high_income,2016,5607283,111579.74,9.45,82.85,2.6,11.59,16.64,100.0,100.0,100.0,4.08,8.52,15.9,95.49,84.85,100.0,87.35,61.38,85.82,92.62,-6.81,-0.09,-7.91,-0.79,-5.04,-24.44,,0
SGP,702,Singapore,East Asia & Pacific,high_income,2017,5612253,116471.82,10.14,83.1,2.6,11.55,16.68,100.0,100.0,100.0,4.2,8.73,16.08,95.69,84.81,100.0,87.01,61.01,85.7,93.07,-7.37,-0.82,-8.99,-0.77,-6.24,-23.15,,0
SGP,702,Singapore,East Asia & Pacific,high_income,2018,5638676,119927.77,9.61,83.3,2.5,11.74,16.74,100.0,100.0,100.0,3.61,8.89,15.98,96.27,85.65,100.0,88.09,61.22,86.25,93.96,-7.72,-0.58,-9.04,-0.72,-6.51,-24.73,,0
SGP,702,Singapore,East Asia & Pacific,high_income,2019,5703569,120114.13,9.8,83.6,2.5,11.85,16.74,100.0,100.0,100.0,3.1,9.17,17.08,96.5,86.0,100.0,88.98,59.0,86.1,94.41,-8.32,-0.81,-9.59,-0.62,-6.55,-28.64,,0
SGP,702,Singapore,East Asia & Pacific,high_income,2020,5685807,115893.04,9.48,83.54,2.4,11.92,16.79,100.0,100.0,100.0,4.1,9.68,13.87,96.9,86.38,100.0,86.7,65.94,87.19,94.63,-7.45,-0.21,-10.5,-0.4,-6.85,-22.81,,0
SGP,702,Singapore,East Asia & Pacific,high_income,2021,5453566,132617.35,10.22,83.09,2.4,11.92,16.9,100.0,100.0,100.0,4.64,9.71,13.87,96.55,86.7,100.0,85.61,65.94,86.96,94.81,-7.85,-1.33,-10.67,-0.38,-8.78,-23.09,,1
SGP,702,Singapore,East Asia & Pacific,high_income,2022,5637022,133571.96,10.0,82.9,2.5,11.92,16.9,100.0,100.0,100.0,3.59,9.19,13.87,95.96,86.7,100.0,87.98,65.94,87.32,95.12,-7.8,-1.52,-10.3,-0.38,-8.23,-23.01,4.0,1
SLE,694,Sierra Leone,Sub-Saharan Africa,low_income,2000,4423611,1981.51,0.1,44.83,222.8,2.77,6.18,40.88,7.69,7.7,4.14,90.41,41.68,19.1,26.4,18.76,44.14,29.21,27.52,36.01,-8.48,-13.24,-5.08,-13.31,-6.55,-3.96,0.0,0
SLE,694,Sierra Leone,Sub-Saharan Africa,low_income,2001,4692716,1749.35,0.12,45.45,217.3,2.86,6.4,41.22,7.93,8.5,4.24,90.53,41.76,19.58,27.32,19.22,43.88,29.15,27.83,34.66,-6.83,-11.44,-2.97,-8.83,-6.22,-4.11,,0
SLE,694,Sierra Leone,Sub-Saharan Africa,low_income,2002,4971435,2089.26,0.12,46.17,211.6,2.95,6.61,42.36,8.16,9.2,3.91,90.31,41.78,20.13,28.21,19.9,44.65,29.13,28.41,37.2,-8.79,-14.12,-5.26,-13.6,-6.23,-4.78,,0
SLE,694,Sierra Leone,Sub-Saharan Africa,low_income,2003,5177687,2196.28,0.12,46.78,205.7,3.04,6.83,43.49,8.39,9.9,3.88,89.99,41.75,20.6,29.13,20.59,44.88,29.16,28.87,38.36,-9.48,-15.0,-5.84,-15.41,-6.47,-5.29,,0
SLE,694,Sierra Leone,Sub-Saharan Africa,low_income,2004,5355717,2260.84,0.11,47.48,199.6,3.14,7.06,44.62,8.95,16.8,3.42,89.65,41.68,21.16,30.07,23.46,45.98,29.21,29.98,38.99,-9.01,-15.34,-5.9,-13.58,-5.74,-5.8,,0
SLE,694,Sierra Leone,Sub-Saharan Africa,low_income,2005,5501712,2296.66,0.1,48.31,193.2,3.16,7.3,45.79,9.54,11.3,3.73,89.36,41.58,22.15,30.82,22.21,45.5,29.29,30.0,39.44,-9.45,-15.23,-5.76,-15.72,-6.54,-5.95,,0
SLE,694,Sierra Leone,Sub-Saharan Africa,low_income,2006,5624466,2342.75,0.13,49.55,186.5,3.19,7.54,46.97,10.16,12.2,3.89,89.08,41.02,23.49,31.6,23.11,45.34,29.74,30.65,40.04,-9.39,-14.7,-5.88,-15.94,-6.98,-5.66,,0
SLE,694,Sierra Leone,Sub-Saharan Africa,low_income,2007,5749352,2377.81,0.12,50.02,179.6,3.22,7.79,48.16,10.8,13.0,4.02,88.76,39.86,24.26,32.39,23.98,45.24,30.71,31.32,40.33,-9.02,-14.54,-5.62,-15.18,-7.12,-4.77,,0
SLE,694,Sierra Leone,Sub-Saharan Africa,low_income,2008,5894722,2404.65,0.11,50.69,172.4,3.25,8.05,49.34,11.46,12.1,4.13,88.48,38.51,25.22,33.19,24.3,45.17,31.86,31.95,40.76,-8.82,-13.95,-5.49,-15.62,-7.37,-3.83,0.0,0
SLE,694,Sierra Leone,Sub-Saharan Africa,low_income,2009,6055646,2376.58,0.11,51.31,165.2,3.28,8.3,50.52,12.14,14.6,4.27,88.26,37.39,26.16,33.98,25.75,45.01,32.84,32.75,40.59,-7.84,-13.8,-5.13,-13.72,-7.44,-2.83,,0
SLE,694,Sierra Leone,Sub-Saharan Africa,low_income,2010,6222714,2459.77,0.11,51.93,157.9,3.31,8.55,51.7,12.84,11.5,4.34,88.02,36.92,27.13,34.78,25.35,44.99,33.26,33.1,41.14,-8.04,-13.22,-5.11,-14.19,-7.39,-2.29,,0
SLE,694,Sierra Leone,Sub-Saharan Africa,low_income,2011,6387251,2590.53,0.14,52.59,150.8,3.34,8.6,52.88,13.56,14.2,4.39,87.82,43.13,28.14,35.0,26.88,45.0,28.07,32.62,41.82,-9.2,-13.61,-5.66,-14.5,-7.57,-5.25,,0
SLE,694,Sierra Leone,Sub-Saharan Africa,low_income,2012,6551080,2792.93,0.15,53.16,144.1,3.37,8.64,54.05,14.3,17.2,4.38,87.43,42.4,29.07,35.23,28.52,45.23,28.64,33.34,42.59,-9.25,-14.05,-6.38,-15.37,-7.6,-3.35,,0
SLE,694,Sierra Leone,Sub-Saharan Africa,low_income,2013,6714051,3124.73,0.17,54.05,137.9,3.39,8.69,55.23,15.07,13.5,4.38,86.83,34.42,30.23,35.45,27.93,45.55,35.6,34.95,44.95,-10.0,-14.7,-7.75,-20.04,-8.17,0.18,,0
SLE,694,Sierra Leone,Sub-Saharan Africa,low_income,2014,6876385,2812.53,0.18,54.28,135.9,3.42,8.74,56.4,15.85,18.8,4.68,86.42,36.22,30.57,35.68,30.35,45.16,33.9,35.13,43.76,-8.63,-13.36,-6.64,-14.56,-7.8,-1.53,,0
SLE,694,Sierra Leone,Sub-Saharan Africa,low_income,2015,7037655,2628.17,0.15,55.45,136.8,3.45,8.78,57.57,16.66,19.7,4.48,86.54,51.81,31.4,35.9,31.31,45.49,21.95,33.21,42.33,-9.12,-12.33,-6.06,-12.0,-6.89,-8.14,0.0,0
SLE,694,Sierra Leone,Sub-Saharan Africa,low_income,2016,7205328,2732.26,0.15,56.94,121.8,3.48,8.83,58.74,17.48,20.3,4.18,86.45,48.7,33.8,36.13,32.17,46.13,24.01,34.45,43.5,-9.05,-10.83,-6.6,-12.41,-6.69,-7.74,,0
SLE,694,Sierra Leone,Sub-Saharan Africa,low_income,2017,7379299,2753.43,0.14,57.76,117.0,3.51,8.87,59.91,18.33,23.4,3.66,86.41,44.71,34.87,36.35,33.88,47.21,26.87,35.84,44.16,-8.33,-10.05,-6.68,-11.68,-5.72,-6.74,,0
SLE,694,Sierra Leone,Sub-Saharan Africa,low_income,2018,7554563,2767.38,0.16,59.06,112.4,3.51,8.92,61.07,19.21,26.1,3.19,86.32,44.34,36.3,36.47,35.46,48.18,27.15,36.71,44.69,-7.98,-9.2,-6.94,-11.47,-5.07,-6.83,,0
SLE,694,Sierra Leone,Sub-Saharan Africa,low_income,2019,7731991,2852.66,0.16,59.59,108.3,3.5,8.97,62.24,20.1,22.7,3.2,86.22,38.59,37.12,36.59,35.01,48.21,31.78,37.74,45.49,-7.75,-9.2,-7.51,-12.9,-5.03,-4.05,,0
SLE,694,Sierra Leone,Sub-Saharan Africa,low_income,2020,7912558,2752.63,0.16,59.69,104.4,3.52,9.02,63.41,21.02,26.3,3.51,87.46,43.22,37.59,36.78,36.91,46.95,28.0,37.25,45.47,-8.22,-8.67,-8.05,-11.93,-4.48,-7.21,,0
SLE,694,Sierra Leone,Sub-Saharan Africa,low_income,2021,8094602,2849.39,0.18,60.26,100.6,3.52,9.02,64.58,21.96,27.5,3.55,86.95,43.22,38.43,36.78,38.01,47.13,28.0,37.67,45.85,-8.18,-7.85,-8.27,-12.87,-4.68,-7.26,,1
SLE,694,Sierra Leone,Sub-Saharan Africa,low_income,2022,8276807,2934.73,0.18,61.28,97.1,3.52,9.02,65.75,22.92,29.4,3.14,86.77,43.22,39.6,36.78,39.36,48.06,28.0,38.36,46.64,-8.28,-8.49,-8.44,-12.87,-5.47,-7.46,0.0,1
SLV,222,El Salvador,Americas,lower_middle_income,2000,5943366,7545.45,0.98,67.71,32.2,4.97,10.9,85.74,80.6,84.5,6.96,38.29,32.89,56.53,46.85,83.62,65.93,37.12,58.01,56.41,1.6,2.11,-5.94,6.49,7.16,-5.69,1.0,0
SLV,222,El Salvador,Americas,lower_middle_income,2001,5968060,7580.32,1.01,67.96,30.3,5.1,11.1,85.89,80.69,87.1,6.96,38.79,32.37,57.39,47.84,84.56,65.66,37.65,58.62,56.83,1.79,2.17,-5.61,7.3,7.58,-5.23,,0
SLV,222,El Salvador,Americas,lower_middle_income,2002,5986631,7675.67,1.01,68.53,28.6,5.22,11.44,86.64,80.78,87.5,6.2,39.29,31.35,58.44,49.21,84.97,66.92,38.72,59.65,57.24,2.41,2.37,-4.74,6.99,8.88,-4.2,,0
SLV,222,El Salvador,Americas,lower_middle_income,2003,5998599,7780.27,1.1,68.79,26.9,5.35,11.84,87.37,81.13,87.0,6.9,37.56,30.07,59.31,50.73,85.17,66.43,40.11,60.35,57.71,2.65,2.64,-3.63,6.56,8.06,-2.88,,0
SLV,222,El Salvador,Americas,lower_middle_income,2004,6004671,7841.53,1.14,69.3,25.4,5.48,12.16,87.86,81.48,87.4,6.8,36.82,28.77,60.32,52.04,85.58,67.02,41.58,61.31,57.67,3.64,3.74,-2.7,7.13,8.06,-1.28,,0
SLV,222,El Salvador,Americas,lower_middle_income,2005,6005578,8050.53,1.17,69.34,24.0,5.6,12.42,87.49,81.82,87.5,7.22,38.73,27.7,60.97,53.17,85.6,65.18,42.86,61.56,58.14,3.41,3.54,-2.01,6.36,5.22,0.02,,0
SLV,222,El Salvador,Americas,lower_middle_income,2006,6002319,8404.25,1.23,69.61,22.7,5.73,12.39,87.1,82.16,89.2,6.57,36.53,26.73,61.79,53.51,86.15,67.64,44.04,62.63,58.86,3.77,3.78,-2.11,5.73,6.39,1.29,,0
SLV,222,El Salvador,Americas,lower_middle_income,2007,6009824,8548.83,1.29,69.82,21.5,5.63,12.88,84.84,82.5,91.1,6.41,37.15,25.7,62.54,54.54,86.15,67.63,45.36,63.24,59.05,4.19,4.08,-1.49,6.24,5.74,2.61,,0
SLV,222,El Salvador,Americas,lower_middle_income,2008,6029297,8704.81,1.18,70.14,20.4,6.03,12.17,82.71,82.89,91.0,5.88,37.44,24.77,63.35,53.9,85.53,68.53,46.59,63.58,59.48,4.1,4.47,-2.61,4.81,5.94,3.82,1.0,0
SLV,222,El Salvador,Americas,lower_middle_income,2009,6048279,8494.5,1.14,70.36,19.4,6.13,12.1,82.39,83.27,91.1,7.33,37.91,24.09,64.07,54.03,85.59,65.39,47.51,63.32,59.45,3.87,5.01,-2.96,5.13,3.5,4.4,,0
SLV,222,El Salvador,Americas,lower_middle_income,2010,6068249,8648.93,1.11,70.91,18.4,6.34,12.17,82.26,83.65,91.6,4.89,37.67,23.83,65.07,54.93,85.84,70.39,47.88,64.82,59.84,4.98,5.71,-2.58,5.51,8.73,4.62,,0
SLV,222,El Salvador,Americas,lower_middle_income,2011,6090127,8943.06,1.15,71.19,17.6,6.21,12.25,83.13,84.02,92.6,4.3,37.94,27.56,65.77,54.72,86.58,71.44,43.03,64.31,60.32,3.99,5.84,-3.76,5.63,9.69,1.04,,0
SLV,222,El Salvador,Americas,lower_middle_income,2012,6113975,9165.42,1.14,71.42,16.7,6.37,12.3,83.98,84.38,93.7,3.84,37.54,24.26,66.51,55.38,87.35,72.55,47.28,65.82,60.54,5.28,6.42,-3.83,5.94,10.67,5.11,,0
SLV,222,El Salvador,Americas,lower_middle_income,2013,6138839,9327.56,1.08,71.22,16.0,6.43,12.44,84.81,84.74,95.0,3.69,37.64,25.8,66.83,56.0,88.18,72.8,45.22,65.81,60.79,5.02,6.35,-3.48,6.63,10.57,2.75,,0
SLV,222,El Salvador,Americas,lower_middle_income,2014,6162955,9451.74,1.11,71.14,15.3,6.53,12.26,85.61,85.1,95.1,4.15,35.39,23.56,67.25,55.82,88.6,73.07,48.25,66.6,61.31,5.29,6.25,-4.12,6.73,11.39,4.63,,0
SLV,222,El Salvador,Americas,lower_middle_income,2015,6183676,9646.15,1.17,70.95,14.6,6.62,12.01,86.4,85.45,95.4,4.0,36.0,23.94,67.61,55.45,89.08,73.06,47.72,66.58,61.39,5.19,6.06,-5.11,6.22,11.75,5.45,3.0,0
SLV,222,El Salvador,Americas,lower_middle_income,2016,6200800,9863.76,1.18,70.91,13.9,6.72,11.79,87.17,85.79,96.0,4.42,35.98,22.76,68.11,55.15,89.65,72.22,49.42,66.91,61.78,5.13,6.14,-5.89,6.45,10.48,6.06,,0
SLV,222,El Salvador,Americas,lower_middle_income,2017,6213533,10064.79,1.07,71.01,13.3,6.83,11.76,87.92,86.13,96.8,4.38,36.36,22.11,68.67,55.41,90.28,72.09,50.38,67.37,62.29,5.08,6.37,-5.81,6.06,10.67,5.82,,0
SLV,222,El Salvador,Americas,lower_middle_income,2018,6219807,10297.2,1.14,71.38,12.7,6.97,11.92,88.65,86.46,97.0,4.01,34.31,21.09,69.46,56.34,90.7,73.93,51.96,68.48,62.49,5.99,6.74,-5.25,6.02,11.87,7.87,,0
SLV,222,El Salvador,Americas,lower_middle_income,2019,6222318,10543.94,1.3,71.72,12.2,7.11,11.88,89.35,86.74,97.4,4.17,34.61,18.27,70.16,56.71,91.16,73.44,56.75,69.64,63.32,6.32,7.0,-5.56,5.66,11.38,11.1,,0
SLV,222,El Salvador,Americas,lower_middle_income,2020,6234673,9692.45,1.07,70.24,11.7,7.15,11.91,89.99,87.01,99.7,5.01,34.92,20.03,69.47,56.92,92.23,71.61,53.68,68.78,62.82,5.96,7.25,-5.27,6.72,12.33,7.56,,0
SLV,222,El Salvador,Americas,lower_middle_income,2021,6255782,10809.71,1.2,69.94,11.2,7.15,11.91,90.42,87.28,97.9,4.33,33.11,20.03,69.71,56.92,91.87,73.92,53.68,69.22,63.76,5.46,7.1,-6.53,4.16,12.9,6.9,,1
SLV,222,El Salvador,Americas,lower_middle_income,2022,6280319,11085.62,1.35,71.97,10.8,7.15,11.91,90.79,87.54,100.0,3.0,32.07,20.03,71.67,56.92,92.78,77.12,53.68,70.43,64.76,5.67,6.94,-6.84,4.41,13.5,6.91,3.0,1
SRB,688,Serbia,Europe & Central Asia,upper_middle_income,2000,7516346,11105.99,,71.58,12.7,7.44,13.04,89.42,95.5,99.9,12.6,34.91,31.27,69.61,61.0,94.94,56.42,38.81,64.16,61.74,2.41,9.41,2.7,8.31,-5.55,-7.2,1.0,0
SRB,688,Serbia,Europe & Central Asia,upper_middle_income,2001,7503433,11879.23,,72.23,12.1,7.57,13.09,89.4,95.5,99.8,12.8,34.68,31.59,70.64,61.59,94.9,56.15,38.47,64.35,63.14,1.21,8.61,1.39,6.81,-5.77,-8.15,,0
SRB,688,Serbia,Europe & Central Asia,upper_middle_income,2002,7500031,12661.99,,72.29,11.4,7.7,12.88,89.37,95.5,100.0,13.8,34.42,32.11,71.32,61.44,94.96,54.29,37.92,63.98,64.26,-0.28,7.66,-0.35,5.73,-8.14,-9.25,,0
SRB,688,Serbia,Europe & Central Asia,upper_middle_income,2003,7480591,13273.75,,72.44,10.6,8.12,12.99,89.35,95.5,99.7,15.2,34.08,32.68,72.23,63.16,94.85,51.66,37.33,63.85,65.2,-1.36,7.47,0.17,4.87,-11.14,-10.4,,0
SRB,688,Serbia,Europe & Central Asia,upper_middle_income,2004,7463157,14194.42,,72.68,9.7,8.54,13.04,89.32,95.5,99.6,18.5,33.66,33.14,73.38,64.69,94.81,45.28,36.87,63.01,65.91,-2.91,7.76,0.64,4.25,-18.8,-11.3,,0
SRB,688,Serbia,Europe & Central Asia,upper_middle_income,2005,7440769,15077.62,,72.83,9.0,8.97,13.28,89.67,95.67,99.7,20.85,33.21,33.33,74.31,66.78,95.01,40.82,36.68,62.72,66.75,-4.03,7.65,1.62,3.93,-24.9,-11.93,,0
SRB,688,Serbia,Europe & Central Asia,upper_middle_income,2006,7411569,15727.47,,73.39,8.5,9.39,13.39,90.02,95.84,99.6,20.85,32.75,33.12,75.36,68.48,95.15,41.06,36.89,63.39,67.36,-3.97,8.36,2.78,3.63,-26.19,-11.83,,0
SRB,688,Serbia,Europe & Central Asia,upper_middle_income,2007,7381579,17028.16,,73.63,8.1,9.81,13.43,90.37,96.0,99.6,18.06,32.25,32.62,76.07,70.02,95.33,46.9,37.4,65.14,68.45,-3.3,7.92,3.09,3.24,-21.77,-11.88,,0
SRB,688,Serbia,Europe & Central Asia,upper_middle_income,2008,7350222,17983.36,,73.89,7.9,10.24,13.57,90.72,96.17,99.6,13.67,31.76,32.02,76.54,71.81,95.5,55.94,38.02,67.56,69.41,-1.85,7.34,3.62,2.76,-14.17,-11.98,3.0,0
SRB,688,Serbia,Europe & Central Asia,upper_middle_income,2009,7320807,17488.2,,73.99,7.8,10.3,13.64,91.08,96.34,99.6,16.12,30.89,31.52,76.75,72.24,95.67,51.51,38.54,66.94,69.29,-2.34,6.92,3.46,2.67,-16.12,-11.97,,0
SRB,688,Serbia,Europe & Central Asia,upper_middle_income,2010,7291436,17841.51,,74.34,7.6,10.37,13.55,91.43,96.51,99.7,19.2,31.13,31.3,77.3,72.21,95.88,45.21,38.77,65.87,69.44,-3.56,7.11,3.1,2.76,-21.72,-11.73,,0
SRB,688,Serbia,Europe & Central Asia,upper_middle_income,2011,7236519,17986.66,,74.54,7.4,10.57,13.57,91.79,96.68,99.7,22.96,28.56,33.96,77.75,72.94,96.06,39.05,36.05,64.37,69.59,-5.22,7.14,3.25,2.67,-28.55,-13.53,,0
SRB,688,Serbia,Europe & Central Asia,upper_middle_income,2012,7201497,17993.89,,74.84,7.1,10.57,14.14,92.15,96.85,99.8,24.0,28.42,30.38,78.43,74.5,96.27,37.04,39.76,65.2,69.51,-4.31,7.9,4.54,2.88,-30.5,-10.37,,0
SRB,688,Serbia,Europe & Central Asia,upper_middle_income,2013,7166553,18163.28,,75.19,6.8,10.56,14.28,92.51,97.02,99.9,22.15,28.26,28.46,79.16,74.88,96.47,40.82,41.95,66.66,69.8,-3.14,8.2,4.17,2.81,-27.31,-8.21,,0
SRB,688,Serbia,Europe & Central Asia,upper_middle_income,2014,7131787,17922.51,,75.34,6.6,10.72,14.35,92.87,97.18,99.7,19.22,28.14,28.04,79.6,75.61,96.58,46.74,42.45,68.2,70.11,-1.92,8.63,4.71,2.89,-20.76,-8.16,,0
SRB,688,Serbia,Europe & Central Asia,upper_middle_income,2015,7095383,18247.88,,75.29,6.3,11.02,14.55,93.23,97.35,99.9,17.66,26.38,27.86,80.07,77.13,96.83,50.79,42.66,69.5,70.31,-0.82,8.57,5.75,2.86,-16.73,-7.89,3.0,0
SRB,688,Serbia,Europe & Central Asia,upper_middle_income,2016,7058322,18889.46,,75.69,6.1,11.13,14.66,93.6,97.52,99.9,15.26,28.07,25.53,80.73,77.82,97.01,54.71,45.57,71.17,71.03,0.14,8.72,5.77,2.57,-13.64,-6.38,,0
SRB,688,Serbia,Europe & Central Asia,upper_middle_income,2017,7020858,19439.07,,75.54,5.9,11.16,14.8,93.96,97.69,100.0,13.48,27.26,26.28,80.98,78.33,97.22,58.7,44.61,71.97,71.51,0.46,8.48,5.89,2.56,-9.52,-8.21,,0
SRB,688,Serbia,Europe & Central Asia,upper_middle_income,2018,6982604,20454.31,,75.89,5.8,11.27,14.79,94.32,97.86,100.0,12.73,24.67,27.13,81.43,78.63,97.39,61.55,43.55,72.51,72.16,0.36,8.03,5.39,2.27,-7.75,-9.0,,0
SRB,688,Serbia,Europe & Central Asia,upper_middle_income,2019,6945235,21541.22,,75.94,5.6,11.37,14.73,94.69,97.92,99.8,10.4,24.34,22.64,81.85,78.81,97.47,66.4,49.59,74.82,73.34,1.49,7.51,4.62,1.85,-3.26,-5.53,,0
SRB,688,Serbia,Europe & Central Asia,upper_middle_income,2020,6899126,21479.17,,74.48,5.5,11.5,14.48,95.06,97.92,100.0,9.01,23.9,22.51,80.92,78.58,97.66,69.4,49.78,75.27,73.97,1.3,6.35,3.47,1.2,1.02,-6.89,,0
SRB,688,Serbia,Europe & Central Asia,upper_middle_income,2021,6834326,23406.4,,72.78,5.4,11.5,14.48,95.43,97.92,100.0,9.84,24.3,22.51,79.82,78.58,97.78,67.52,49.78,74.7,74.38,0.31,5.41,2.83,1.25,-2.41,-7.19,,1
SRB,688,Serbia,Europe & Central Asia,upper_middle_income,2022,6664449,24651.95,,75.24,5.4,11.5,14.5,95.42,97.93,100.0,8.44,24.07,22.51,81.71,78.64,97.78,70.45,49.78,75.67,75.41,0.26,5.48,2.56,0.98,-2.47,-7.46,3.0,1
SVK,703,Slovak Republic,Europe & Central Asia,high_income,2000,5388720,18343.24,7.74,73.05,9.6,9.95,13.49,97.98,99.82,100.0,18.55,8.14,21.39,73.78,70.63,99.27,58.63,51.49,70.76,68.83,1.93,5.25,4.83,5.55,-9.15,1.08,3.0,0
SVK,703,Slovak Republic,Europe & Central Asia,high_income,2001,5378867,18914.39,7.8,73.4,9.3,10.26,13.46,97.98,99.83,100.0,19.15,8.53,21.63,74.39,71.59,99.27,57.21,51.11,70.72,69.68,1.03,4.68,4.23,5.04,-10.57,0.48,,0
SVK,703,Slovak Republic,Europe & Central Asia,high_income,2002,5376912,19757.07,7.8,73.6,9.1,10.48,13.75,97.98,99.83,100.0,18.54,8.79,22.12,74.78,73.14,99.27,58.29,50.35,71.17,70.42,0.75,3.98,4.36,4.74,-10.05,-0.71,,0
SVK,703,Slovak Republic,Europe & Central Asia,high_income,2003,5373374,20730.25,7.89,73.6,8.8,10.71,14.04,97.97,99.66,100.0,17.55,9.34,22.7,75.15,74.69,99.21,59.99,49.5,71.71,71.12,0.58,3.51,4.7,4.43,-8.48,-2.23,,0
SVK,703,Slovak Republic,Europe & Central Asia,high_income,2004,5372280,21851.95,7.79,73.96,8.6,10.93,14.3,97.97,99.47,100.0,18.21,9.99,23.18,75.67,76.15,99.15,58.33,48.8,71.62,71.67,-0.05,3.25,5.47,4.21,-11.26,-3.27,,0
SVK,703,Slovak Republic,Europe & Central Asia,high_income,2005,5372807,23266.76,7.86,73.9,8.3,11.15,14.58,97.97,99.28,99.9,16.28,10.46,23.37,76.01,77.68,99.05,61.94,48.52,72.64,72.47,0.17,2.71,5.85,3.87,-9.16,-4.21,,0
SVK,703,Slovak Republic,Europe & Central Asia,high_income,2006,5373054,25342.31,7.86,74.2,8.0,11.38,14.78,97.96,99.09,99.9,13.4,10.93,23.18,76.64,79.0,98.98,67.46,48.8,74.18,73.64,0.54,2.41,5.92,3.4,-5.76,-4.9,,0
SVK,703,Slovak Republic,Europe & Central Asia,high_income,2007,5374622,28075.81,7.69,74.21,7.7,11.6,15.04,97.96,98.89,100.0,11.16,11.41,22.7,77.06,80.44,98.95,71.68,49.49,75.52,75.08,0.45,1.43,5.98,2.96,-3.68,-5.53,,0
SVK,703,Slovak Republic,Europe & Central Asia,high_income,2008,5379233,29556.26,7.65,74.7,7.4,11.83,15.15,97.96,98.7,100.0,9.51,11.56,22.14,77.88,81.5,98.89,74.89,50.33,76.7,76.05,0.65,1.08,5.98,2.58,-1.72,-5.79,3.0,0
SVK,703,Slovak Republic,Europe & Central Asia,high_income,2009,5386406,27891.9,6.91,74.91,7.1,12.05,15.21,98.25,98.5,100.0,12.02,12.41,21.67,78.48,82.43,98.92,69.42,51.05,76.06,75.48,0.58,1.15,6.77,2.53,-3.61,-5.38,,0
SVK,703,Slovak Republic,Europe & Central Asia,high_income,2010,5391428,29758.17,7.4,75.11,6.9,12.27,15.26,98.62,98.31,100.0,14.39,12.84,21.47,78.95,83.3,98.98,64.47,51.36,75.41,76.07,-0.65,0.62,6.67,2.27,-8.46,-5.92,,0
SVK,703,Slovak Republic,Europe & Central Asia,high_income,2011,5398384,30481.38,7.02,75.96,6.7,12.5,15.21,99.0,98.11,100.0,13.63,12.87,22.56,79.92,83.91,99.04,65.96,49.71,75.71,76.55,-0.84,0.8,6.44,2.07,-8.21,-7.06,,0
SVK,703,Slovak Republic,Europe & Central Asia,high_income,2012,5407579,30907.04,6.68,76.11,6.6,12.38,15.16,99.38,97.91,100.0,13.97,12.87,20.34,80.2,83.36,99.1,65.29,53.16,76.22,76.88,-0.66,0.63,5.41,2.08,-8.83,-5.6,,0
SVK,703,Slovak Republic,Europe & Central Asia,high_income,2013,5413393,31090.99,6.72,76.41,6.4,12.44,15.12,99.52,97.71,100.0,14.23,12.87,19.58,80.77,83.47,99.08,64.77,54.43,76.5,77.23,-0.72,0.72,4.56,1.91,-9.79,-4.76,,0
SVK,703,Slovak Republic,Europe & Central Asia,high_income,2014,5418649,31901.94,6.27,76.81,6.3,12.44,14.98,99.79,97.52,100.0,11.54,12.48,19.27,81.24,83.1,99.1,70.36,54.97,77.75,77.99,-0.23,0.59,3.59,1.67,-4.8,-5.24,,0
SVK,703,Slovak Republic,Europe & Central Asia,high_income,2015,5423801,33521.6,6.37,76.56,6.2,12.64,14.85,99.79,97.52,100.0,11.49,12.47,19.19,81.23,83.38,99.1,70.45,55.11,77.85,78.71,-0.85,-0.23,3.09,1.43,-5.84,-5.8,3.0,0
SVK,703,Slovak Republic,Europe & Central Asia,high_income,2016,5430798,34130.51,6.53,77.17,6.1,12.71,14.67,99.79,97.53,100.0,9.68,12.68,17.88,81.87,83.13,99.1,73.97,57.47,79.11,79.49,-0.38,0.0,2.51,1.25,-3.16,-5.58,,0
SVK,703,Slovak Republic,Europe & Central Asia,high_income,2017,5439232,35057.22,6.94,77.17,6.0,12.77,14.6,99.79,97.53,100.0,8.14,12.46,18.18,82.05,83.11,99.11,77.16,56.9,79.66,79.86,-0.2,-0.29,2.07,1.18,-0.74,-6.06,,0
SVK,703,Slovak Republic,Europe & Central Asia,high_income,2018,5446771,36430.79,6.84,77.27,5.9,12.87,14.54,99.79,97.53,100.0,6.54,12.32,18.68,82.31,83.28,99.11,80.43,56.01,80.23,80.42,-0.19,-0.65,1.6,1.04,1.32,-7.22,,0
SVK,703,Slovak Republic,Europe & Central Asia,high_income,2019,5454147,37209.53,6.38,77.67,5.9,12.91,14.52,99.79,97.53,100.0,5.76,12.47,15.84,82.61,83.38,99.11,81.91,61.51,81.71,81.23,0.48,-0.81,1.19,0.9,2.44,-4.16,,0
SVK,703,Slovak Republic,Europe & Central Asia,high_income,2020,5458827,36216.4,5.98,76.87,5.9,13.01,14.57,99.79,97.53,100.0,6.72,12.47,15.39,82.0,83.83,99.11,80.0,62.47,81.48,81.42,0.06,-1.3,0.93,0.63,2.3,-4.44,,0
SVK,703,Slovak Republic,Europe & Central Asia,high_income,2021,5447247,38346.09,6.73,74.61,6.0,13.01,14.72,99.79,97.53,100.0,6.89,12.08,15.39,80.08,84.25,99.11,79.85,62.47,81.15,81.41,-0.26,-2.76,1.17,0.64,1.47,-4.34,,1
SVK,703,Slovak Republic,Europe & Central Asia,high_income,2022,5431752,38664.91,6.11,76.97,6.1,13.01,14.72,99.79,97.54,100.0,6.14,12.34,15.39,81.71,84.25,99.11,81.22,62.47,81.75,81.62,0.13,-1.64,1.54,0.66,1.2,-3.78,4.0,1
SVN,705,Slovenia,Europe & Central Asia,high_income,2000,1988925,30055.57,7.59,75.41,5.4,10.5,14.98,99.69,99.11,100.0,6.92,16.23,20.76,81.84,76.61,99.6,77.62,52.47,77.63,74.37,3.26,6.82,4.55,2.9,2.27,-2.27,3.0,0
SVN,705,Slovenia,Europe & Central Asia,high_income,2001,1992060,30857.11,8.52,75.76,5.2,10.83,15.79,99.68,99.11,100.0,5.68,16.64,20.93,82.52,79.98,99.6,79.88,52.2,78.83,75.09,3.74,6.62,6.76,2.72,3.97,-2.84,,0
SVN,705,Slovenia,Europe & Central Asia,high_income,2002,1994530,31830.56,8.66,76.01,4.9,11.17,16.24,99.68,99.11,100.0,5.92,15.9,21.27,83.35,82.33,99.6,79.79,51.67,79.35,75.66,3.69,6.58,8.01,2.49,3.81,-4.14,,0
SVN,705,Slovenia,Europe & Central Asia,high_income,2003,1995733,32827.75,8.58,76.86,4.7,11.5,16.7,99.67,99.11,100.0,6.48,15.21,21.65,84.46,84.71,99.6,79.04,51.08,79.78,76.18,3.6,7.02,9.24,2.32,3.38,-5.41,,0
SVN,705,Slovenia,Europe & Central Asia,high_income,2004,1997012,34298.13,8.71,77.21,4.4,11.83,16.39,99.67,99.11,100.0,6.01,16.36,21.96,85.45,84.96,99.59,79.36,50.6,79.99,76.72,3.27,7.14,8.87,2.2,3.15,-6.61,,0
SVN,705,Slovenia,Europe & Central Asia,high_income,2005,2000474,35558.38,8.82,77.61,4.2,11.68,16.75,99.66,99.11,100.0,6.51,15.82,22.09,86.26,85.47,99.59,78.66,50.4,80.08,77.25,2.83,7.36,8.4,2.13,1.71,-7.46,,0
SVN,705,Slovenia,Europe & Central Asia,high_income,2006,2006868,37539.46,8.94,78.09,4.0,11.81,16.89,99.66,99.11,100.0,5.95,15.74,21.77,87.16,86.3,99.59,79.82,50.9,80.75,78.16,2.59,7.56,8.34,1.97,1.24,-7.81,,0
SVN,705,Slovenia,Europe & Central Asia,high_income,2007,2018122,39995.21,8.89,78.56,3.8,11.75,16.93,99.65,99.06,100.0,4.82,15.35,20.98,88.08,86.21,99.57,82.28,52.12,81.65,79.22,2.44,7.66,7.44,1.83,1.9,-7.63,,0
SVN,705,Slovenia,Europe & Central Asia,high_income,2008,2021316,41278.61,9.35,78.77,3.6,11.91,17.06,99.65,99.0,100.0,4.37,14.41,20.05,88.82,87.08,99.55,83.67,53.64,82.55,79.97,2.58,7.47,7.56,1.64,2.41,-7.06,4.0,0
SVN,705,Slovenia,Europe & Central Asia,high_income,2009,2039669,37802.09,8.28,78.97,3.4,12.03,16.99,99.64,98.95,100.0,5.86,15.79,19.27,89.6,87.29,99.53,79.97,54.97,82.27,78.91,3.37,8.13,8.09,1.73,2.65,-5.83,,0
SVN,705,Slovenia,Europe & Central Asia,high_income,2010,2048583,38056.18,8.38,79.42,3.2,12.06,17.08,99.64,98.9,100.0,7.24,15.48,18.94,90.61,87.64,99.51,77.38,55.54,82.14,78.93,3.2,8.81,7.96,1.66,0.83,-5.44,,0
SVN,705,Slovenia,Europe & Central Asia,high_income,2011,2052843,38226.13,7.83,79.97,3.1,12.21,16.94,99.63,98.84,100.0,8.17,14.82,20.7,91.37,87.75,99.49,75.87,52.58,81.41,79.22,2.19,9.11,7.5,1.55,-1.57,-7.38,,0
SVN,705,Slovenia,Europe & Central Asia,high_income,2012,2057159,37033.77,7.54,80.12,2.9,12.28,16.95,99.63,98.79,100.0,8.84,14.54,18.34,92.22,88.02,99.47,74.66,56.61,82.2,79.11,3.09,10.14,7.79,1.66,-2.13,-5.32,,0
SVN,705,Slovenia,Europe & Central Asia,high_income,2013,2059953,36678.87,7.53,80.32,2.8,12.38,17.68,99.62,98.74,100.0,10.1,15.32,18.16,92.75,90.39,99.45,71.73,56.94,82.25,79.35,2.9,10.39,9.25,1.57,-5.12,-5.63,,0
SVN,705,Slovenia,Europe & Central Asia,high_income,2014,2061980,37655.2,6.85,81.08,2.7,12.43,17.35,99.62,98.68,100.0,9.67,16.48,17.8,93.72,89.61,99.43,71.99,57.62,82.48,80.1,2.38,10.73,7.98,1.35,-5.51,-5.96,,0
SVN,705,Slovenia,Europe & Central Asia,high_income,2015,2063531,38527.42,6.93,80.78,2.6,12.57,17.27,99.61,98.63,100.0,8.96,14.59,17.72,93.9,89.87,99.42,74.4,57.76,83.07,80.44,2.63,10.52,7.8,1.23,-3.88,-5.91,4.0,0
SVN,705,Slovenia,Europe & Central Asia,high_income,2016,2065042,39667.46,7.27,81.18,2.5,12.67,17.46,99.61,98.58,100.0,8.0,12.78,16.45,94.64,90.72,99.4,77.27,60.24,84.45,81.44,3.01,10.64,8.14,1.04,-1.97,-6.07,,0
SVN,705,Slovenia,Europe & Central Asia,high_income,2017,2066388,41692.84,7.43,81.03,2.5,12.7,17.47,99.6,98.52,100.0,6.56,13.06,16.5,94.52,90.87,99.38,80.0,60.14,84.98,82.12,2.86,9.75,7.54,0.87,-0.52,-6.28,,0
SVN,705,Slovenia,Europe & Central Asia,high_income,2018,2073894,43361.09,7.45,81.38,2.4,12.75,17.44,99.6,98.47,100.0,5.11,12.89,18.18,95.23,90.96,99.36,83.0,56.91,85.09,82.71,2.39,9.89,6.96,0.76,1.17,-9.99,,0
SVN,705,Slovenia,Europe & Central Asia,high_income,2019,2088385,44569.59,7.1,81.53,2.4,12.8,17.33,99.59,98.42,100.0,4.45,11.55,13.91,95.35,90.8,99.34,85.03,65.85,87.27,83.56,3.72,9.48,6.2,0.66,2.66,-3.58,,0
SVN,705,Slovenia,Europe & Central Asia,high_income,2020,2102419,42463.56,6.44,80.53,2.4,12.88,17.26,99.59,98.36,100.0,4.97,11.54,14.29,94.58,90.88,99.32,83.98,64.94,86.74,83.45,3.29,9.15,5.8,0.51,3.79,-5.24,,0
SVN,705,Slovenia,Europe & Central Asia,high_income,2021,2108079,45914.06,6.57,80.68,2.3,12.88,17.41,99.58,98.31,100.0,4.74,11.2,14.29,95.16,91.29,99.3,84.62,64.94,87.06,83.74,3.32,9.72,5.69,0.43,3.41,-5.57,,1
SVN,705,Slovenia,Europe & Central Asia,high_income,2022,2112076,47050.07,6.34,81.28,2.3,12.88,17.41,99.58,98.31,100.0,4.01,11.19,14.29,95.62,91.29,99.3,86.09,64.94,87.45,84.12,3.33,9.67,5.89,0.43,3.1,-5.38,4.0,1
SWE,752,Sweden,Europe & Central Asia,high_income,2000,8872109,48284.8,6.54,79.64,4.1,11.45,18.69,99.48,99.23,100.0,5.47,8.83,9.7,88.09,88.15,99.57,84.42,77.9,87.63,78.9,8.73,7.7,11.32,0.4,1.31,20.3,4.0,0
SWE,752,Sweden,Europe & Central Asia,high_income,2001,8895960,48810.64,6.53,79.8,4.0,11.63,18.68,99.5,99.23,100.0,4.73,8.47,9.5,88.47,88.76,99.58,86.08,78.59,88.3,79.74,8.55,7.26,10.77,0.35,2.36,20.25,,0
SWE,752,Sweden,Europe & Central Asia,high_income,2002,8924958,49760.22,6.65,79.85,4.0,11.81,18.56,99.51,99.23,100.0,4.96,8.42,9.22,88.51,89.37,99.58,85.64,79.57,88.53,80.16,8.37,6.6,10.66,0.27,2.2,19.92,,0
SWE,752,Sweden,Europe & Central Asia,high_income,2003,8958229,50507.93,6.66,80.1,3.9,12.0,18.56,99.52,99.21,100.0,5.56,8.14,8.92,88.98,89.99,99.58,84.6,80.68,88.76,80.31,8.45,6.68,10.52,0.29,1.8,20.37,,0
SWE,752,Sweden,Europe & Central Asia,high_income,2004,8993531,52412.41,6.46,80.5,3.7,12.18,16.02,99.53,99.18,100.0,6.69,8.18,8.64,89.86,85.1,99.57,82.31,81.75,87.72,80.7,7.01,6.78,5.37,0.29,-0.51,20.35,,0
SWE,752,Sweden,Europe & Central Asia,high_income,2005,9029572,53661.32,6.04,80.55,3.6,12.26,16.0,99.54,99.16,100.0,7.81,8.14,8.42,90.19,85.31,99.57,80.1,82.59,87.55,81.1,6.45,6.62,4.57,0.3,-2.92,20.19,,0
SWE,752,Sweden,Europe & Central Asia,high_income,2006,9080505,55855.5,6.07,80.75,3.5,12.33,15.96,99.56,99.14,100.0,7.07,8.14,8.26,90.65,85.44,99.56,81.58,83.25,88.1,82.05,6.05,6.37,3.88,0.24,-2.62,19.81,,0
SWE,752,Sweden,Europe & Central Asia,high_income,2007,9148092,57230.79,5.78,80.9,3.3,12.4,15.81,99.57,99.11,100.0,6.16,8.0,8.09,91.41,85.26,99.56,83.47,83.92,88.72,83.07,5.66,6.51,2.94,0.23,-2.04,19.52,,0
SWE,752,Sweden,Europe & Central Asia,high_income,2008,9219637,56262.47,5.61,81.1,3.2,12.07,15.8,99.58,99.09,100.0,6.24,7.83,7.96,91.9,84.12,99.56,83.41,84.5,88.7,83.3,5.39,6.61,1.61,0.3,-2.16,19.61,4.0,0
SWE,752,Sweden,Europe & Central Asia,high_income,2009,9298515,53411.2,5.05,81.35,3.1,12.14,15.8,99.59,99.07,100.0,8.35,8.06,7.86,92.43,84.35,99.55,79.05,84.9,88.06,82.47,5.59,6.59,1.94,0.29,-3.39,19.28,,0
SWE,752,Sweden,Europe & Central Asia,high_income,2010,9378126,56003.27,5.64,81.45,3.1,12.21,15.99,99.61,99.05,100.0,8.61,8.22,7.82,92.51,85.1,99.55,78.45,85.06,88.14,83.07,5.06,5.81,1.73,0.16,-3.96,18.51,,0
SWE,752,Sweden,Europe & Central Asia,high_income,2011,9449213,57340.5,5.13,81.8,3.0,12.28,15.87,99.62,99.02,100.0,7.8,7.82,7.91,93.14,85.01,99.55,80.28,84.68,88.53,83.66,4.87,5.82,0.83,0.14,-3.02,19.51,,0
SWE,752,Sweden,Europe & Central Asia,high_income,2012,9519374,56682.02,4.8,81.7,3.0,12.34,15.91,99.63,99.0,100.0,7.98,7.86,6.61,93.06,85.34,99.54,79.91,90.69,89.71,83.87,5.84,5.71,0.86,0.17,-3.2,22.25,,0
SWE,752,Sweden,Europe & Central Asia,high_income,2013,9600379,56843.16,4.58,81.96,2.9,12.23,18.18,99.65,98.98,100.0,8.05,7.95,6.56,93.62,90.78,99.54,79.71,90.92,90.92,84.28,6.64,5.99,5.11,0.16,-3.34,20.65,,0
SWE,752,Sweden,Europe & Central Asia,high_income,2014,9696110,57574.05,4.41,82.25,2.9,12.29,18.09,99.66,98.96,100.0,7.95,7.77,6.77,93.85,90.98,99.54,80.0,89.87,90.85,84.84,6.01,5.74,5.12,0.16,-3.44,18.64,,0
SWE,752,Sweden,Europe & Central Asia,high_income,2015,9799186,59468.35,4.38,82.2,2.9,12.35,18.32,99.67,98.93,100.0,7.43,7.69,6.3,93.82,91.18,99.53,81.09,92.27,91.58,85.1,6.48,5.32,4.69,0.14,-3.06,21.04,4.0,0
SWE,752,Sweden,Europe & Central Asia,high_income,2016,9923085,59977.39,4.28,82.31,2.8,12.41,18.42,99.68,98.91,100.0,6.99,7.48,5.7,94.28,91.38,99.53,82.08,95.64,92.58,86.15,6.43,5.24,4.39,0.11,-2.56,21.39,,0
SWE,752,Sweden,Europe & Central Asia,high_income,2017,10057698,60288.8,4.16,82.41,2.8,12.49,18.86,99.69,98.89,100.0,6.72,7.37,6.06,94.35,91.62,99.53,82.69,93.57,92.35,86.28,6.07,5.04,4.23,0.13,-2.67,20.65,,0
SWE,752,Sweden,Europe & Central Asia,high_income,2018,10175214,60647.45,3.9,82.56,2.7,12.55,18.9,99.71,98.86,100.0,6.36,7.22,6.29,94.86,91.83,99.52,83.47,92.33,92.4,86.62,5.78,5.43,4.04,0.15,-2.89,19.1,,0
SWE,752,Sweden,Europe & Central Asia,high_income,2019,10278887,61601.63,3.84,83.11,2.6,12.61,18.52,99.72,98.84,100.0,6.83,7.29,6.07,95.7,92.03,99.52,82.5,93.53,92.66,87.3,5.35,5.82,3.63,0.15,-4.51,18.09,,0
SWE,752,Sweden,Europe & Central Asia,high_income,2020,10353442,59975.36,3.67,82.36,2.6,12.67,18.65,99.73,98.81,100.0,8.29,7.45,5.64,95.12,92.25,99.51,79.5,96.0,92.47,87.49,4.99,5.38,2.91,0.12,-5.66,19.38,,0
SWE,752,Sweden,Europe & Central Asia,high_income,2021,10415811,62731.7,3.89,83.06,2.5,12.67,19.04,99.74,98.79,100.0,8.8,7.28,5.64,96.08,92.25,99.51,78.56,96.0,92.48,87.22,5.26,6.7,2.94,0.15,-6.89,19.92,,1
SWE,752,Sweden,Europe & Central Asia,high_income,2022,10486941,63088.42,3.6,83.06,2.5,12.67,19.04,99.75,98.77,100.0,7.42,7.08,5.64,96.08,92.25,99.51,81.44,96.0,93.05,87.4,5.66,6.64,3.38,0.17,-5.54,20.34,4.0,1
SWZ,748,Eswatini,Sub-Saharan Africa,lower_middle_income,2000,1041414,6106.07,1.05,47.63,112.5,3.86,9.56,52.38,50.25,20.4,24.55,36.46,23.52,27.5,39.42,41.01,31.71,48.31,37.59,52.93,-15.34,-23.46,-9.88,-28.84,-25.41,7.77,0.0,0
SWZ,748,Eswatini,Sub-Saharan Africa,lower_middle_income,2001,1051064,6135.45,1.06,46.34,115.7,3.71,9.48,53.43,50.75,26.9,25.24,36.39,23.11,26.21,38.7,43.69,30.85,48.9,37.67,53.26,-15.59,-25.48,-11.13,-26.36,-25.63,8.4,,0
SWZ,748,Eswatini,Sub-Saharan Africa,lower_middle_income,2002,1059441,6335.81,1.02,45.38,117.0,3.57,9.39,54.48,51.28,25.9,25.77,36.24,22.45,25.34,37.99,43.88,30.92,49.86,37.6,54.09,-16.49,-27.51,-12.72,-27.63,-25.83,8.98,,0
SWZ,748,Eswatini,Sub-Saharan Africa,lower_middle_income,2003,1066700,6578.3,0.94,44.63,117.9,3.42,9.71,55.53,51.82,28.7,26.26,36.17,21.75,24.69,38.37,45.35,30.96,50.92,38.06,54.99,-16.93,-29.15,-13.21,-27.95,-26.27,9.72,,0
SWZ,748,Eswatini,Sub-Saharan Africa,lower_middle_income,2004,1073159,6775.22,0.93,43.91,118.0,3.28,10.02,56.59,52.37,31.4,26.72,36.01,21.19,24.12,38.76,46.79,31.05,51.8,38.5,55.33,-16.83,-29.96,-13.64,-27.0,-26.9,10.41,,0
SWZ,748,Eswatini,Sub-Saharan Africa,lower_middle_income,2005,1079022,7142.19,0.92,43.96,117.0,3.13,10.32,57.66,52.93,34.2,27.22,35.78,20.96,24.25,39.09,48.26,31.17,52.17,38.99,56.24,-17.26,-31.11,-14.2,-27.19,-27.93,10.49,,0
SWZ,748,Eswatini,Sub-Saharan Africa,lower_middle_income,2006,1084436,7584.72,0.92,44.56,106.4,3.31,10.96,58.73,53.5,35.2,27.69,35.53,21.04,25.75,41.46,49.15,31.3,52.03,39.94,57.31,-17.37,-30.6,-12.61,-28.2,-29.19,10.21,,0
SWZ,748,Eswatini,Sub-Saharan Africa,lower_middle_income,2007,1090705,7866.73,0.95,45.16,100.3,3.49,11.27,59.83,54.09,39.8,28.24,35.22,21.25,26.85,42.92,51.24,31.46,51.7,40.83,57.86,-17.02,-30.35,-11.9,-26.41,-29.8,9.72,,0
SWZ,748,Eswatini,Sub-Saharan Africa,lower_middle_income,2008,1098091,7926.38,0.92,45.85,97.9,3.66,11.58,61.05,54.71,42.6,27.89,35.03,21.5,27.64,44.38,52.79,31.56,51.3,41.54,58.11,-16.57,-29.76,-10.73,-25.26,-30.29,9.37,0.0,0
SWZ,748,Eswatini,Sub-Saharan Africa,lower_middle_income,2009,1105153,7988.6,0.95,46.91,92.4,3.84,11.89,62.27,55.33,38.6,27.49,34.83,21.71,29.09,45.84,52.07,31.67,50.98,41.93,58.56,-16.63,-29.01,-10.24,-26.65,-29.79,8.39,,0
SWZ,748,Eswatini,Sub-Saharan Africa,lower_middle_income,2010,1111650,8245.64,0.77,48.33,82.1,4.02,12.21,63.49,55.95,45.6,26.86,34.6,21.8,31.46,47.3,55.01,31.79,50.84,43.28,59.15,-15.87,-27.14,-9.49,-23.91,-29.56,7.99,,0
SWZ,748,Eswatini,Sub-Saharan Africa,lower_middle_income,2011,1117833,8350.89,0.73,49.06,67.6,4.23,12.52,64.71,56.56,51.2,26.1,34.54,20.66,34.13,48.86,57.49,31.82,52.64,44.99,59.32,-14.33,-24.71,-8.55,-21.41,-29.45,11.27,,0
SWZ,748,Eswatini,Sub-Saharan Africa,lower_middle_income,2012,1123863,8645.84,0.72,50.71,62.7,4.44,12.7,65.9,57.17,54.3,25.23,34.29,21.14,36.22,50.05,59.12,31.95,51.87,45.84,59.64,-13.8,-22.95,-8.2,-20.48,-29.5,10.35,,0
SWZ,748,Eswatini,Sub-Saharan Africa,lower_middle_income,2013,1129990,8951.06,0.85,52.11,59.7,4.64,12.87,67.09,57.78,57.5,24.56,34.1,20.97,37.83,51.24,60.79,32.94,52.14,46.99,60.2,-13.21,-22.01,-7.55,-19.57,-28.97,10.05,,0
SWZ,748,Eswatini,Sub-Saharan Africa,lower_middle_income,2014,1136299,9084.49,0.86,53.49,60.0,4.85,13.15,68.29,58.4,65.0,23.93,33.89,20.78,38.83,52.69,63.9,34.3,52.44,48.43,60.71,-12.27,-21.55,-6.54,-16.81,-27.09,9.17,,0
SWZ,748,Eswatini,Sub-Saharan Africa,lower_middle_income,2015,1142813,9186.65,0.86,54.94,57.5,5.06,13.43,69.49,59.01,64.1,23.43,33.75,21.05,40.41,54.17,64.2,35.38,52.02,49.24,60.65,-11.41,-20.37,-5.53,-17.26,-25.58,10.32,1.0,0
SWZ,748,Eswatini,Sub-Saharan Africa,lower_middle_income,2016,1149507,9402.51,0.91,56.23,54.4,5.19,13.72,70.69,59.62,63.4,22.72,33.58,18.92,42.0,55.41,64.57,36.89,55.58,50.89,61.06,-10.17,-19.23,-4.77,-17.21,-24.51,12.76,,0
SWZ,748,Eswatini,Sub-Saharan Africa,lower_middle_income,2017,1158195,9660.55,0.92,57.57,53.6,5.33,14.01,71.89,60.24,73.5,24.54,32.93,20.26,43.2,56.67,68.54,33.58,53.29,51.06,61.69,-10.63,-18.46,-3.82,-14.55,-27.57,9.15,,0
SWZ,748,Eswatini,Sub-Saharan Africa,lower_middle_income,2018,1168929,9578.1,0.91,58.71,50.4,5.46,14.31,73.1,60.85,74.0,26.47,32.25,20.42,44.74,57.95,69.31,33.03,53.02,51.61,61.42,-9.81,-16.89,-2.41,-13.28,-28.54,9.66,,0
SWZ,748,Eswatini,Sub-Saharan Africa,lower_middle_income,2019,1179874,10099.59,0.96,59.85,51.5,5.6,14.61,74.3,61.46,77.0,28.22,31.42,21.17,45.38,59.25,70.92,33.46,51.83,52.17,62.7,-10.53,-17.14,-2.3,-13.36,-28.31,6.63,,0
SWZ,748,Eswatini,Sub-Saharan Africa,lower_middle_income,2020,1192729,9695.82,0.81,59.86,50.5,5.73,14.93,75.51,62.06,80.0,32.98,31.09,18.78,45.61,60.56,72.53,33.64,55.82,53.63,62.83,-9.2,-16.61,-1.63,-13.0,-25.64,9.7,,0
SWZ,748,Eswatini,Sub-Saharan Africa,lower_middle_income,2021,1206593,9990.43,0.82,58.23,47.9,5.73,14.93,76.73,62.67,82.9,34.15,30.06,18.78,44.92,60.56,74.1,34.18,55.82,53.92,62.64,-8.73,-16.63,-1.6,-11.71,-26.26,9.97,,1
SWZ,748,Eswatini,Sub-Saharan Africa,lower_middle_income,2022,1218917,9927.61,0.88,63.03,47.3,5.73,14.93,77.94,63.27,82.3,36.47,29.38,18.78,48.75,60.56,74.5,34.54,55.82,54.83,63.26,-8.42,-14.47,-1.45,-11.45,-28.17,10.26,1.0,1
SYR,760,Syria,Middle East & N. Africa,low_income,2000,16637888,7807.93,2.76,70.86,23.1,4.36,10.01,91.62,88.44,93.4,9.59,42.53,22.97,62.56,42.35,91.15,58.44,49.1,60.72,56.93,3.79,7.6,-10.96,12.92,-0.58,5.96,1.0,0
SYR,760,Syria,Middle East & N. Africa,low_income,2001,17051338,7698.4,2.7,71.3,22.2,4.54,10.07,91.76,88.59,93.1,11.63,42.42,23.04,63.33,43.12,91.15,54.41,49.0,60.2,57.09,3.11,7.85,-10.6,13.33,-3.78,5.95,,0
SYR,760,Syria,Middle East & N. Africa,low_income,2002,17468332,7811.82,2.62,71.74,21.4,4.73,10.13,91.9,88.75,86.6,10.94,41.2,23.23,64.07,43.89,89.08,56.44,48.73,60.44,57.51,2.93,7.71,-10.33,10.58,-1.72,5.64,,0
SYR,760,Syria,Middle East & N. Africa,low_income,2003,17889296,8177.55,2.57,72.19,20.8,5.1,10.47,92.04,88.9,92.6,10.28,39.84,23.51,64.72,46.11,91.18,58.47,48.33,61.76,58.53,3.24,7.18,-9.08,10.9,-0.22,4.83,,0
SYR,760,Syria,Middle East & N. Africa,low_income,2004,18336875,8528.66,2.62,72.49,20.2,5.48,10.86,92.18,89.06,92.3,9.51,38.41,23.85,65.27,48.44,91.18,60.76,47.85,62.7,58.95,3.75,7.29,-7.62,10.26,1.22,4.14,,0
SYR,760,Syria,Middle East & N. Africa,low_income,2005,18814091,8828.95,3.13,72.8,19.8,5.86,11.34,92.31,89.4,92.0,8.81,36.66,24.24,65.72,51.03,91.24,63.09,47.31,63.68,59.47,4.21,6.85,-5.55,9.64,2.42,3.57,,0
SYR,760,Syria,Middle East & N. Africa,low_income,2006,19637022,8885.81,3.14,73.04,19.4,6.24,11.54,92.45,89.74,99.5,8.17,35.0,25.0,66.13,52.83,93.9,65.24,46.27,64.87,59.65,5.22,7.28,-3.62,12.04,3.55,2.98,,0
SYR,760,Syria,Middle East & N. Africa,low_income,2007,20884125,8829.31,3.11,73.26,19.1,6.61,11.58,92.58,90.09,91.5,8.42,37.77,26.25,66.47,54.23,91.39,63.28,44.65,64.0,59.55,4.46,7.49,-2.29,10.49,1.15,1.63,,0
SYR,760,Syria,Middle East & N. Africa,low_income,2008,21636564,8903.77,3.08,73.37,18.9,6.19,11.61,92.71,90.43,91.3,10.94,31.04,27.6,66.67,52.9,91.48,61.79,42.97,63.16,59.81,3.35,7.44,-3.95,10.15,-1.0,-0.01,1.0,0
SYR,760,Syria,Middle East & N. Africa,low_income,2009,21976969,9284.1,2.84,73.5,18.8,6.49,11.73,92.84,90.77,91.1,8.14,34.19,28.69,66.82,54.21,91.57,65.72,41.69,64.0,60.83,3.17,6.27,-4.21,8.25,3.21,-2.22,,0
SYR,760,Syria,Middle East & N. Africa,low_income,2010,22482421,9546.56,2.79,73.54,18.8,6.4,11.89,92.97,91.1,92.7,8.61,32.6,29.13,66.86,54.35,92.26,65.62,41.17,64.05,61.33,2.72,5.88,-4.69,8.83,3.31,-2.95,,0
SYR,760,Syria,Middle East & N. Africa,low_income,2011,22878098,9648.82,2.56,72.26,21.6,6.31,12.01,93.01,91.37,91.5,8.63,32.94,25.69,64.36,54.4,91.96,65.41,45.37,64.3,61.39,2.92,3.26,-5.23,8.91,3.09,2.64,,0
SYR,760,Syria,Middle East & N. Africa,low_income,2012,22759763,7144.37,2.03,66.21,34.2,6.22,12.26,93.07,91.63,90.7,13.8,33.94,24.55,54.72,54.78,91.8,54.54,46.88,60.54,56.4,4.14,-1.31,-0.18,18.53,-5.18,7.51,,0
SYR,760,Syria,Middle East & N. Africa,low_income,2013,21666917,5530.97,1.44,65.15,36.9,6.13,8.4,93.12,91.91,90.4,14.5,35.96,26.32,53.08,43.77,91.81,52.08,44.56,57.06,52.57,4.49,0.95,-6.79,26.5,-5.54,6.68,,0
SYR,760,Syria,Middle East & N. Africa,low_income,2014,20273659,5301.63,1.53,65.49,35.5,6.05,8.2,93.19,92.19,90.2,14.78,37.49,25.73,53.76,42.93,91.86,50.7,45.31,56.91,52.12,4.79,1.9,-7.11,28.06,-6.27,7.03,,0
SYR,760,Syria,Middle East & N. Africa,low_income,2015,19424618,5302.07,1.45,63.26,37.1,5.96,8.01,93.33,92.55,90.0,14.24,38.1,26.98,51.57,42.1,91.96,51.46,43.73,56.16,51.74,4.42,-0.58,-8.25,27.57,-5.24,9.07,1.0,0
SYR,760,Syria,Middle East & N. Africa,low_income,2016,19193834,5022.11,1.35,65.19,32.2,5.87,7.81,93.47,92.9,89.8,13.8,38.74,25.57,54.59,41.27,92.06,52.01,45.52,57.09,51.24,5.85,2.81,-8.51,29.73,-4.59,10.3,,0
SYR,760,Syria,Middle East & N. Africa,low_income,2017,19224668,4977.79,1.62,65.65,32.9,5.78,7.62,93.61,93.26,89.6,13.6,38.97,24.58,54.71,40.43,92.16,52.28,46.84,57.29,51.57,5.72,2.87,-9.2,29.19,-4.31,10.29,,0
SYR,760,Syria,Middle East & N. Africa,low_income,2018,19577845,4956.09,1.74,67.37,32.5,5.77,7.55,93.75,93.61,86.0,13.5,39.05,25.96,56.17,40.2,91.12,52.44,45.02,56.99,51.63,5.36,4.05,-9.61,27.67,-4.52,8.65,,0
SYR,760,Syria,Middle East & N. Africa,low_income,2019,20353534,4825.41,1.64,70.97,24.6,5.75,7.48,93.88,93.96,89.2,13.37,39.02,26.47,61.96,39.97,92.35,52.72,44.37,58.27,51.85,6.42,9.91,-9.81,29.41,-3.85,6.69,,0
SYR,760,Syria,Middle East & N. Africa,low_income,2020,21049429,4633.35,1.51,71.94,21.9,5.74,7.42,94.01,94.3,89.0,15.18,39.51,24.71,63.97,39.73,92.44,48.85,46.67,58.33,51.68,6.65,11.86,-10.68,28.56,-5.42,9.07,,0
SYR,760,Syria,Middle East & N. Africa,low_income,2021,21628839,4592.84,1.48,72.42,20.5,5.74,7.42,94.05,94.64,88.8,14.89,38.87,24.71,65.05,39.73,92.5,49.77,46.67,58.74,51.46,7.28,13.58,-10.44,28.2,-5.0,9.24,,1
SYR,760,Syria,Middle East & N. Africa,low_income,2022,22462173,4454.85,1.39,72.79,20.7,5.74,7.42,94.08,94.98,89.0,13.24,39.11,24.71,65.23,39.73,92.69,52.93,46.67,59.45,51.74,7.71,12.62,-10.07,28.87,-3.42,9.39,1.0,1
TCD,148,Chad,Sub-Saharan Africa,low_income,2000,8512093,1506.72,0.03,47.94,182.4,1.28,4.9,38.63,9.69,3.1,0.8,94.47,56.95,22.49,17.87,17.14,48.69,18.79,25.0,32.86,-7.86,-5.97,-9.74,-7.49,-1.04,-14.29,0.0,0
TCD,148,Chad,Sub-Saharan Africa,low_income,2001,8804124,1626.57,0.03,48.31,179.0,1.33,5.19,39.21,9.78,3.4,0.79,94.26,56.8,22.98,18.85,17.46,48.8,18.88,25.4,33.82,-8.42,-7.0,-10.44,-8.56,-1.05,-14.37,,0
TCD,148,Chad,Sub-Saharan Africa,low_income,2002,9116192,1704.27,0.03,48.36,175.6,1.38,5.48,39.8,9.86,3.8,0.77,94.01,56.41,23.23,19.85,17.82,48.98,19.11,25.8,34.81,-9.01,-8.11,-10.85,-9.87,-1.15,-14.76,,0
TCD,148,Chad,Sub-Saharan Africa,low_income,2003,9487833,1878.59,0.04,48.61,172.3,1.43,5.63,40.38,9.94,4.1,0.72,93.65,55.89,23.63,20.43,18.14,49.26,19.42,26.18,36.55,-10.37,-9.82,-12.5,-13.41,-1.46,-14.99,,0
TCD,148,Chad,Sub-Saharan Africa,low_income,2004,9920036,2400.97,0.05,48.69,168.8,1.48,5.71,40.97,10.02,3.5,0.67,92.85,55.34,23.91,20.79,18.17,49.79,19.75,26.48,39.7,-13.22,-13.4,-15.97,-20.61,-2.2,-15.3,,0
TCD,148,Chad,Sub-Saharan Africa,low_income,2005,10328092,2705.82,0.05,48.86,165.4,1.54,5.55,41.57,10.11,4.8,0.66,92.11,54.86,24.26,20.54,18.82,50.19,20.04,26.77,41.38,-14.61,-15.29,-18.12,-23.96,-2.67,-15.32,,0
TCD,148,Chad,Sub-Saharan Africa,low_income,2006,10706424,2596.03,0.05,48.75,161.8,1.6,5.81,42.16,10.19,5.1,0.72,91.54,54.37,24.41,21.46,19.15,50.39,20.34,27.15,41.28,-14.13,-15.11,-17.26,-22.99,-2.52,-15.15,,0
TCD,148,Chad,Sub-Saharan Africa,low_income,2007,11081660,2613.47,0.05,49.21,158.1,1.65,6.08,42.76,10.28,5.5,0.84,91.12,53.78,25.02,22.38,19.51,50.36,20.7,27.6,41.49,-13.89,-15.01,-16.77,-22.49,-2.59,-14.91,,0
TCD,148,Chad,Sub-Saharan Africa,low_income,2008,11476296,2601.36,0.04,49.5,154.3,1.71,6.34,43.36,10.36,5.9,0.92,90.84,53.23,25.51,23.31,19.87,50.35,21.05,28.02,41.75,-13.73,-14.69,-16.31,-22.47,-2.7,-14.78,0.0,0
TCD,148,Chad,Sub-Saharan Africa,low_income,2009,11893754,2474.71,0.04,49.83,150.5,1.76,6.77,43.96,10.48,6.3,0.94,90.75,52.8,26.03,24.69,20.25,50.35,21.32,28.53,41.11,-12.59,-14.43,-14.91,-20.49,-2.36,-14.45,,0
TCD,148,Chad,Sub-Saharan Africa,low_income,2010,12312575,2717.41,0.04,50.11,146.7,1.81,6.77,44.58,10.61,6.4,0.91,90.45,52.63,26.52,24.85,20.53,50.57,21.42,28.78,42.41,-13.63,-15.09,-16.21,-22.13,-2.45,-14.39,,0
TCD,148,Chad,Sub-Saharan Africa,low_income,2011,12754997,2741.07,0.05,50.43,142.9,1.86,7.39,45.2,10.75,9.0,0.92,90.26,54.15,27.05,26.72,21.65,50.65,20.48,29.31,42.55,-13.24,-15.39,-14.61,-21.48,-2.27,-13.02,,0
TCD,148,Chad,Sub-Saharan Africa,low_income,2012,13210998,2886.27,0.09,50.76,139.3,1.91,7.58,45.83,10.9,7.8,0.89,90.09,57.12,27.59,27.42,21.51,50.81,18.69,29.21,43.02,-13.81,-15.91,-14.59,-23.39,-2.22,-13.42,,0
TCD,148,Chad,Sub-Saharan Africa,low_income,2013,13691079,2864.11,0.1,51.05,135.8,1.95,7.78,46.47,11.07,8.1,0.96,90.06,50.23,28.09,28.11,21.88,50.69,22.99,30.35,43.92,-13.57,-15.84,-14.13,-23.5,-2.51,-12.3,,0
TCD,148,Chad,Sub-Saharan Africa,low_income,2014,14188678,2820.68,0.1,51.14,132.3,2.0,7.97,47.12,11.24,8.4,0.98,89.89,46.81,28.44,28.8,22.25,50.72,25.34,31.11,43.79,-12.68,-15.51,-13.54,-22.74,-2.25,-10.1,,0
TCD,148,Chad,Sub-Saharan Africa,low_income,2015,14647621,2822.58,0.11,51.32,128.7,2.05,7.42,47.78,11.42,7.7,1.03,89.76,64.38,28.88,27.43,22.3,50.69,14.7,28.8,43.21,-14.41,-15.64,-15.3,-23.13,-2.1,-15.7,0.0,0
TCD,148,Chad,Sub-Saharan Africa,low_income,2016,15114655,2622.6,0.11,51.6,125.0,2.09,7.57,48.45,11.62,9.2,1.09,89.9,58.39,29.41,28.0,23.09,50.5,17.96,29.79,43.01,-13.22,-14.75,-14.3,-20.3,-2.08,-13.64,,0
TCD,148,Chad,Sub-Saharan Africa,low_income,2017,15622759,2496.26,0.14,51.88,121.4,2.14,7.72,49.12,11.83,10.9,1.13,90.11,56.25,29.94,28.57,23.95,50.31,19.21,30.4,42.99,-12.6,-13.86,-13.44,-18.72,-2.03,-14.06,,0
TCD,148,Chad,Sub-Saharan Africa,low_income,2018,16156531,2552.37,0.15,52.45,117.6,2.19,7.87,49.81,12.05,10.1,1.14,89.96,54.38,30.72,29.15,23.99,50.38,20.33,30.92,43.78,-12.86,-13.89,-13.42,-20.64,-2.38,-13.43,,0
TCD,148,Chad,Sub-Saharan Africa,low_income,2019,16685223,2604.53,0.14,52.99,114.0,2.23,8.03,50.5,12.29,8.4,1.08,90.06,51.87,31.48,29.74,23.73,50.44,21.91,31.46,44.43,-12.96,-13.89,-13.43,-21.57,-2.24,-13.69,,0
TCD,148,Chad,Sub-Saharan Africa,low_income,2020,17224679,2513.03,0.14,53.08,110.6,2.28,8.19,51.2,12.55,10.9,1.7,90.57,49.14,31.88,30.35,24.88,48.94,23.72,31.95,44.41,-12.46,-13.38,-13.51,-21.28,-2.0,-11.14,,0
TCD,148,Chad,Sub-Saharan Africa,low_income,2021,17828273,2435.07,0.15,53.14,107.3,2.28,8.19,51.9,12.82,11.3,1.53,89.99,49.14,32.25,30.35,25.34,49.58,23.72,32.25,44.03,-11.78,-12.36,-13.03,-21.09,-1.3,-10.93,,1
TCD,148,Chad,Sub-Saharan Africa,low_income,2022,18455316,2449.48,0.16,54.53,103.9,2.28,8.19,52.0,12.92,11.7,1.08,89.98,49.14,33.67,30.35,25.54,50.48,23.72,32.75,44.44,-11.69,-12.52,-12.88,-21.64,-1.87,-11.03,0.0,1
TGO,768,Togo,Sub-Saharan Africa,low_income,2000,5140037,2160.99,0.24,54.59,119.2,3.09,9.48,45.84,8.03,17.0,4.16,81.78,63.7,32.22,36.63,23.62,48.63,15.06,31.23,37.02,-5.79,-1.36,3.9,-10.83,-2.36,-18.17,0.0,0
TGO,768,Togo,Sub-Saharan Africa,low_income,2001,5277382,2122.08,0.21,54.76,115.7,3.12,9.76,47.21,8.26,19.6,4.11,81.77,61.84,32.68,37.54,25.02,48.75,16.04,32.01,36.92,-4.91,-1.13,4.56,-8.43,-2.0,-17.28,,0
TGO,768,Togo,Sub-Saharan Africa,low_income,2002,5413274,2147.97,0.22,55.04,112.2,3.16,9.87,48.55,8.5,21.3,4.09,81.72,57.4,33.23,37.97,26.11,48.82,18.53,32.93,37.52,-4.59,-1.42,4.11,-8.19,-2.17,-15.39,,0
TGO,768,Togo,Sub-Saharan Africa,low_income,2003,5552167,2234.98,0.26,55.31,108.8,3.2,9.98,49.87,8.73,23.0,3.96,81.62,52.11,33.77,38.4,27.2,49.13,21.76,34.05,38.56,-4.51,-2.07,3.2,-9.3,-2.29,-12.69,,0
TGO,768,Togo,Sub-Saharan Africa,low_income,2004,5696508,2157.03,0.24,55.61,105.5,3.24,10.07,51.0,8.96,24.8,3.99,81.58,47.67,34.34,38.79,28.26,49.08,24.73,35.04,38.44,-3.4,-1.54,3.44,-7.42,-2.42,-10.25,,0
TGO,768,Togo,Sub-Saharan Africa,low_income,2005,5844631,2004.26,0.22,55.93,102.4,3.28,10.12,51.95,9.61,26.5,4.15,81.63,45.81,34.91,39.03,29.35,48.74,26.06,35.62,37.84,-2.22,-0.68,4.17,-4.55,-2.61,-9.1,,0
TGO,768,Togo,Sub-Saharan Africa,low_income,2006,6010668,2000.54,0.2,56.15,99.3,3.3,10.51,52.85,10.29,27.9,4.23,81.63,45.88,35.41,40.17,30.35,48.58,26.01,36.1,38.15,-2.04,-0.72,4.59,-3.95,-2.8,-9.25,,0
TGO,768,Togo,Sub-Saharan Africa,low_income,2007,6188344,1920.27,0.2,56.4,96.5,3.31,9.94,53.73,11.0,30.0,3.82,81.64,46.06,35.91,38.66,31.58,49.39,25.88,36.28,37.75,-1.46,-0.14,3.2,-1.19,-1.63,-9.3,,0
TGO,768,Togo,Sub-Saharan Africa,low_income,2008,6368812,1941.15,0.25,56.66,93.7,3.33,10.41,54.57,11.73,31.8,3.28,81.66,46.34,36.43,40.01,32.7,50.46,25.67,37.05,38.09,-1.04,0.04,3.85,-0.63,-0.68,-9.61,0.0,0
TGO,768,Togo,Sub-Saharan Africa,low_income,2009,6551865,1989.83,0.41,56.94,90.9,3.34,10.88,55.37,12.49,33.7,2.85,81.61,46.7,36.98,41.36,33.85,51.36,25.41,37.79,38.32,-0.53,-0.8,4.33,-0.07,0.02,-9.87,,0
TGO,768,Togo,Sub-Saharan Africa,low_income,2010,6732590,2049.78,0.38,57.24,88.3,3.49,11.34,56.14,13.28,30.8,2.38,81.48,47.13,37.52,43.16,33.41,52.36,25.11,38.31,38.82,-0.51,-0.53,5.37,-0.43,1.13,-9.96,,0
TGO,768,Togo,Sub-Saharan Africa,low_income,2011,6916474,2111.47,0.34,57.62,85.6,3.64,11.81,56.88,14.1,39.7,1.98,81.29,48.27,38.16,44.95,36.89,53.25,24.31,39.51,39.17,0.34,-1.13,6.71,1.84,1.96,-8.34,,0
TGO,768,Togo,Sub-Saharan Africa,low_income,2012,7100736,2186.31,0.32,57.95,82.9,3.85,11.94,57.59,14.95,39.1,2.03,81.1,53.64,38.76,45.98,37.21,53.26,20.79,39.2,39.47,-0.27,-1.53,7.26,0.89,1.93,-10.3,,0
TGO,768,Togo,Sub-Saharan Africa,low_income,2013,7285442,2254.99,0.27,58.36,80.2,4.05,12.06,58.26,15.83,41.0,2.08,80.82,43.02,39.43,47.01,38.36,53.3,28.16,41.25,41.11,0.14,-1.76,7.4,0.05,1.51,-6.77,,0
TGO,768,Togo,Sub-Saharan Africa,low_income,2014,7472450,2322.4,0.23,58.78,77.7,4.25,12.19,58.9,16.73,45.7,2.14,80.51,43.06,40.09,48.03,40.44,53.34,28.12,42.01,41.43,0.58,-1.51,7.8,1.16,1.51,-6.79,,0
TGO,768,Togo,Sub-Saharan Africa,low_income,2015,7663195,2388.43,0.2,59.23,75.2,4.45,12.32,59.51,17.66,44.7,2.2,80.25,67.32,40.8,49.06,40.62,53.35,13.21,39.41,41.16,-1.75,-1.86,8.12,0.15,1.52,-16.48,0.0,0
TGO,768,Togo,Sub-Saharan Africa,low_income,2016,7858289,2427.3,0.27,59.68,72.8,4.66,12.44,60.08,18.62,46.8,2.97,79.92,60.29,41.49,50.08,41.83,52.0,16.89,40.46,42.09,-1.63,-1.8,8.61,0.69,-0.12,-14.4,,0
TGO,768,Togo,Sub-Saharan Africa,low_income,2017,8057140,2462.28,0.21,60.14,70.4,4.86,12.57,60.61,19.6,48.0,3.74,79.52,58.25,42.22,51.11,42.74,50.66,18.04,40.95,42.83,-1.87,-1.42,9.25,0.47,-1.6,-15.17,,0
TGO,768,Togo,Sub-Saharan Africa,low_income,2018,8258778,2517.35,0.23,60.61,68.1,5.09,12.7,61.11,20.61,50.0,2.9,79.09,55.1,42.93,52.24,43.91,52.57,19.89,42.31,43.62,-1.31,-1.53,9.81,-0.33,-0.1,-13.83,,0
TGO,768,Togo,Sub-Saharan Africa,low_income,2019,8463068,2577.52,0.25,61.06,66.0,5.33,12.83,61.58,21.64,52.5,2.04,78.74,47.63,43.62,53.42,45.24,54.48,24.76,44.31,44.3,0.0,-1.64,10.36,0.24,1.86,-10.82,,0
TGO,768,Togo,Sub-Saharan Africa,low_income,2020,8669720,2570.48,0.28,61.14,63.9,5.59,12.96,62.01,22.7,54.1,2.23,79.03,51.67,44.03,54.64,46.27,53.94,22.04,44.19,44.67,-0.49,-1.48,10.54,-0.56,2.88,-12.9,,0
TGO,768,Togo,Sub-Saharan Africa,low_income,2021,8878379,2638.81,0.29,61.34,62.0,5.59,12.96,62.4,23.78,55.7,2.34,77.38,51.67,44.51,54.64,47.3,54.59,22.04,44.62,44.96,-0.34,-0.95,10.41,-1.41,3.23,-12.92,,1
TGO,768,Togo,Sub-Saharan Africa,low_income,2022,9089738,2739.69,0.29,62.29,60.0,5.59,12.96,62.77,24.89,57.2,1.96,75.96,51.67,45.6,54.64,48.29,56.09,22.04,45.33,45.8,-0.47,-1.76,10.18,-2.02,3.01,-13.15,0.0,1
THA,764,Thailand,East Asia & Pacific,upper_middle_income,2000,63007815,11622.53,2.77,71.2,21.7,5.66,12.09,93.78,92.18,82.1,2.39,59.55,40.39,63.5,52.45,89.35,63.88,30.26,59.89,62.37,-2.48,2.6,-6.52,1.9,1.45,-16.07,1.0,0
THA,764,Thailand,East Asia & Pacific,upper_middle_income,2001,63651141,11901.32,2.88,71.52,20.7,6.04,12.7,94.14,92.43,90.4,2.6,57.24,40.35,64.26,55.41,92.32,64.68,30.3,61.39,63.16,-1.77,2.21,-4.81,4.21,2.74,-16.34,,0
THA,764,Thailand,East Asia & Pacific,upper_middle_income,2002,64266437,12512.18,3.04,71.78,19.7,6.43,12.89,94.5,92.68,91.0,1.82,57.33,40.43,64.99,57.24,92.73,66.19,30.23,62.27,64.1,-1.82,1.52,-4.35,3.67,3.92,-16.86,,0
THA,764,Thailand,East Asia & Pacific,upper_middle_income,2003,64868166,13287.3,3.13,72.1,18.9,6.81,13.03,94.85,92.94,91.6,1.54,56.68,40.53,65.69,58.89,93.13,67.09,30.15,62.99,65.22,-2.23,0.92,-4.12,3.14,4.28,-17.59,,0
THA,764,Thailand,East Asia & Pacific,upper_middle_income,2004,65452047,13997.0,3.38,72.1,18.0,7.2,13.16,95.2,93.21,92.2,1.51,53.58,40.53,66.22,60.54,93.54,68.78,30.15,63.85,65.73,-1.88,0.82,-3.28,3.13,4.87,-17.91,,0
THA,764,Thailand,East Asia & Pacific,upper_middle_income,2005,66017420,14458.26,3.47,72.89,17.2,7.08,13.58,95.54,93.47,92.8,1.35,53.68,40.32,67.33,61.33,93.94,69.05,30.32,64.39,66.19,-1.8,1.28,-3.16,3.33,3.81,-17.94,,0
THA,764,Thailand,East Asia & Pacific,upper_middle_income,2006,66567687,15051.06,3.5,73.34,16.5,6.97,13.66,95.87,93.74,99.1,1.22,53.82,39.75,68.12,61.16,96.24,69.23,30.79,65.11,66.79,-1.68,1.73,-3.83,5.21,2.45,-17.53,,0
THA,764,Thailand,East Asia & Pacific,upper_middle_income,2007,67102394,15742.66,3.54,73.78,15.9,7.13,14.13,96.19,94.02,94.1,1.18,55.44,38.75,68.86,63.01,94.77,68.46,31.65,65.35,67.42,-2.07,1.77,-2.67,3.54,0.64,-16.91,,0
THA,764,Thailand,East Asia & Pacific,upper_middle_income,2008,67619830,15891.78,3.53,74.22,15.2,7.29,14.02,96.51,94.3,94.8,1.18,54.67,37.35,69.69,63.25,95.2,68.87,32.88,65.98,67.74,-1.77,2.27,-2.89,3.71,0.18,-15.93,3.0,0
THA,764,Thailand,East Asia & Pacific,upper_middle_income,2009,68121080,15665.9,3.41,74.67,14.7,7.45,14.04,96.82,94.59,99.0,1.49,53.06,35.58,70.4,63.83,96.8,69.09,34.5,66.92,67.82,-0.89,2.25,-3.08,4.92,2.4,-14.92,,0
THA,764,Thailand,East Asia & Pacific,upper_middle_income,2010,68579447,16730.37,3.59,75.01,14.1,7.61,13.95,97.12,94.87,99.7,0.62,52.71,33.47,71.11,64.12,97.23,71.01,36.54,68.0,68.6,-0.6,1.95,-3.92,4.72,4.62,-13.31,,0
THA,764,Thailand,East Asia & Pacific,upper_middle_income,2011,69007208,16766.35,3.58,75.3,13.6,7.71,14.16,97.41,95.18,99.3,0.66,55.38,29.06,71.73,65.04,97.29,69.53,41.25,68.97,68.69,0.28,2.26,-3.46,4.52,2.61,-7.59,,0
THA,764,Thailand,East Asia & Pacific,upper_middle_income,2012,69436098,17869.64,3.81,75.59,13.1,7.81,13.99,97.69,95.48,99.1,0.58,55.97,31.59,72.36,64.9,97.42,69.38,38.47,68.5,69.42,-0.92,1.95,-4.95,4.1,1.9,-11.59,,0
THA,764,Thailand,East Asia & Pacific,upper_middle_income,2013,69845114,18242.43,3.95,75.96,12.7,7.91,13.87,97.96,95.79,99.4,0.25,54.86,34.49,72.98,64.88,97.72,70.63,35.54,68.35,69.86,-1.51,1.94,-5.9,4.02,2.45,-14.68,,0
THA,764,Thailand,East Asia & Pacific,upper_middle_income,2014,70216367,18324.61,3.88,76.28,12.3,8.04,16.5,98.23,96.1,99.5,0.58,49.68,29.97,73.57,72.66,97.94,72.7,40.22,71.42,70.4,1.02,2.22,1.39,4.06,4.96,-10.64,,0
THA,764,Thailand,East Asia & Pacific,upper_middle_income,2015,70540795,18812.0,3.99,76.56,11.9,8.18,16.45,98.49,96.42,99.6,0.6,48.73,28.15,74.15,72.96,98.17,73.16,42.31,72.15,70.71,1.44,2.15,1.08,3.95,5.29,-8.61,3.0,0
THA,764,Thailand,East Asia & Pacific,upper_middle_income,2016,70859841,19370.61,3.92,76.77,11.5,8.32,16.4,98.76,96.74,99.9,0.69,48.11,30.4,74.68,73.27,98.46,73.3,39.75,71.89,71.39,0.51,2.24,0.81,3.84,4.62,-12.55,,0
THA,764,Thailand,East Asia & Pacific,upper_middle_income,2017,71160187,20094.68,3.95,76.99,11.1,8.34,16.19,99.01,97.06,99.9,0.83,47.9,27.1,75.23,72.79,98.66,73.13,43.58,72.68,71.95,0.72,2.18,-0.19,3.74,4.47,-9.61,,0
THA,764,Thailand,East Asia & Pacific,upper_middle_income,2018,71376079,20879.9,3.88,77.19,10.8,8.37,15.99,99.25,97.38,99.8,0.76,48.78,30.01,75.68,72.32,98.81,72.8,40.18,71.96,72.43,-0.48,1.94,-1.25,3.53,3.2,-12.58,,0
THA,764,Thailand,East Asia & Pacific,upper_middle_income,2019,71522271,21277.84,4.01,77.2,10.4,8.7,15.79,99.43,97.71,99.9,0.72,47.74,30.38,76.1,72.84,99.01,73.44,39.77,72.23,73.16,-0.93,1.98,-1.15,3.47,3.99,-15.19,,0
THA,764,Thailand,East Asia & Pacific,upper_middle_income,2020,71641484,19957.26,3.85,77.33,10.1,8.83,15.58,99.49,98.03,100.0,1.1,48.09,31.01,76.52,72.73,99.17,72.49,39.09,72.0,72.95,-0.95,3.18,-1.27,3.21,5.35,-16.65,,0
THA,764,Thailand,East Asia & Pacific,upper_middle_income,2021,71727332,20242.77,3.74,77.61,9.8,8.83,15.58,99.95,98.37,100.0,1.22,50.37,31.01,77.06,72.73,99.44,71.06,39.09,71.88,72.37,-0.49,5.12,-0.81,3.74,3.46,-15.83,,1
THA,764,Thailand,East Asia & Pacific,upper_middle_income,2022,71735329,20762.8,3.96,75.29,9.5,8.83,15.58,100.0,98.7,99.9,0.94,49.73,31.01,75.61,72.73,99.53,71.95,39.09,71.78,73.16,-1.38,2.08,-0.83,3.62,1.57,-15.72,3.0,1
TJK,762,Tajikistan,Europe & Central Asia,low_income,2000,6284735,1365.23,0.44,63.54,78.4,10.8,9.62,55.47,91.57,98.5,4.15,27.72,37.03,43.66,62.74,81.85,77.11,33.16,59.7,31.75,27.95,16.58,36.49,59.85,27.72,0.08,1.0,0
TJK,762,Tajikistan,Europe & Central Asia,low_income,2001,6407377,1467.4,0.43,64.2,71.8,10.84,9.74,56.95,91.81,98.6,3.75,27.51,36.62,45.12,63.18,82.45,78.02,33.54,60.46,32.64,27.82,16.62,35.29,59.27,28.5,0.29,,0
TJK,762,Tajikistan,Europe & Central Asia,low_income,2002,6531669,1594.94,0.42,64.9,65.6,10.88,9.95,58.43,92.05,99.0,3.95,27.3,35.66,46.64,63.88,83.16,77.73,34.42,61.17,34.04,27.13,16.25,34.08,57.34,27.84,0.54,,0
TJK,762,Tajikistan,Europe & Central Asia,low_income,2003,6658575,1736.64,0.42,65.87,59.8,10.91,10.31,59.92,92.29,100.0,3.85,27.03,34.53,48.4,65.02,84.07,78.07,35.5,62.21,35.65,26.56,16.03,33.1,54.75,27.66,1.1,,0
TJK,762,Tajikistan,Europe & Central Asia,low_income,2004,6790547,1878.29,0.49,66.6,54.6,10.95,10.42,61.42,92.53,98.5,3.45,26.92,33.59,49.95,65.45,84.15,78.93,36.42,62.98,36.81,26.17,15.91,31.92,52.46,28.06,1.53,,0
TJK,762,Tajikistan,Europe & Central Asia,low_income,2005,6924720,1965.3,0.46,66.53,50.3,10.99,10.63,62.92,92.76,99.3,3.45,26.92,33.21,50.78,66.14,85.0,78.93,36.8,63.53,37.61,25.92,15.45,31.52,51.68,27.68,1.66,,0
TJK,762,Tajikistan,Europe & Central Asia,low_income,2006,7057566,2063.29,0.49,67.0,46.6,11.02,10.77,64.43,93.0,98.6,3.65,26.75,33.44,51.97,66.67,85.35,78.62,36.57,63.83,38.52,25.32,15.43,30.72,50.12,27.06,1.28,,0
TJK,762,Tajikistan,Europe & Central Asia,low_income,2007,7194477,2181.9,0.56,67.4,43.6,11.06,10.75,65.95,93.24,98.6,2.87,26.62,34.14,53.0,66.73,85.93,80.24,35.87,64.35,39.29,25.07,15.31,29.75,49.34,28.42,0.52,,0
TJK,762,Tajikistan,Europe & Central Asia,low_income,2008,7338403,2308.09,0.52,67.92,41.2,11.09,11.0,67.48,93.48,98.6,4.94,29.03,35.4,54.02,67.53,86.52,74.84,34.67,63.51,40.25,23.27,15.38,29.33,47.86,22.57,-0.94,1.0,0
TJK,762,Tajikistan,Europe & Central Asia,low_income,2009,7490230,2349.5,0.41,68.25,39.3,11.13,10.98,69.01,93.71,99.0,7.03,31.57,37.26,54.78,67.6,87.24,69.33,32.96,62.38,40.45,21.93,14.96,28.63,48.13,16.94,-2.69,,0
TJK,762,Tajikistan,Europe & Central Asia,low_income,2010,7652141,2449.27,0.4,68.37,37.6,11.17,10.96,70.56,93.95,98.8,7.04,31.3,39.79,55.35,67.68,87.77,69.45,30.76,62.2,41.08,21.12,15.06,27.83,48.37,17.1,-4.78,,0
TJK,762,Tajikistan,Europe & Central Asia,low_income,2011,7824785,2572.48,0.39,68.7,36.2,11.2,10.91,72.1,94.19,98.9,7.04,31.2,53.2,56.02,67.66,88.4,69.5,21.07,60.53,41.73,18.8,14.35,27.08,47.24,16.98,-12.22,,0
TJK,762,Tajikistan,Europe & Central Asia,low_income,2012,8014084,2700.1,0.44,69.13,35.0,11.24,10.91,73.67,94.42,99.1,7.02,30.96,51.38,56.72,67.78,89.06,69.66,22.23,61.09,42.16,18.93,13.99,26.57,46.22,17.04,-9.64,,0
TJK,762,Tajikistan,Europe & Central Asia,low_income,2013,8216724,2828.39,0.44,69.58,34.0,11.28,10.94,75.24,94.66,99.0,7.02,30.75,51.05,57.38,67.98,89.63,69.78,22.45,61.44,43.77,17.67,13.6,25.88,44.63,16.65,-12.82,,0
TJK,762,Tajikistan,Europe & Central Asia,low_income,2014,8425552,2943.09,0.57,69.7,33.0,11.31,10.93,76.82,94.89,99.1,7.02,30.47,46.67,57.79,68.06,90.27,69.92,25.44,62.3,44.31,17.98,13.32,25.25,44.02,16.69,-10.12,,0
TJK,762,Tajikistan,Europe & Central Asia,low_income,2015,8643840,3041.44,0.59,69.67,32.2,11.35,10.92,78.42,95.12,98.0,7.03,30.26,45.57,58.03,68.15,90.51,70.01,26.23,62.59,44.14,18.45,12.67,24.61,42.86,16.79,-4.47,1.0,0
TJK,762,Tajikistan,Europe & Central Asia,low_income,2016,8865631,3169.97,0.64,69.98,31.5,11.38,10.91,80.02,95.35,99.3,7.04,29.91,44.77,58.52,68.24,91.56,70.19,26.83,63.07,45.28,17.79,12.21,23.92,42.64,16.48,-5.51,,0
TJK,762,Tajikistan,Europe & Central Asia,low_income,2017,9085946,3312.71,0.76,70.52,31.0,11.42,10.89,81.63,95.58,99.3,7.04,29.72,42.51,59.11,68.33,92.17,70.29,28.56,63.69,46.38,17.32,12.06,23.34,41.15,16.25,-5.71,,0
TJK,762,Tajikistan,Europe & Central Asia,low_income,2018,9307333,3479.69,0.88,70.74,30.7,11.38,10.88,83.24,95.81,99.3,7.03,29.4,42.33,59.38,68.16,92.78,70.47,28.69,63.9,47.29,16.61,11.35,22.35,39.33,15.8,-5.9,,0
TJK,762,Tajikistan,Europe & Central Asia,low_income,2019,9529966,3649.88,0.95,70.96,30.4,11.33,10.87,84.86,95.97,99.4,7.03,29.17,40.29,59.66,67.98,93.41,70.6,30.35,64.4,48.39,16.01,10.78,21.35,38.42,15.83,-6.09,,0
TJK,762,Tajikistan,Europe & Central Asia,low_income,2020,9749310,3724.75,0.96,68.6,30.1,11.29,10.86,86.3,95.98,99.5,7.58,28.99,37.05,57.95,67.8,93.93,69.59,33.14,64.48,48.99,15.49,8.35,19.8,36.26,16.55,-3.2,,0
TJK,762,Tajikistan,Europe & Central Asia,low_income,2021,9966908,3985.91,0.95,69.59,29.8,11.29,10.86,87.72,95.99,99.6,7.69,28.71,37.05,58.82,67.8,94.44,69.52,33.14,64.74,49.74,15.0,8.93,19.2,34.08,15.67,-3.46,,1
TJK,762,Tajikistan,Europe & Central Asia,low_income,2022,10182222,4213.76,0.94,71.56,29.4,11.29,10.86,89.15,96.0,100.0,7.05,28.47,37.05,60.48,67.8,95.05,70.92,33.14,65.48,51.05,14.43,8.51,18.63,32.77,14.96,-3.82,1.0,1
TKM,795,Turkmenistan,Europe & Central Asia,upper_middle_income,2000,4582677,5112.53,8.58,64.93,68.7,10.92,8.72,90.09,93.32,99.6,11.73,38.72,19.16,46.16,60.61,94.33,56.16,55.16,62.49,49.79,12.69,-1.7,14.38,30.83,0.59,16.7,1.0,1
TKM,795,Turkmenistan,Europe & Central Asia,upper_middle_income,2001,4675409,5228.8,8.62,65.32,65.4,10.91,8.72,90.45,93.31,99.6,10.9,38.4,18.67,47.0,60.59,94.45,57.99,56.03,63.21,50.31,12.91,-1.79,13.66,30.34,2.81,17.48,,1
TKM,795,Turkmenistan,Europe & Central Asia,upper_middle_income,2002,4769465,5138.87,9.06,65.59,61.9,10.91,8.72,90.81,93.3,99.6,10.14,38.12,18.01,47.81,60.57,94.57,59.66,57.22,63.96,50.38,13.58,-1.28,13.47,30.69,4.49,18.59,,1
TKM,795,Turkmenistan,Europe & Central Asia,upper_middle_income,2003,4863865,5203.85,9.9,65.85,58.6,10.9,8.72,91.18,93.29,99.6,9.29,37.8,17.35,48.6,60.55,94.69,61.53,58.46,64.77,50.79,13.97,-0.88,13.03,30.03,6.01,19.76,,1
TKM,795,Turkmenistan,Europe & Central Asia,upper_middle_income,2004,4958093,5360.22,10.35,66.06,55.4,10.89,8.72,91.55,93.28,99.5,8.42,37.42,16.85,49.36,60.53,94.78,63.47,59.45,65.52,51.2,14.31,-0.39,12.18,29.56,7.2,20.38,,1
TKM,795,Turkmenistan,Europe & Central Asia,upper_middle_income,2005,5052257,5945.95,10.47,66.28,52.6,10.89,8.72,92.04,93.66,99.5,7.5,36.91,16.65,50.1,60.51,95.07,65.58,59.85,66.22,53.03,13.19,-1.88,10.41,26.19,7.83,19.94,,0
TKM,795,Turkmenistan,Europe & Central Asia,upper_middle_income,2006,5147105,6476.83,10.68,66.57,50.1,10.88,8.98,92.53,94.04,99.8,6.6,36.32,16.84,50.86,61.23,95.46,67.68,59.47,66.94,54.74,12.2,-2.78,9.67,23.37,8.35,19.04,,0
TKM,795,Turkmenistan,Europe & Central Asia,upper_middle_income,2007,5244046,7060.15,11.59,67.02,48.1,10.88,9.28,93.03,94.42,99.6,5.72,35.63,17.41,51.64,62.02,95.68,69.81,58.35,67.5,56.16,11.34,-3.74,8.86,21.53,9.34,17.28,,0
TKM,795,Turkmenistan,Europe & Central Asia,upper_middle_income,2008,5345029,7945.0,11.59,67.58,46.4,10.87,9.57,93.52,94.79,99.6,4.85,34.96,18.37,52.47,62.81,95.97,71.9,56.57,67.94,58.14,9.8,-4.98,7.66,17.86,10.03,14.61,3.0,0
TKM,795,Turkmenistan,Europe & Central Asia,upper_middle_income,2009,5451592,8264.87,10.02,68.16,45.0,10.86,9.86,94.02,95.16,99.7,4.0,34.29,19.72,53.24,63.6,96.29,73.95,54.2,68.26,59.07,9.18,-5.41,6.99,16.55,12.26,11.33,,0
TKM,795,Turkmenistan,Europe & Central Asia,upper_middle_income,2010,5564356,8842.33,11.08,68.61,44.0,10.86,10.15,94.41,95.53,100.0,4.0,33.65,21.47,53.83,64.39,96.65,74.29,51.35,68.1,60.15,7.95,-5.87,6.55,15.69,12.49,7.91,,0
TKM,795,Turkmenistan,Europe & Central Asia,upper_middle_income,2011,5683417,9929.69,11.64,68.87,43.4,10.85,10.44,94.92,95.9,99.8,4.0,33.04,27.22,54.18,65.18,96.87,74.6,43.44,66.85,61.85,5.01,-7.41,5.08,12.8,12.08,0.43,,0
TKM,795,Turkmenistan,Europe & Central Asia,upper_middle_income,2012,5808546,10794.23,11.76,68.96,42.9,10.84,10.74,95.42,96.28,99.9,3.99,32.45,27.02,54.38,65.97,97.2,74.93,43.68,67.23,62.9,4.33,-8.24,4.19,11.18,11.82,-0.38,,0
TKM,795,Turkmenistan,Europe & Central Asia,upper_middle_income,2013,5939341,11633.29,10.99,68.97,42.8,10.84,11.03,95.92,96.65,99.9,3.99,31.92,26.43,54.41,66.76,97.49,75.22,44.42,67.66,63.96,3.7,-9.53,3.54,9.71,11.2,-0.4,,0
TKM,795,Turkmenistan,Europe & Central Asia,upper_middle_income,2014,6075283,12544.4,10.41,69.0,42.9,10.83,11.32,96.42,97.03,100.0,4.0,31.44,25.07,54.41,67.55,97.82,75.44,46.18,68.28,65.5,2.78,-10.96,2.61,8.2,11.63,-0.28,,0
TKM,795,Turkmenistan,Europe & Central Asia,upper_middle_income,2015,6215770,13057.83,10.93,69.06,43.2,10.82,11.61,96.92,97.41,100.0,4.02,31.03,23.68,54.38,68.34,98.11,75.64,48.09,68.91,65.85,3.06,-11.88,2.45,7.52,12.0,1.95,3.0,0
TKM,795,Turkmenistan,Europe & Central Asia,upper_middle_income,2016,6360041,13552.85,10.58,69.14,43.5,10.89,11.9,97.42,97.79,100.0,4.03,30.69,23.18,54.37,69.36,98.41,75.8,48.8,69.35,66.41,2.93,-12.42,2.69,7.25,11.59,1.42,,0
TKM,795,Turkmenistan,Europe & Central Asia,upper_middle_income,2017,6507061,14107.67,11.09,69.19,43.8,10.95,11.98,97.92,98.18,100.0,4.04,30.4,21.69,54.33,69.78,98.7,75.93,51.02,69.95,67.06,2.89,-13.09,2.6,7.0,12.03,2.36,,0
TKM,795,Turkmenistan,Europe & Central Asia,upper_middle_income,2018,6655524,14648.14,11.15,69.27,43.8,11.02,12.06,98.31,98.57,100.0,4.04,30.15,22.45,54.39,70.21,98.96,76.06,49.87,69.9,67.53,2.36,-13.66,2.49,6.81,11.34,1.44,,0
TKM,795,Turkmenistan,Europe & Central Asia,upper_middle_income,2019,6803944,15231.31,10.77,69.4,43.5,11.08,12.13,98.97,98.96,99.9,4.04,29.91,20.25,54.57,70.64,99.28,76.19,53.3,70.8,68.48,2.31,-14.12,2.1,6.49,11.44,2.88,,0
TKM,795,Turkmenistan,Europe & Central Asia,upper_middle_income,2020,6949912,15791.18,11.05,68.85,42.9,11.14,12.44,99.4,99.35,100.0,4.49,29.42,19.6,54.29,71.7,99.58,75.54,54.4,71.1,69.68,1.42,-15.16,1.39,5.23,12.26,1.9,,0
TKM,795,Turkmenistan,Europe & Central Asia,upper_middle_income,2021,7092043,16434.14,13.46,69.35,42.1,11.14,12.92,99.61,99.74,100.0,4.46,29.03,19.6,54.88,73.03,99.78,75.81,54.4,71.58,69.54,2.04,-13.74,2.75,5.42,11.2,2.25,,1
TKM,795,Turkmenistan,Europe & Central Asia,upper_middle_income,2022,7230193,17119.57,14.01,69.91,41.1,11.14,13.24,99.82,99.74,100.0,4.02,28.79,19.6,55.57,73.92,99.85,76.81,54.4,72.11,70.66,1.46,-15.17,3.29,5.12,9.02,2.14,3.0,1
TLS,626,Timor-Leste,East Asia & Pacific,lower_middle_income,2000,745088,3783.78,0.47,58.1,111.5,3.77,9.69,49.62,18.79,17.8,3.53,61.32,21.06,35.65,39.49,28.73,60.67,52.0,43.31,44.64,-1.33,-6.72,-1.81,-23.54,7.47,16.42,0.0,2
TLS,626,Timor-Leste,East Asia & Pacific,lower_middle_income,2001,812249,4038.34,0.33,58.77,106.4,3.91,10.01,49.62,18.79,25.6,3.39,60.96,21.0,36.68,40.84,31.33,61.14,52.09,44.42,45.89,-1.47,-7.41,-1.92,-23.03,7.81,15.97,,2
TLS,626,Timor-Leste,East Asia & Pacific,lower_middle_income,2002,879159,3480.99,0.28,59.48,101.5,4.04,10.35,49.62,18.79,24.1,3.37,60.79,20.95,37.73,42.23,30.83,61.26,52.18,44.85,43.8,1.05,-4.36,1.37,-18.42,8.5,17.05,,0
TLS,626,Timor-Leste,East Asia & Pacific,lower_middle_income,2003,916878,3264.95,0.29,60.13,96.8,4.19,10.72,51.31,21.27,27.7,3.54,60.85,20.88,38.75,43.74,33.43,60.9,52.28,45.82,43.07,2.74,-2.55,3.58,-14.09,8.07,17.42,,0
TLS,626,Timor-Leste,East Asia & Pacific,lower_middle_income,2004,929074,3234.98,0.56,60.74,92.3,4.34,11.09,53.0,23.74,30.4,3.67,60.98,20.79,39.74,45.26,35.71,60.57,52.43,46.74,43.23,3.52,-1.62,4.6,-11.71,7.3,17.07,,0
TLS,626,Timor-Leste,East Asia & Pacific,lower_middle_income,2005,948311,3263.94,0.37,61.27,88.0,4.49,11.46,54.68,26.19,33.5,3.61,60.97,20.65,40.66,46.8,38.12,60.69,52.65,47.79,43.59,4.19,-1.39,5.81,-10.2,6.91,17.12,,0
TLS,626,Timor-Leste,East Asia & Pacific,lower_middle_income,2006,976597,3038.95,0.35,61.88,84.0,4.65,11.83,56.35,28.64,36.7,3.63,61.01,20.38,41.63,48.36,40.56,60.62,53.1,48.85,43.17,5.68,0.05,7.74,-6.3,6.81,17.47,,0
TLS,626,Timor-Leste,East Asia & Pacific,lower_middle_income,2007,1004889,3256.57,0.31,62.4,80.4,4.82,12.2,58.02,31.1,36.6,3.52,60.93,19.91,42.51,49.94,41.9,60.89,53.87,49.82,44.17,5.65,-0.39,8.15,-6.69,6.59,17.93,,0
TLS,626,Timor-Leste,East Asia & Pacific,lower_middle_income,2008,1032429,3530.88,0.3,62.86,76.9,4.99,12.57,59.68,33.56,43.1,3.43,60.63,19.28,43.35,51.53,45.45,61.22,54.94,51.3,45.6,5.7,-0.85,8.27,-6.26,6.19,18.47,0.0,0
TLS,626,Timor-Leste,East Asia & Pacific,lower_middle_income,2009,1058782,3792.36,0.32,63.26,73.9,5.16,12.94,61.44,36.02,46.3,3.29,60.31,18.52,44.09,53.15,47.92,61.68,56.29,52.63,46.67,5.96,-1.73,8.43,-6.1,6.26,19.47,,0
TLS,626,Timor-Leste,East Asia & Pacific,lower_middle_income,2010,1084679,4047.25,0.31,63.66,71.0,5.35,13.13,63.2,38.48,38.0,3.3,59.98,17.66,44.83,54.29,46.56,61.83,57.88,53.08,47.59,5.49,-1.93,8.48,-8.52,6.27,20.89,,0
TLS,626,Timor-Leste,East Asia & Pacific,lower_middle_income,2011,1110207,4189.8,0.33,64.02,68.4,5.33,13.14,64.96,40.95,52.7,3.38,59.44,16.26,45.51,54.28,52.87,61.95,60.64,55.05,48.19,6.85,-2.22,7.77,-3.37,6.36,25.59,,0
TLS,626,Timor-Leste,East Asia & Pacific,lower_middle_income,2012,1134885,4297.91,0.55,64.38,65.9,5.32,13.15,66.72,43.41,56.0,3.47,59.07,17.65,46.2,54.26,55.38,61.97,57.89,55.14,48.32,6.82,-2.14,7.31,-1.82,6.41,23.95,,0
TLS,626,Timor-Leste,East Asia & Pacific,lower_middle_income,2013,1158695,4340.28,0.65,64.72,63.9,5.3,13.16,68.48,45.88,59.2,3.57,58.52,17.5,46.79,54.24,57.85,62.06,58.18,55.82,49.05,6.77,-2.0,7.2,-0.01,6.29,21.93,,0
TLS,626,Timor-Leste,East Asia & Pacific,lower_middle_income,2014,1181903,4445.36,0.63,65.03,61.9,5.29,13.17,70.25,48.34,62.4,3.62,58.36,16.81,47.37,54.23,60.33,62.05,59.53,56.7,49.59,7.11,-2.14,6.62,1.83,6.31,22.48,,0
TLS,626,Timor-Leste,East Asia & Pacific,lower_middle_income,2015,1205131,4467.8,0.58,65.33,60.2,5.27,13.19,72.02,50.81,67.3,3.68,58.03,15.76,47.9,54.21,63.37,62.1,61.67,57.85,49.18,8.67,-1.99,6.2,4.21,6.59,28.77,1.0,0
TLS,626,Timor-Leste,East Asia & Pacific,lower_middle_income,2016,1228312,4515.42,0.54,65.61,58.7,5.26,13.2,73.78,53.27,76.5,4.66,57.78,16.21,48.39,54.19,67.85,60.27,60.74,58.29,49.74,8.56,-2.04,5.84,8.65,4.4,26.52,,0
TLS,626,Timor-Leste,East Asia & Pacific,lower_middle_income,2017,1251703,4290.03,0.5,65.9,57.3,5.44,13.21,75.55,55.74,79.5,4.25,57.89,14.98,48.88,54.82,70.26,61.02,63.37,59.67,49.55,10.12,-1.16,7.02,11.68,5.41,27.99,,0
TLS,626,Timor-Leste,East Asia & Pacific,lower_middle_income,2018,1275959,4188.84,0.52,66.2,56.0,5.63,13.22,77.32,58.2,85.2,3.76,57.93,16.82,49.36,55.48,73.58,61.98,59.51,59.98,49.45,10.53,-0.74,7.71,14.87,6.14,24.29,,0
TLS,626,Timor-Leste,East Asia & Pacific,lower_middle_income,2019,1300945,5103.15,0.56,66.5,54.8,5.82,13.23,79.09,60.66,90.6,3.15,57.04,17.63,49.82,56.15,76.79,63.68,57.94,60.88,52.63,8.25,-2.95,5.59,12.28,6.74,19.78,,0
TLS,626,Timor-Leste,East Asia & Pacific,lower_middle_income,2020,1326053,6594.88,0.51,66.92,53.4,6.02,13.24,80.87,63.12,96.0,2.81,57.63,17.41,50.43,56.85,80.0,64.05,58.35,61.94,57.0,4.93,-6.44,1.11,5.66,7.42,16.62,,0
TLS,626,Timor-Leste,East Asia & Pacific,lower_middle_income,2021,1350139,6825.05,0.53,66.2,52.0,6.02,13.24,82.64,65.58,100.0,2.34,57.18,17.41,50.16,56.85,82.74,65.22,58.35,62.66,57.13,5.53,-6.34,0.92,7.27,7.51,16.7,,1
TLS,626,Timor-Leste,East Asia & Pacific,lower_middle_income,2022,1369295,5348.49,0.51,67.37,50.7,6.02,13.24,84.41,68.04,99.7,1.54,57.32,17.41,51.34,56.85,84.05,66.76,58.35,63.47,54.19,9.28,-3.51,4.71,15.15,9.06,19.56,1.0,1
TTO,780,Trinidad and Tobago,Americas,high_income,2000,1319774,19637.55,14.52,68.63,28.8,8.94,11.38,97.31,94.38,91.3,12.1,18.28,24.11,58.45,61.42,94.33,66.18,47.49,65.57,69.68,-4.11,-11.13,-5.34,0.21,-2.6,-3.73,3.0,2
TTO,780,Trinidad and Tobago,Americas,high_income,2001,1325567,20366.75,16.39,68.87,28.5,9.11,11.49,97.31,94.38,96.3,10.88,18.13,23.83,58.75,62.29,96.0,68.7,47.87,66.72,70.6,-3.88,-12.05,-6.05,1.36,-0.28,-3.66,,2
TTO,780,Trinidad and Tobago,Americas,high_income,2002,1332011,21876.85,17.64,69.23,28.1,9.28,11.6,97.31,94.38,96.5,10.39,17.44,23.28,59.18,63.17,96.06,70.04,48.66,67.42,71.6,-4.18,-12.99,-6.86,0.99,0.1,-3.59,,2
TTO,780,Trinidad and Tobago,Americas,high_income,2003,1338709,24910.82,20.28,69.45,27.7,9.45,11.71,97.31,94.38,96.7,10.48,17.05,22.62,59.51,64.04,96.13,70.07,49.61,67.87,73.27,-5.4,-14.6,-8.34,0.28,-1.2,-4.22,,2
TTO,780,Trinidad and Tobago,Americas,high_income,2004,1345380,26757.91,21.48,69.88,27.3,9.62,11.82,97.31,94.38,96.8,8.33,16.51,22.07,59.99,64.91,96.16,74.65,50.43,69.23,74.1,-4.88,-15.25,-8.47,0.01,2.17,-4.1,,2
TTO,780,Trinidad and Tobago,Americas,high_income,2005,1294494,29536.44,27.05,70.18,26.9,9.79,11.94,97.31,94.38,95.0,7.95,16.24,21.81,60.39,65.79,95.56,75.55,50.83,69.62,75.32,-5.7,-16.23,-9.25,-1.01,1.24,-4.9,,0
TTO,780,Trinidad and Tobago,Americas,high_income,2006,1297944,33348.75,29.7,70.44,26.5,9.96,12.05,97.31,94.38,100.0,6.27,16.19,21.86,60.74,66.68,97.23,78.94,50.76,70.87,76.92,-6.05,-17.36,-10.02,0.15,2.01,-6.52,,0
TTO,780,Trinidad and Tobago,Americas,high_income,2007,1303188,34793.65,30.25,70.8,26.1,10.13,12.23,97.31,94.39,100.0,5.54,16.34,22.03,61.18,67.73,97.23,80.32,50.49,71.39,77.66,-6.27,-17.44,-9.51,0.14,1.94,-7.46,,0
TTO,780,Trinidad and Tobago,Americas,high_income,2008,1308587,35825.33,29.54,71.12,25.7,10.3,12.4,97.31,94.39,100.0,4.63,16.41,22.27,61.6,68.78,97.23,82.11,50.13,71.97,78.38,-6.41,-17.9,-9.2,-0.03,2.82,-8.65,3.0,0
TTO,780,Trinidad and Tobago,Americas,high_income,2009,1310106,34212.27,28.57,71.4,25.3,10.3,12.58,97.31,94.4,99.0,5.28,16.65,22.5,61.99,69.28,96.9,80.68,49.79,71.73,77.82,-6.1,-18.17,-8.86,-0.46,4.79,-9.61,,0
TTO,780,Trinidad and Tobago,Americas,high_income,2010,1317714,35145.13,31.13,71.81,24.8,10.47,12.75,97.44,94.39,100.0,4.03,16.56,22.66,62.52,70.33,97.28,83.22,49.56,72.58,78.02,-5.44,-18.17,-8.4,-0.22,7.85,-10.26,,0
TTO,780,Trinidad and Tobago,Americas,high_income,2011,1328019,34769.76,31.07,72.23,24.4,10.64,12.93,97.57,94.37,97.5,3.42,17.33,22.69,63.02,71.38,96.48,84.03,49.51,72.88,78.13,-5.25,-17.94,-7.75,-1.07,7.96,-9.17,,0
TTO,780,Trinidad and Tobago,Americas,high_income,2012,1335194,36903.69,28.52,72.51,23.9,10.76,13.05,97.7,94.36,100.0,3.72,15.9,22.65,63.46,72.12,97.35,84.2,49.57,73.34,79.07,-5.73,-18.56,-8.07,-0.44,7.45,-12.3,,0
TTO,780,Trinidad and Tobago,Americas,high_income,2013,1340557,37994.07,27.85,72.78,23.5,10.87,13.18,97.83,94.35,100.0,2.68,16.23,23.38,63.85,72.86,97.39,86.09,48.51,73.74,79.78,-6.03,-18.98,-8.71,-0.64,8.75,-14.74,,0
TTO,780,Trinidad and Tobago,Americas,high_income,2014,1345343,39248.66,27.65,72.9,23.1,10.99,13.31,97.96,94.33,100.0,2.48,16.79,24.09,64.13,73.62,97.43,86.21,47.51,73.78,80.63,-6.85,-19.48,-8.56,-0.83,8.12,-16.88,,0
TTO,780,Trinidad and Tobago,Americas,high_income,2015,1349667,38963.96,27.24,72.88,22.7,11.11,13.44,98.09,94.32,100.0,2.43,16.76,26.26,64.3,74.38,97.47,86.32,44.64,73.42,80.57,-7.15,-19.22,-7.83,-0.76,7.89,-19.25,3.0,0
TTO,780,Trinidad and Tobago,Americas,high_income,2016,1353895,35914.99,24.9,72.94,22.3,11.24,13.57,98.22,94.3,100.0,3.21,18.18,25.23,64.54,75.14,97.51,84.02,45.97,73.43,80.18,-6.75,-18.08,-6.17,-0.54,6.13,-18.19,,0
TTO,780,Trinidad and Tobago,Americas,high_income,2017,1356633,34095.99,23.99,72.98,22.0,11.36,13.7,98.34,94.28,100.0,3.39,18.85,25.4,64.72,75.92,97.54,83.3,45.75,73.45,79.49,-6.05,-17.22,-4.75,-0.29,5.83,-16.64,,0
TTO,780,Trinidad and Tobago,Americas,high_income,2018,1359193,33710.02,24.0,72.66,21.6,11.48,13.83,98.47,94.27,100.0,3.5,19.5,24.31,64.67,76.7,97.58,82.75,47.2,73.78,79.36,-5.58,-17.19,-3.9,-0.22,4.88,-14.32,,0
TTO,780,Trinidad and Tobago,Americas,high_income,2019,1363985,33748.71,24.36,72.84,21.2,11.61,13.97,98.6,94.25,100.0,3.52,20.15,25.01,65.01,77.5,97.62,82.35,46.26,73.75,79.89,-6.15,-17.0,-3.3,-0.26,4.54,-17.3,,0
TTO,780,Trinidad and Tobago,Americas,high_income,2020,1366725,30720.89,21.81,72.64,20.8,11.74,14.1,98.73,94.24,100.0,4.21,21.64,25.6,65.07,78.3,97.66,80.2,45.48,73.34,79.13,-5.79,-15.66,-2.18,-0.31,5.36,-17.99,,0
TTO,780,Trinidad and Tobago,Americas,high_income,2021,1367558,30482.12,20.97,71.11,20.4,11.74,14.1,98.86,94.22,100.0,4.45,20.71,25.6,64.1,78.3,97.69,80.21,45.48,73.16,78.21,-5.05,-15.01,-1.4,-0.02,5.7,-16.54,,1
TTO,780,Trinidad and Tobago,Americas,high_income,2022,1365805,30784.11,20.87,73.33,19.9,11.74,14.1,98.99,94.2,100.0,4.38,21.28,25.6,66.08,78.3,97.73,80.03,45.48,73.52,78.48,-4.96,-13.81,-1.03,-0.04,3.67,-15.82,3.0,1
TUN,788,Tunisia,Middle East & N. Africa,lower_middle_income,2000,9764935,9134.42,2.16,72.6,29.2,4.95,12.53,87.54,77.68,94.8,14.94,25.42,27.47,61.36,51.32,86.67,56.74,43.14,59.85,59.11,0.74,4.05,-4.23,4.42,-3.53,-1.37,1.0,0
TUN,788,Tunisia,Middle East & N. Africa,lower_middle_income,2001,9869677,9380.56,2.23,72.82,27.2,5.12,12.77,87.85,78.3,97.3,14.4,25.07,27.17,62.29,52.55,87.82,58.0,43.49,60.83,59.92,0.91,3.8,-4.15,4.74,-1.74,-1.34,,0
TUN,788,Tunisia,Middle East & N. Africa,lower_middle_income,2002,9971515,9407.56,2.18,73.07,25.5,5.3,12.9,88.14,79.24,97.8,14.55,25.08,26.48,63.19,53.49,88.39,57.7,44.36,61.43,60.22,1.21,3.94,-3.66,4.91,-1.81,-0.48,,0
TUN,788,Tunisia,Middle East & N. Africa,lower_middle_income,2003,10071632,9752.02,2.14,73.3,24.0,5.47,13.0,88.43,80.17,98.4,14.51,24.83,25.65,64.02,54.33,89.0,57.91,45.42,62.14,61.08,1.06,3.75,-3.66,4.29,-2.02,0.23,,0
TUN,788,Tunisia,Middle East & N. Africa,lower_middle_income,2004,10166163,10263.81,2.24,73.52,22.7,5.64,13.34,88.71,81.1,99.0,14.23,24.36,24.95,64.79,55.85,89.6,58.72,46.34,63.06,61.62,1.45,3.89,-3.08,4.07,-2.18,0.83,,0
TUN,788,Tunisia,Middle East & N. Africa,lower_middle_income,2005,10255472,10529.16,2.29,73.71,21.6,5.81,13.63,88.96,82.0,99.2,12.87,24.14,24.66,65.48,57.22,90.05,61.55,46.74,64.21,62.02,2.18,3.81,-2.14,4.06,-0.51,1.25,,0
TUN,788,Tunisia,Middle East & N. Africa,lower_middle_income,2006,10346410,10983.92,2.34,73.89,20.7,5.98,13.78,89.21,82.89,99.4,12.51,24.74,24.92,66.08,58.2,90.5,61.96,46.39,64.63,62.67,1.96,4.02,-1.56,3.66,-1.54,0.97,,0
TUN,788,Tunisia,Middle East & N. Africa,lower_middle_income,2007,10441702,11613.92,2.39,74.04,20.0,6.15,13.88,89.46,83.79,99.4,12.36,23.48,25.54,66.57,59.03,90.88,62.91,45.57,64.99,63.46,1.53,3.52,-1.69,3.51,-1.65,-0.14,,0
TUN,788,Tunisia,Middle East & N. Africa,lower_middle_income,2008,10542635,11990.2,2.41,74.19,19.4,6.31,13.98,89.89,84.69,99.4,12.44,22.52,26.27,67.02,59.87,91.33,63.26,44.62,65.22,64.04,1.18,3.4,-1.59,3.18,-2.33,-1.43,3.0,0
TUN,788,Tunisia,Middle East & N. Africa,lower_middle_income,2009,10650681,12229.78,2.38,74.32,19.0,6.48,13.96,90.34,85.59,99.5,13.29,22.12,26.89,67.34,60.38,91.81,61.78,43.84,65.03,64.6,0.43,2.74,-2.35,2.66,-2.85,-3.03,,0
TUN,788,Tunisia,Middle East & N. Africa,lower_middle_income,2010,10765980,12458.27,2.58,74.44,18.7,6.65,14.05,90.8,86.49,99.5,13.05,23.16,27.15,67.61,61.18,92.26,61.71,43.52,65.25,64.92,0.34,2.68,-1.94,2.85,-2.49,-3.34,,0
TUN,788,Tunisia,Middle East & N. Africa,lower_middle_income,2011,10886035,12068.71,2.41,74.47,18.5,6.82,14.14,91.24,87.38,99.5,18.33,21.35,23.8,67.75,62.04,92.71,52.1,47.92,64.5,64.57,-0.07,3.15,-1.05,3.52,-11.92,2.72,,0
TUN,788,Tunisia,Middle East & N. Africa,lower_middle_income,2012,11009647,12436.4,2.57,74.6,18.4,6.74,14.16,91.69,88.28,99.5,17.63,20.01,22.69,67.9,61.8,93.16,54.21,49.51,65.31,64.85,0.46,3.16,-2.14,3.59,-10.02,3.72,,0
TUN,788,Tunisia,Middle East & N. Africa,lower_middle_income,2013,11141361,12588.0,2.53,74.67,18.3,6.86,14.17,92.13,89.17,99.7,15.93,19.14,22.14,68.02,62.21,93.67,58.06,50.33,66.46,65.05,1.41,2.93,-2.32,3.8,-6.62,4.61,,0
TUN,788,Tunisia,Middle East & N. Africa,lower_middle_income,2014,11274288,12824.0,2.68,74.78,18.3,6.97,14.09,92.57,90.07,99.8,14.26,19.19,25.16,68.11,62.38,94.14,61.38,46.06,66.41,65.8,0.61,2.43,-2.94,4.05,-2.62,-0.64,,0
TUN,788,Tunisia,Middle East & N. Africa,lower_middle_income,2015,11402264,12802.79,2.69,74.88,18.2,7.08,14.19,93.0,90.96,99.9,15.16,19.66,23.63,68.24,63.02,94.62,59.34,48.15,66.67,65.58,1.1,2.26,-2.52,4.46,-4.15,2.28,3.0,0
TUN,788,Tunisia,Middle East & N. Africa,lower_middle_income,2016,11528674,12803.88,2.59,75.01,18.1,7.2,14.41,93.43,91.85,100.0,15.56,20.43,24.81,68.4,64.0,95.1,58.13,46.53,66.43,65.62,0.81,2.42,-1.68,5.06,-5.57,-0.08,,0
TUN,788,Tunisia,Middle East & N. Africa,lower_middle_income,2017,11650498,12955.4,2.6,75.18,17.9,7.41,14.46,93.86,92.75,100.0,15.33,18.31,22.57,68.65,64.86,95.54,59.7,49.69,67.69,65.89,1.8,2.47,-0.84,5.27,-3.46,2.17,,0
TUN,788,Tunisia,Middle East & N. Africa,lower_middle_income,2018,11765514,13163.2,2.57,75.37,17.5,7.62,14.51,94.28,93.64,99.8,15.46,18.69,25.52,69.04,65.72,95.91,59.24,45.58,67.1,66.02,1.08,2.57,-0.13,5.62,-4.59,-1.43,,0
TUN,788,Tunisia,Middle East & N. Africa,lower_middle_income,2019,11875081,13243.9,2.55,75.6,16.9,7.79,14.57,94.7,94.52,100.0,17.15,19.1,23.77,69.6,66.41,96.41,55.64,47.96,67.2,66.53,0.68,2.99,0.28,5.79,-7.94,-0.48,,0
TUN,788,Tunisia,Middle East & N. Africa,lower_middle_income,2020,11974057,11955.6,2.4,75.0,16.0,7.95,14.62,95.12,95.41,99.9,17.65,18.67,24.18,69.73,67.12,96.81,54.87,47.38,67.18,65.84,1.35,4.52,1.43,6.46,-5.85,-1.31,,0
TUN,788,Tunisia,Middle East & N. Africa,lower_middle_income,2021,12048622,12444.33,2.57,72.89,15.0,7.95,14.62,95.53,96.29,99.9,16.63,18.13,24.18,68.81,67.12,97.24,57.2,47.38,67.55,65.74,1.81,4.27,1.38,6.51,-4.88,-1.15,,1
TUN,788,Tunisia,Middle East & N. Africa,lower_middle_income,2022,12119334,12712.22,2.5,76.05,13.9,7.95,14.62,95.94,97.16,100.0,15.3,17.95,24.18,72.07,67.12,97.7,59.95,47.38,68.84,66.65,2.2,5.44,1.22,6.55,-4.82,-0.97,3.0,1
TUR,792,Turkey,Europe & Central Asia,upper_middle_income,2000,65425961,14856.91,3.47,71.93,37.2,5.45,11.13,92.52,86.53,99.9,6.5,44.95,22.5,58.21,49.09,92.98,63.35,49.8,62.69,65.81,-3.12,-6.7,-13.46,1.55,-1.79,1.63,1.0,0
TUR,792,Turkey,Europe & Central Asia,upper_middle_income,2001,66245128,13872.13,3.12,72.27,34.5,5.55,11.73,92.61,86.69,99.9,8.38,46.21,22.39,59.29,51.1,93.07,58.92,49.95,62.46,65.28,-2.82,-5.24,-11.46,2.5,-4.79,2.24,,0
TUR,792,Turkey,Europe & Central Asia,upper_middle_income,2002,67048795,14587.89,3.24,72.6,32.0,5.65,12.11,92.82,87.49,99.8,10.36,43.37,22.15,60.36,52.48,93.37,56.46,50.32,62.6,66.18,-3.59,-5.51,-11.5,2.04,-7.68,2.16,,0
TUR,792,Turkey,Europe & Central Asia,upper_middle_income,2003,67831730,15255.72,3.39,72.91,29.6,5.76,12.23,93.02,88.27,99.8,10.54,43.07,21.85,61.44,53.15,93.7,56.25,50.77,63.06,67.04,-3.97,-5.4,-12.06,1.86,-8.1,1.95,,0
TUR,792,Turkey,Europe & Central Asia,upper_middle_income,2004,68592617,16583.88,3.44,73.22,27.4,5.86,12.11,93.23,89.03,99.7,10.84,39.11,21.6,62.52,53.16,93.99,57.74,51.15,63.71,67.99,-4.28,-5.49,-13.32,1.53,-8.16,1.78,,0
TUR,792,Turkey,Europe & Central Asia,upper_middle_income,2005,69329557,17902.6,3.55,73.51,25.3,5.97,12.03,93.42,89.78,99.7,10.64,36.6,21.5,63.61,53.33,94.3,59.47,51.31,64.4,69.03,-4.62,-5.56,-14.57,1.24,-8.22,1.3,,0
TUR,792,Turkey,Europe & Central Asia,upper_middle_income,2006,70045349,18972.01,3.91,73.8,23.5,6.06,12.45,93.62,90.51,99.7,10.23,34.07,21.82,64.64,54.79,94.61,61.62,50.81,65.29,69.85,-4.56,-5.04,-13.99,1.14,-7.79,0.39,,0
TUR,792,Turkey,Europe & Central Asia,upper_middle_income,2007,70158112,19909.08,4.28,74.13,21.8,6.14,12.7,93.81,91.23,99.7,10.28,32.45,22.6,65.7,55.76,94.91,62.35,49.64,65.67,70.53,-4.86,-4.7,-13.64,1.33,-8.25,-1.15,,0
TUR,792,Turkey,Europe & Central Asia,upper_middle_income,2008,71051678,19839.58,4.22,74.38,20.3,6.4,12.54,94.0,91.93,99.7,10.96,31.76,23.53,66.67,56.15,95.21,61.36,48.3,65.54,70.73,-5.2,-3.95,-13.6,1.54,-9.88,-2.67,3.0,0
TUR,792,Turkey,Europe & Central Asia,upper_middle_income,2009,72039206,18612.19,4.18,74.68,18.9,6.57,13.06,94.18,92.62,99.7,14.03,32.95,24.31,67.67,58.17,95.5,54.61,47.21,64.63,70.13,-5.49,-3.13,-11.64,1.88,-13.56,-3.93,,0
TUR,792,Turkey,Europe & Central Asia,upper_middle_income,2010,73142150,19897.45,4.27,74.96,17.6,7.09,13.95,94.36,93.29,100.0,11.88,32.43,24.64,68.67,62.39,95.88,59.17,46.77,66.58,70.84,-4.26,-3.22,-8.49,1.73,-8.61,-4.84,,0
TUR,792,Turkey,Europe & Central Asia,upper_middle_income,2011,74223629,21760.43,4.48,74.82,16.6,7.36,14.5,94.53,93.95,100.0,9.79,31.78,23.75,69.19,64.81,96.16,63.7,47.99,68.37,72.07,-3.7,-4.55,-7.92,1.15,-5.83,-3.77,,0
TUR,792,Turkey,Europe & Central Asia,upper_middle_income,2012,75175827,22517.71,4.58,75.55,15.6,7.49,14.67,94.71,94.59,100.0,9.21,30.73,23.24,70.43,65.72,96.43,65.41,48.71,69.34,72.51,-3.17,-4.0,-7.78,1.21,-4.37,-4.33,,0
TUR,792,Turkey,Europe & Central Asia,upper_middle_income,2013,76147624,24117.31,4.38,76.17,14.7,7.63,16.8,94.87,95.22,100.0,9.71,29.94,23.5,71.55,72.1,96.7,64.82,48.34,70.7,73.69,-2.99,-4.46,-3.17,0.85,-6.33,-5.71,,0
TUR,792,Turkey,Europe & Central Asia,upper_middle_income,2014,77181884,24888.85,4.6,76.45,14.0,7.8,17.32,95.04,95.83,100.0,9.9,29.59,23.49,72.3,74.09,96.96,64.62,48.36,71.26,74.6,-3.34,-4.5,-2.02,0.74,-6.98,-6.82,,0
TUR,792,Turkey,Europe & Central Asia,upper_middle_income,2015,78218479,25984.8,4.7,76.54,13.3,7.96,17.79,95.2,96.43,100.0,10.3,28.81,24.56,72.92,75.94,97.21,64.23,46.87,71.43,75.26,-3.83,-4.71,-0.9,0.74,-8.2,-8.98,3.0,0
TUR,792,Turkey,Europe & Central Asia,upper_middle_income,2016,79277962,26489.64,4.94,76.6,12.7,8.1,18.27,95.36,97.02,100.0,10.9,28.07,23.83,73.47,77.0,97.46,63.43,47.87,71.84,75.95,-4.11,-4.51,-0.17,0.72,-9.9,-9.64,,0
TUR,792,Turkey,Europe & Central Asia,upper_middle_income,2017,80312698,28194.69,5.39,77.04,12.2,8.27,18.67,95.51,97.59,100.0,10.92,28.37,22.1,74.24,77.56,97.7,63.23,50.39,72.62,76.86,-4.24,-4.82,-0.47,0.69,-11.14,-8.18,,0
TUR,792,Turkey,Europe & Central Asia,upper_middle_income,2018,81407204,28780.3,5.27,77.45,11.7,8.45,18.97,95.66,98.15,100.0,10.96,27.73,22.83,75.02,78.17,97.94,63.49,49.31,72.79,77.11,-4.33,-4.42,-0.19,0.82,-11.68,-8.8,,0
TUR,792,Turkey,Europe & Central Asia,upper_middle_income,2019,82579440,28741.05,5.02,77.74,11.3,8.63,19.19,95.81,98.7,100.0,13.73,27.25,23.69,75.61,78.78,98.17,58.2,48.07,71.76,77.59,-5.83,-3.87,0.3,0.95,-16.74,-12.08,,0
TUR,792,Turkey,Europe & Central Asia,upper_middle_income,2020,83384680,28976.72,5.07,76.53,10.9,8.81,19.3,95.95,99.23,100.0,13.15,25.87,21.61,75.07,79.37,98.39,60.09,51.14,72.81,78.32,-5.51,-4.74,-0.24,0.62,-13.75,-11.11,,0
TUR,792,Turkey,Europe & Central Asia,upper_middle_income,2021,84147318,32105.55,5.48,75.72,10.6,8.81,19.68,95.96,99.24,100.0,11.97,25.52,21.61,74.76,79.37,98.4,62.63,51.14,73.26,78.94,-5.68,-5.22,-1.09,0.49,-12.76,-11.94,,1
TUR,792,Turkey,Europe & Central Asia,upper_middle_income,2022,84979913,33520.81,5.23,77.59,10.2,8.81,19.68,95.97,99.25,100.0,10.46,24.82,21.61,76.61,79.37,98.41,66.01,51.14,74.31,79.67,-5.36,-4.61,-1.24,0.37,-11.74,-12.02,3.0,1
TZA,834,Tanzania,Sub-Saharan Africa,low_income,2000,34260139,1839.94,0.09,53.24,128.0,4.23,6.31,28.61,3.45,8.7,3.13,90.0,20.22,30.42,31.61,13.59,46.38,53.36,35.07,35.15,-0.08,-0.87,1.18,-16.45,-4.05,20.23,0.0,0
TZA,834,Tanzania,Sub-Saharan Africa,low_income,2001,35198299,1899.75,0.09,54.12,120.3,4.26,6.61,29.87,4.73,9.7,2.99,89.8,20.52,31.77,32.58,14.77,46.75,52.86,35.74,35.62,0.13,-0.44,1.15,-15.58,-3.62,19.59,,0
TZA,834,Tanzania,Sub-Saharan Africa,low_income,2002,36121304,1982.64,0.1,54.94,112.4,4.3,6.92,31.12,6.02,10.7,3.02,89.55,20.75,33.13,33.54,15.95,46.82,52.49,36.39,36.58,-0.19,-0.37,0.78,-16.06,-3.87,18.6,,0
TZA,834,Tanzania,Sub-Saharan Africa,low_income,2003,37089555,2059.84,0.11,55.93,105.0,4.41,7.22,32.48,7.34,11.1,3.05,89.25,20.94,34.63,34.77,16.97,46.92,52.19,37.1,37.61,-0.51,-0.08,0.64,-17.2,-4.17,17.76,,0
TZA,834,Tanzania,Sub-Saharan Africa,low_income,2004,38109668,2155.24,0.14,56.84,98.3,4.53,7.53,33.95,8.69,11.4,3.1,88.93,21.14,36.05,36.0,18.01,46.98,51.88,37.79,38.43,-0.64,0.18,0.66,-17.64,-4.51,16.91,,0
TZA,834,Tanzania,Sub-Saharan Africa,low_income,2005,39182076,2253.09,0.16,57.68,92.2,4.64,7.83,35.43,10.04,13.8,3.19,88.59,21.37,37.39,37.24,19.76,46.99,51.51,38.58,39.22,-0.64,0.26,0.89,-17.61,-4.96,16.28,,0
TZA,834,Tanzania,Sub-Saharan Africa,low_income,2006,40294902,2334.1,0.16,58.51,86.7,4.76,8.14,36.92,11.4,14.9,3.3,88.25,21.61,38.7,38.47,21.07,46.96,51.13,39.27,40.0,-0.73,0.56,1.03,-17.86,-5.33,15.74,,0
TZA,834,Tanzania,Sub-Saharan Africa,low_income,2007,41435512,2423.62,0.15,59.26,81.3,4.87,8.44,38.42,12.75,15.9,3.02,87.91,21.84,39.97,39.7,22.36,47.68,50.78,40.1,40.57,-0.47,0.92,1.46,-17.38,-4.8,15.28,,0
TZA,834,Tanzania,Sub-Saharan Africa,low_income,2008,42570728,2493.26,0.15,59.9,76.6,4.99,8.75,39.93,14.12,11.5,2.78,87.58,22.13,41.11,40.93,21.85,48.36,50.35,40.52,41.22,-0.7,1.47,1.82,-19.18,-4.41,14.6,0.0,0
TZA,834,Tanzania,Sub-Saharan Africa,low_income,2009,43633982,2560.81,0.14,60.49,72.0,5.1,9.05,41.45,15.49,11.2,2.5,87.29,22.53,42.24,42.16,22.71,49.06,49.76,41.19,41.55,-0.37,1.35,2.16,-19.09,-3.87,13.91,,0
TZA,834,Tanzania,Sub-Saharan Africa,low_income,2010,44758488,2654.8,0.16,61.13,68.2,5.22,9.36,42.97,16.87,14.8,3.03,86.97,23.11,43.32,43.39,24.88,48.17,48.91,41.73,42.11,-0.38,2.0,2.61,-17.05,-4.71,13.16,,0
TZA,834,Tanzania,Sub-Saharan Africa,low_income,2011,46029367,2779.71,0.19,61.62,64.6,5.33,9.07,44.5,18.25,14.2,3.47,86.75,25.15,44.28,42.98,25.65,47.4,46.07,41.28,42.74,-1.46,1.67,1.48,-17.91,-5.61,12.53,,0
TZA,834,Tanzania,Sub-Saharan Africa,low_income,2012,47374260,2822.49,0.22,62.29,61.7,5.45,8.78,46.04,19.65,15.3,3.22,86.47,25.57,45.3,42.56,27.0,48.04,45.53,41.69,42.73,-1.04,2.05,0.82,-17.22,-4.85,13.49,,0
TZA,834,Tanzania,Sub-Saharan Africa,low_income,2013,48824128,2924.86,0.24,62.79,59.0,5.46,8.5,47.58,21.05,16.4,2.93,86.18,24.53,46.17,41.81,28.34,48.78,46.9,42.4,44.17,-1.77,2.0,-0.66,-17.66,-4.54,11.59,,0
TZA,834,Tanzania,Sub-Saharan Africa,low_income,2014,50351512,3027.57,0.22,63.36,56.3,5.48,8.21,49.13,22.46,23.5,2.12,85.88,24.22,47.12,41.06,31.7,50.55,47.33,43.55,44.66,-1.11,2.31,-2.06,-15.39,-2.84,11.69,,0
TZA,834,Tanzania,Sub-Saharan Africa,low_income,2015,52020962,3111.44,0.25,63.93,54.3,5.49,7.92,50.68,23.88,26.2,2.01,85.61,25.17,47.95,40.31,33.59,50.92,46.05,43.76,44.42,-0.66,2.33,-3.48,-14.75,-2.43,15.25,0.0,0
TZA,834,Tanzania,Sub-Saharan Africa,low_income,2016,53824013,3214.25,0.26,64.4,52.0,5.53,7.67,52.23,25.32,32.8,1.93,85.33,25.39,48.78,39.71,36.78,51.23,45.75,44.45,45.45,-0.99,2.32,-4.75,-12.54,-2.56,13.36,,0
TZA,834,Tanzania,Sub-Saharan Africa,low_income,2017,55652890,3318.29,0.26,64.96,49.8,5.56,7.96,53.78,26.76,32.1,1.85,85.04,21.0,49.68,40.64,37.55,51.53,52.09,46.3,46.4,-0.1,2.62,-4.37,-13.52,-2.51,17.82,,0
TZA,834,Tanzania,Sub-Saharan Africa,low_income,2018,57437145,3392.69,0.26,65.49,47.6,5.59,8.33,55.33,28.21,34.9,1.79,84.76,21.29,50.58,41.77,39.48,51.81,51.63,47.05,47.0,0.05,2.83,-3.77,-13.25,-2.7,17.11,,0
TZA,834,Tanzania,Sub-Saharan Africa,low_income,2019,59174891,3484.63,0.29,66.01,45.6,5.61,8.7,56.88,29.68,37.7,1.74,84.48,20.78,51.44,42.88,41.42,52.07,52.45,48.05,47.84,0.21,3.05,-3.28,-12.24,-2.41,16.13,,0
TZA,834,Tanzania,Sub-Saharan Africa,low_income,2020,60972798,3449.82,0.27,66.77,43.8,5.64,9.07,58.43,31.16,39.9,1.79,84.96,25.08,52.47,43.98,43.16,51.7,46.17,47.5,48.1,-0.6,3.72,-3.22,-12.29,-0.93,10.12,,0
TZA,834,Tanzania,Sub-Saharan Africa,low_income,2021,62830412,3493.08,0.3,66.13,41.7,5.64,8.59,59.98,32.65,42.7,1.88,84.47,25.08,52.51,42.65,45.11,51.79,46.17,47.65,48.21,-0.56,4.05,-4.56,-11.54,-1.24,10.12,,1
TZA,834,Tanzania,Sub-Saharan Africa,low_income,2022,64711821,3546.98,0.32,66.88,40.1,5.64,8.59,61.52,34.16,45.8,1.57,84.25,25.08,53.51,42.65,47.16,52.51,46.17,48.4,48.94,-0.54,3.42,-4.64,-10.35,-2.28,9.96,0.0,1
UGA,800,Uganda,Sub-Saharan Africa,low_income,2000,24000150,1487.0,0.06,49.64,143.9,3.94,8.41,26.24,14.71,7.4,3.53,79.95,33.22,26.37,36.5,16.12,50.86,36.78,33.33,32.71,0.62,-1.9,9.07,-8.16,1.18,3.71,0.0,0
UGA,800,Uganda,Sub-Saharan Africa,low_income,2001,24745676,1516.96,0.06,50.58,137.2,4.02,8.97,27.53,15.1,8.6,3.52,79.75,32.97,27.61,38.31,17.08,50.98,37.04,34.2,33.02,1.19,-1.36,9.97,-7.01,1.35,3.79,,0
UGA,800,Uganda,Sub-Saharan Africa,low_income,2002,25532870,1598.58,0.06,51.44,129.9,4.1,9.53,28.85,15.5,7.8,3.5,79.51,32.36,28.87,40.12,17.38,51.15,37.66,35.04,34.07,0.97,-1.55,10.28,-8.5,1.25,3.78,,0
UGA,800,Uganda,Sub-Saharan Africa,low_income,2003,26352124,1649.15,0.07,52.41,122.1,4.27,10.08,30.2,15.89,10.5,3.6,79.28,31.64,30.29,42.25,18.86,51.07,38.41,36.18,35.06,1.12,-1.37,11.01,-9.0,0.87,4.02,,0
UGA,800,Uganda,Sub-Saharan Africa,low_income,2004,27154515,1709.36,0.07,53.7,114.2,4.45,10.64,31.57,16.28,11.6,2.7,79.03,31.04,32.01,44.38,19.82,53.01,39.05,37.65,35.72,1.93,-0.79,12.08,-9.17,2.56,4.22,,0
UGA,800,Uganda,Sub-Saharan Africa,low_income,2005,27963289,1765.04,0.08,54.93,106.5,4.62,10.61,32.96,16.67,8.9,1.9,78.78,30.79,33.71,44.88,19.51,54.74,39.33,38.43,36.35,2.08,-0.23,11.6,-10.64,4.04,4.25,,0
UGA,800,Uganda,Sub-Saharan Africa,low_income,2006,28794003,1898.98,0.09,56.12,99.2,4.8,10.58,34.38,17.06,9.0,2.26,78.49,30.85,35.4,45.38,20.15,54.16,39.26,38.87,37.53,1.34,-0.07,10.43,-12.59,3.09,4.04,,0
UGA,800,Uganda,Sub-Saharan Africa,low_income,2007,29653430,1999.06,0.1,57.25,92.5,4.98,10.64,35.82,17.45,14.8,2.67,78.16,31.05,37.02,46.14,22.69,53.53,39.05,39.69,38.23,1.46,0.46,10.21,-11.28,2.26,3.82,,0
UGA,800,Uganda,Sub-Saharan Africa,low_income,2008,30539553,2110.1,0.11,58.25,86.4,5.15,10.71,37.29,17.84,15.9,3.04,77.83,31.38,38.54,46.91,23.68,52.97,38.68,40.15,39.13,1.03,1.07,9.77,-12.22,1.29,3.25,0.0,0
UGA,800,Uganda,Sub-Saharan Africa,low_income,2009,31451151,2188.3,0.12,59.16,81.2,5.52,10.77,38.77,18.22,10.0,3.6,77.6,31.87,39.91,48.32,22.33,51.96,38.17,40.14,39.54,0.6,0.97,10.18,-14.56,0.03,2.68,,0
UGA,800,Uganda,Sub-Saharan Africa,low_income,2010,32390802,2244.61,0.12,59.96,76.0,5.89,10.83,40.28,18.61,12.1,3.62,77.28,32.52,41.24,49.74,23.66,52.08,37.5,40.84,39.97,0.87,2.06,10.91,-13.0,0.28,2.19,,0
UGA,800,Uganda,Sub-Saharan Africa,low_income,2011,33354543,2384.47,0.13,60.79,70.9,5.51,10.9,41.81,19.0,14.6,3.52,76.98,35.03,42.64,48.63,25.13,52.44,35.02,40.77,40.74,0.03,1.89,8.95,-13.68,0.39,1.97,,0
UGA,800,Uganda,Sub-Saharan Africa,low_income,2012,34337438,2405.09,0.13,61.58,66.5,5.13,10.96,43.35,19.38,20.5,3.55,76.77,35.89,43.94,47.53,27.74,52.49,34.21,41.18,40.68,0.51,2.56,7.69,-11.52,0.59,2.77,,0
UGA,800,Uganda,Sub-Saharan Africa,low_income,2013,35337042,2420.89,0.12,62.35,62.8,5.32,11.03,44.91,19.77,13.9,1.91,76.48,34.82,45.16,48.35,26.19,55.93,35.22,42.17,41.94,0.23,3.16,7.97,-14.21,3.73,0.19,,0
UGA,800,Uganda,Sub-Saharan Africa,low_income,2014,36395539,2470.5,0.13,63.06,60.2,5.51,11.09,46.49,20.15,20.4,2.36,76.56,34.11,46.16,49.17,29.01,54.99,35.9,43.05,42.18,0.87,3.81,8.27,-12.08,2.8,0.82,,0
UGA,800,Uganda,Sub-Saharan Africa,low_income,2015,37531446,2520.02,0.15,63.83,57.9,5.7,11.16,48.09,20.53,18.5,2.68,76.45,36.42,47.17,49.99,29.04,54.4,33.72,42.87,41.81,1.05,3.92,8.48,-13.02,2.26,3.8,0.0,0
UGA,800,Uganda,Sub-Saharan Africa,low_income,2016,38799152,2554.23,0.15,64.49,55.6,5.89,11.23,49.7,20.91,26.7,3.0,76.46,35.19,48.13,50.81,32.44,53.76,34.87,44.0,42.7,1.3,4.26,8.8,-10.18,1.34,3.37,,0
UGA,800,Uganda,Sub-Saharan Africa,low_income,2017,40177388,2543.85,0.16,65.17,54.0,5.97,11.29,51.33,21.29,32.4,3.43,76.48,32.24,48.97,51.28,35.01,52.89,37.79,45.19,43.22,1.97,4.95,9.08,-8.22,0.44,4.46,,0
UGA,800,Uganda,Sub-Saharan Africa,low_income,2018,41565831,2613.88,0.16,65.78,52.7,6.06,11.36,52.97,21.67,41.9,3.25,76.19,33.13,49.69,51.76,38.84,53.4,36.88,46.11,44.04,2.07,4.82,8.93,-6.46,0.5,3.05,,0
UGA,800,Uganda,Sub-Saharan Africa,low_income,2019,42999637,2689.41,0.16,66.35,51.6,6.15,11.43,54.61,22.04,41.3,3.06,75.89,31.49,50.37,52.23,39.32,53.95,38.58,46.89,44.8,2.09,4.66,8.74,-6.9,1.06,2.89,,0
UGA,800,Uganda,Sub-Saharan Africa,low_income,2020,44457152,2678.01,0.16,66.41,50.9,6.24,11.5,56.28,22.42,42.1,3.82,75.82,33.81,50.56,52.72,40.26,52.46,36.2,46.44,45.15,1.29,4.6,8.18,-7.77,1.18,1.1,,0
UGA,800,Uganda,Sub-Saharan Africa,low_income,2021,45910930,2684.92,0.18,66.45,50.2,6.24,11.5,57.95,22.79,45.2,3.42,75.21,33.81,50.74,52.72,41.98,53.58,36.2,47.04,45.16,1.89,5.09,8.3,-7.22,2.13,1.17,,1
UGA,800,Uganda,Sub-Saharan Africa,low_income,2022,47312719,2724.91,0.17,67.68,50.0,6.24,11.5,59.62,23.16,47.1,2.88,75.03,33.81,51.72,52.72,43.29,54.74,36.2,47.74,45.73,2.0,4.42,8.32,-6.86,1.69,1.03,0.0,1
UKR,804,Ukraine,Europe & Central Asia,lower_middle_income,2000,49556660,10364.06,7.29,67.79,18.2,10.84,12.8,98.2,94.4,99.1,11.71,20.56,27.55,62.78,71.68,97.23,65.77,43.03,68.1,60.81,7.29,3.62,14.36,12.0,4.44,-2.47,3.0,0
UKR,804,Ukraine,Europe & Central Asia,lower_middle_income,2001,49106855,11379.39,7.33,67.68,17.4,10.94,13.55,98.25,94.52,99.2,11.06,20.47,26.57,63.19,74.09,97.32,67.1,44.25,69.19,62.55,6.64,1.82,14.55,10.0,5.64,-2.08,,0
UKR,804,Ukraine,Europe & Central Asia,lower_middle_income,2002,48677281,12092.79,7.41,67.7,16.6,11.03,13.92,98.27,94.64,99.3,10.14,20.25,25.32,63.71,75.44,97.41,69.07,45.85,70.29,63.64,6.66,0.76,14.38,8.9,7.18,-1.0,,0
UKR,804,Ukraine,Europe & Central Asia,lower_middle_income,2003,48315136,13342.88,8.13,67.64,15.8,11.13,14.27,98.26,94.77,99.3,9.06,19.95,24.02,64.2,76.75,97.45,71.38,47.61,71.48,65.27,6.21,-0.63,13.68,7.39,8.53,-0.16,,0
UKR,804,Ukraine,Europe & Central Asia,lower_middle_income,2004,47979507,15021.07,7.69,67.47,15.1,11.23,14.25,97.79,94.95,99.4,8.59,19.7,22.84,64.57,77.02,97.38,72.45,49.3,72.14,66.66,5.48,-1.92,12.09,6.13,7.71,0.7,,0
UKR,804,Ukraine,Europe & Central Asia,lower_middle_income,2005,47585556,15610.57,7.5,67.52,14.5,11.33,14.52,97.32,95.14,99.9,7.18,19.33,21.97,65.04,78.09,97.45,75.47,50.58,73.33,67.2,6.13,-2.1,12.37,5.93,9.39,1.69,,0
UKR,804,Ukraine,Europe & Central Asia,lower_middle_income,2006,47278694,16901.51,7.54,67.49,14.0,11.36,14.72,96.84,95.32,99.5,6.81,19.04,21.38,65.4,78.77,97.22,76.36,51.5,73.85,68.31,5.54,-2.61,11.88,4.92,8.31,2.12,,0
UKR,804,Ukraine,Europe & Central Asia,lower_middle_income,2007,47062798,18374.01,7.81,67.72,13.4,11.4,14.91,96.36,95.5,99.8,6.35,18.82,20.86,66.05,79.41,97.22,77.39,52.32,74.48,69.47,5.01,-3.19,11.26,4.39,7.78,2.31,,0
UKR,804,Ukraine,Europe & Central Asia,lower_middle_income,2008,46819175,18883.99,7.52,68.26,12.9,11.44,15.04,95.88,95.68,99.8,6.36,18.7,20.42,66.89,79.9,97.12,77.43,53.03,74.87,70.07,4.8,-3.02,10.92,3.91,6.76,2.56,3.0,0
UKR,804,Ukraine,Europe & Central Asia,lower_middle_income,2009,46623731,16092.8,6.27,69.16,12.3,11.47,15.07,95.39,95.86,99.9,8.84,18.73,20.04,68.09,80.11,97.05,72.46,53.66,74.27,68.18,6.1,-0.47,12.74,4.89,5.53,3.98,,0
UKR,804,Ukraine,Europe & Central Asia,lower_middle_income,2010,46456003,16811.79,6.8,70.19,11.7,11.51,15.06,94.91,96.03,100.0,8.1,18.62,19.71,69.43,80.2,96.98,74.0,54.21,74.96,68.66,6.3,0.19,12.08,4.42,7.57,4.32,,0
UKR,804,Ukraine,Europe & Central Asia,lower_middle_income,2011,46307853,17783.96,7.2,70.71,11.2,11.44,15.04,94.42,96.2,100.0,7.85,18.52,19.44,70.3,79.9,96.87,74.55,54.67,75.26,69.44,5.82,-0.11,10.4,3.58,7.07,5.21,,0
UKR,804,Ukraine,Europe & Central Asia,lower_middle_income,2012,46210056,17848.74,7.03,71.09,10.7,11.37,15.06,93.93,96.37,99.9,7.53,18.59,18.68,71.09,79.73,96.73,75.16,56.01,75.75,69.41,6.34,0.7,9.91,3.42,7.68,5.97,,0
UKR,804,Ukraine,Europe & Central Asia,lower_middle_income,2013,46126770,17889.09,6.83,71.47,10.2,11.3,14.93,93.76,96.54,100.0,7.17,18.67,18.88,71.91,79.14,96.77,75.83,55.64,75.86,69.6,6.26,1.2,8.69,3.24,7.83,5.66,,0
UKR,804,Ukraine,Europe & Central Asia,lower_middle_income,2014,45972380,16978.81,5.86,71.8,9.8,11.23,14.93,93.29,96.72,100.0,9.27,18.65,18.43,72.59,78.91,96.67,71.65,56.46,75.26,69.39,5.86,2.57,8.91,3.41,4.78,6.53,,0
UKR,804,Ukraine,Europe & Central Asia,lower_middle_income,2015,45784896,15403.71,4.94,72.69,9.5,11.16,13.77,93.32,96.83,100.0,9.14,18.67,17.79,73.61,75.46,96.72,71.89,57.63,75.06,68.01,7.05,4.93,6.86,4.11,6.51,9.35,3.0,0
UKR,804,Ukraine,Europe & Central Asia,lower_middle_income,2016,45616832,15856.81,4.98,73.39,9.1,11.16,13.64,93.35,96.95,100.0,9.35,18.67,16.24,74.62,75.06,96.77,71.47,60.67,75.72,68.56,7.16,5.52,5.84,3.74,5.46,11.19,,0
UKR,804,Ukraine,Europe & Central Asia,lower_middle_income,2017,45436041,16310.36,4.52,73.99,8.9,11.15,13.68,93.38,97.07,100.0,9.5,18.73,15.66,75.32,75.15,96.82,71.14,61.89,76.06,69.04,7.02,5.75,5.57,3.51,5.5,11.36,,0
UKR,804,Ukraine,Europe & Central Asia,lower_middle_income,2018,45208907,16978.98,4.83,73.57,8.7,11.14,13.64,93.41,97.19,100.0,8.8,18.74,17.1,75.24,75.03,96.87,72.54,58.95,75.72,69.56,6.16,4.97,4.82,3.1,6.09,8.69,,0
UKR,804,Ukraine,Europe & Central Asia,lower_middle_income,2019,44957458,17636.55,4.62,73.92,8.5,11.13,13.71,93.44,97.31,100.0,8.19,19.41,15.58,75.77,75.19,96.92,73.4,62.06,76.67,70.52,6.15,4.82,4.2,2.65,6.96,9.63,,0
UKR,804,Ukraine,Europe & Central Asia,lower_middle_income,2020,44680014,17092.54,4.45,73.28,8.4,11.12,13.59,93.47,97.4,100.0,9.48,19.34,14.9,75.41,74.82,96.96,70.87,63.55,76.32,70.77,5.55,4.69,3.25,2.0,6.36,9.97,,0
UKR,804,Ukraine,Europe & Central Asia,lower_middle_income,2021,44298640,17846.41,4.38,71.63,8.2,11.12,13.33,93.5,97.48,100.0,9.83,19.02,14.9,74.4,74.1,96.99,70.32,63.55,75.87,70.65,5.22,4.5,2.52,2.05,4.62,10.32,,1
UKR,804,Ukraine,Europe & Central Asia,lower_middle_income,2022,41048766,13787.12,2.91,72.66,8.5,11.12,13.33,93.52,97.56,100.0,9.83,19.02,14.9,74.8,74.1,97.03,70.32,63.55,75.96,67.75,8.21,7.03,6.93,4.6,4.82,14.19,3.0,3
URY,858,Uruguay,Americas,high_income,2000,3266206,18752.06,1.71,74.69,17.0,8.31,14.17,97.06,93.47,97.6,12.63,23.06,12.94,68.84,67.07,96.04,62.61,68.25,72.56,69.12,3.44,-0.05,0.95,2.18,-5.49,17.57,3.0,0
URY,858,Uruguay,Americas,high_income,2001,3274251,17986.9,1.53,74.99,16.6,8.53,14.68,97.12,93.49,97.7,15.05,24.63,12.77,69.32,69.2,96.1,56.93,68.71,72.05,68.96,3.09,0.45,2.64,2.34,-10.16,18.65,,0
URY,858,Uruguay,Americas,high_income,2002,3278867,16572.79,1.41,74.98,16.2,8.74,15.13,97.2,93.51,97.8,16.65,25.98,12.5,69.58,71.17,96.17,53.03,69.42,71.87,67.97,3.91,1.63,5.18,3.29,-12.84,20.21,,0
URY,858,Uruguay,Americas,high_income,2003,3281186,16694.44,1.4,75.09,15.7,8.95,15.55,97.27,93.53,97.9,16.66,26.12,12.17,70.0,73.01,96.23,52.93,70.3,72.5,68.25,4.25,1.74,6.37,3.38,-12.58,20.74,,0
URY,858,Uruguay,Americas,high_income,2004,3283148,17519.38,1.75,75.32,15.2,8.63,15.49,97.34,93.55,98.0,12.98,25.76,11.83,70.53,71.79,96.3,60.48,71.24,74.07,68.73,5.34,1.62,4.46,3.26,-6.14,21.41,,0
URY,858,Uruguay,Americas,high_income,2005,3285771,18811.32,1.69,75.83,14.4,8.31,15.11,97.53,93.68,98.0,12.01,24.49,11.52,71.51,69.68,96.41,63.09,72.14,74.57,69.7,4.87,1.53,1.01,2.89,-5.24,21.68,,0
URY,858,Uruguay,Americas,high_income,2006,3289506,19560.08,1.97,75.89,13.6,8.0,15.16,97.72,93.99,98.5,10.84,24.84,11.18,72.18,68.77,96.74,65.24,73.13,75.21,70.27,4.94,1.97,-0.49,3.03,-4.6,22.41,,0
URY,858,Uruguay,Americas,high_income,2007,3295153,20803.89,1.86,76.15,12.7,8.18,14.79,97.91,94.29,98.7,9.4,24.87,10.8,73.12,68.36,96.97,68.1,74.3,76.17,71.12,5.06,2.09,-1.72,2.99,-3.06,23.06,,0
URY,858,Uruguay,Americas,high_income,2008,3302177,22249.38,2.4,76.28,11.9,8.37,14.54,98.08,94.59,98.8,8.02,24.41,10.43,73.93,68.29,97.16,71.1,75.46,77.19,72.3,4.89,1.56,-3.23,2.55,-1.58,23.23,3.0,0
URY,858,Uruguay,Americas,high_income,2009,3310091,23138.08,2.37,76.67,11.3,8.37,14.6,98.25,94.89,99.1,7.74,24.21,10.15,74.79,68.46,97.41,71.78,76.36,77.76,73.09,4.67,0.38,-4.67,2.06,1.23,22.69,,0
URY,858,Uruguay,Americas,high_income,2010,3318580,24879.84,1.95,76.69,10.8,8.33,15.15,98.41,95.19,99.3,7.16,23.46,10.03,75.3,69.85,97.63,73.34,76.76,78.58,73.81,4.77,-0.31,-4.35,1.87,2.95,22.28,,0
URY,858,Uruguay,Americas,high_income,2011,3326825,26099.32,2.34,76.61,10.4,8.4,15.37,98.57,95.48,99.2,6.31,22.71,10.05,75.65,70.72,97.75,75.43,76.69,79.25,74.55,4.7,-1.13,-4.66,1.54,3.49,22.35,,0
URY,858,Uruguay,Americas,high_income,2012,3335401,26953.28,2.66,76.69,10.0,8.48,15.5,98.71,95.78,99.6,6.45,22.2,9.72,76.13,71.31,98.03,75.42,77.82,79.74,75.05,4.69,-1.39,-4.79,1.68,3.27,21.67,,0
URY,858,Uruguay,Americas,high_income,2013,3345337,28119.48,2.29,76.95,9.7,8.52,15.84,98.85,96.06,99.6,6.44,22.25,10.83,76.67,72.42,98.17,75.4,74.2,79.37,75.89,3.48,-1.93,-5.1,1.47,2.2,17.15,,0
URY,858,Uruguay,Americas,high_income,2014,3356334,28935.1,2.01,77.19,9.3,8.61,15.89,98.98,96.35,99.7,6.55,22.16,10.44,77.31,72.85,98.34,75.24,75.42,79.83,76.72,3.11,-1.95,-5.37,1.33,1.45,17.28,,0
URY,858,Uruguay,Americas,high_income,2015,3368017,28941.63,2.05,77.28,8.9,8.67,15.89,99.11,96.64,99.7,7.49,22.94,10.47,77.86,73.03,98.48,72.95,75.33,79.53,76.77,2.76,-1.48,-5.3,1.45,-1.14,17.38,4.0,0
URY,858,Uruguay,Americas,high_income,2016,3379283,29332.57,2.02,77.35,8.4,8.7,16.14,99.24,96.93,99.7,7.84,23.52,10.26,78.53,73.85,98.62,71.94,76.0,79.79,77.43,2.35,-1.11,-4.73,1.36,-2.98,16.34,,0
URY,858,Uruguay,Americas,high_income,2017,3388438,29762.43,1.89,77.62,8.0,8.83,16.34,99.37,97.21,99.8,7.89,23.78,10.06,79.27,74.82,98.79,71.7,76.66,80.25,77.62,2.63,-0.64,-3.97,1.54,-3.54,16.99,,0
URY,858,Uruguay,Americas,high_income,2018,3394534,29757.94,2.02,77.53,7.7,8.91,16.27,99.49,97.5,99.8,8.34,24.23,10.13,79.62,74.88,98.93,70.57,76.42,80.08,77.6,2.48,-0.36,-3.95,1.66,-5.18,17.59,,0
URY,858,Uruguay,Americas,high_income,2019,3397206,30010.57,2.11,77.5,7.5,8.98,16.46,99.55,97.78,99.9,8.84,24.2,10.3,79.88,75.66,99.08,69.59,75.88,80.02,78.22,1.8,-0.3,-3.44,1.67,-6.12,14.82,,0
URY,858,Uruguay,Americas,high_income,2020,3398968,27788.19,2.03,78.38,7.3,9.06,16.52,99.57,98.07,100.0,10.41,24.91,10.57,80.85,76.07,99.21,66.07,75.01,79.44,77.73,1.71,1.71,-2.91,1.58,-7.05,13.65,,0
URY,858,Uruguay,Americas,high_income,2021,3396695,29431.89,2.52,75.43,7.3,9.06,17.35,99.59,98.35,100.0,9.33,24.82,10.57,78.58,78.39,99.31,68.28,75.01,79.92,77.71,2.2,0.07,-0.78,1.71,-5.63,13.73,,1
URY,858,Uruguay,Americas,high_income,2022,3390913,30804.7,2.39,76.47,7.3,9.06,17.35,99.6,98.64,100.0,7.88,24.73,10.57,79.38,78.39,99.41,71.23,75.01,80.68,78.49,2.19,-0.52,-0.94,1.64,-5.15,13.69,4.0,1
USA,840,USA,Americas,high_income,2000,282162411,55038.62,21.01,76.64,8.4,12.96,15.68,98.9,99.87,100.0,3.99,4.37,12.76,77.99,86.76,99.59,89.72,68.74,84.56,80.12,4.44,-3.85,8.65,-0.22,4.44,10.35,4.0,1
USA,840,USA,Americas,high_income,2001,284968955,55017.3,20.63,76.84,8.3,12.93,15.76,98.9,99.87,100.0,4.73,4.35,12.6,78.27,86.88,99.59,88.25,69.13,84.43,80.94,3.49,-4.3,7.68,-0.22,2.47,9.93,,1
USA,840,USA,Americas,high_income,2002,287625193,55436.12,19.91,76.94,8.2,12.89,15.85,98.9,99.87,100.0,5.78,4.31,12.44,78.48,87.01,99.59,86.16,69.59,84.17,81.23,2.93,-4.65,7.27,-0.22,0.92,8.99,,1
USA,840,USA,Americas,high_income,2003,290107933,56498.21,19.97,77.04,8.1,12.86,15.94,98.9,99.87,100.0,5.99,4.45,12.24,78.69,87.13,99.59,85.68,70.11,84.24,81.37,2.87,-4.85,6.67,-0.19,1.01,8.78,,1
USA,840,USA,Americas,high_income,2004,292805298,58131.63,20.08,77.49,8.1,12.82,16.02,98.9,99.87,100.0,5.53,4.45,12.01,79.04,87.25,99.59,86.6,70.74,84.64,81.65,2.99,-5.18,6.69,-0.13,2.16,8.27,,1
USA,840,USA,Americas,high_income,2005,295516599,59604.75,19.92,77.49,8.0,12.83,16.11,98.9,99.87,100.0,5.08,4.38,11.75,79.17,87.51,99.59,87.52,71.48,85.05,82.05,3.0,-5.57,5.89,-0.12,2.96,7.89,,0
USA,840,USA,Americas,high_income,2006,298379912,60676.57,19.4,77.69,7.9,12.91,16.17,98.9,99.87,100.0,4.62,4.32,11.31,79.46,87.95,99.59,88.48,72.75,85.65,82.83,2.81,-5.77,5.7,-0.08,3.11,8.3,,0
USA,840,USA,Americas,high_income,2007,301231207,61306.6,19.5,77.99,7.7,12.95,16.22,98.91,99.87,100.0,4.62,4.19,10.67,79.97,88.24,99.59,88.55,74.69,86.21,83.79,2.42,-5.77,5.26,-0.04,2.07,9.37,,0
USA,840,USA,Americas,high_income,2008,304093966,60798.43,18.71,78.04,7.6,12.99,16.28,98.92,99.87,100.0,5.78,4.07,10.01,80.15,88.52,99.6,86.29,76.83,86.28,84.11,2.16,-6.1,5.32,0.01,-0.35,10.88,4.0,0
USA,840,USA,Americas,high_income,2009,306771529,58714.97,17.19,78.39,7.5,13.01,16.34,98.92,99.87,100.0,9.25,4.16,9.49,80.56,88.74,99.6,79.3,78.62,85.36,83.41,1.96,-6.43,5.53,-0.05,-4.55,11.66,,0
USA,840,USA,Americas,high_income,2010,309378227,59789.41,17.85,78.54,7.3,13.05,16.4,99.01,99.87,100.0,9.63,4.16,9.28,80.97,89.05,99.63,78.54,79.37,85.51,83.74,1.77,-6.5,5.13,-0.01,-4.88,11.87,,0
USA,840,USA,Americas,high_income,2011,311839461,60245.48,17.02,78.64,7.2,13.1,16.45,99.1,99.85,100.0,8.95,4.07,9.36,81.2,89.38,99.65,79.96,79.05,85.85,84.19,1.66,-6.66,4.8,0.09,-4.06,13.24,,0
USA,840,USA,Americas,high_income,2012,314339099,61134.53,16.19,78.74,7.0,13.14,16.51,99.18,99.83,100.0,8.07,4.08,9.01,81.58,89.67,99.67,81.72,80.34,86.6,84.66,1.93,-6.57,4.6,0.06,-2.53,10.77,,0
USA,840,USA,Americas,high_income,2013,316726282,61958.72,16.5,78.74,6.9,13.2,16.57,99.26,99.8,100.0,7.38,4.03,8.75,81.74,90.02,99.69,83.13,81.33,87.18,85.19,1.99,-6.79,3.62,0.05,-1.17,9.57,,0
USA,840,USA,Americas,high_income,2014,319257560,63018.8,16.42,78.84,6.8,13.22,16.56,99.35,99.78,100.0,6.17,3.98,8.51,81.98,90.08,99.71,85.57,82.25,87.92,85.79,2.12,-7.08,3.47,0.1,0.86,9.41,,0
USA,840,USA,Americas,high_income,2015,321815121,64359.47,15.95,78.69,6.8,13.25,16.6,99.43,99.76,100.0,5.28,4.02,8.19,81.86,90.27,99.73,87.32,83.52,88.54,85.9,2.64,-7.49,3.07,0.14,2.11,10.93,4.0,0
USA,840,USA,Americas,high_income,2016,324353340,65017.65,15.5,78.54,6.7,13.34,16.67,99.51,99.74,100.0,4.87,4.03,7.41,81.9,90.79,99.75,88.14,86.88,89.49,87.02,2.47,-8.05,3.0,0.14,2.47,11.11,,0
USA,840,USA,Americas,high_income,2017,326608609,66155.56,15.18,78.54,6.6,13.41,16.67,99.59,99.72,100.0,4.36,3.98,7.79,82.07,91.02,99.77,89.19,85.2,89.45,87.28,2.17,-8.33,2.68,0.16,2.68,10.68,,0
USA,840,USA,Americas,high_income,2018,328529577,67719.77,15.58,78.64,6.5,13.5,16.64,99.67,99.7,100.0,3.9,4.02,7.82,82.31,91.24,99.79,90.09,85.06,89.7,87.86,1.84,-8.41,2.27,0.18,2.33,9.77,,0
USA,840,USA,Americas,high_income,2019,330226227,69112.6,15.04,78.79,6.5,13.59,16.64,99.74,99.68,100.0,3.67,3.93,7.18,82.42,91.52,99.81,90.59,87.94,90.46,88.58,1.87,-8.83,1.82,0.21,2.03,10.38,,0
USA,840,USA,Americas,high_income,2020,331577720,67342.07,13.47,76.98,6.5,13.68,16.63,99.82,99.67,100.0,8.06,3.96,7.81,81.03,91.8,99.83,81.81,85.09,87.91,88.79,-0.88,-10.09,1.08,0.24,-4.91,6.33,,0
USA,840,USA,Americas,high_income,2021,332099760,71307.4,14.32,76.33,6.5,13.58,16.41,99.89,99.65,100.0,5.35,4.02,7.81,80.53,90.84,99.85,87.18,85.09,88.7,88.59,0.11,-10.41,0.08,0.29,0.1,6.78,,1
USA,840,USA,Americas,high_income,2022,334017321,72679.26,14.42,77.43,6.5,13.58,16.41,99.96,99.63,100.0,3.65,3.86,7.81,81.38,90.84,99.87,90.67,85.09,89.57,88.92,0.65,-9.68,0.37,0.31,1.85,6.9,4.0,1
UZB,860,Uzbekistan,Europe & Central Asia,lower_middle_income,2000,24787054,3410.65,5.31,65.46,60.7,10.05,10.75,87.31,93.38,99.6,12.3,39.88,30.71,47.91,63.36,93.43,54.41,39.4,59.7,42.98,16.72,7.32,23.74,44.96,1.79,4.64,1.0,0
UZB,860,Uzbekistan,Europe & Central Asia,lower_middle_income,2001,25090283,3509.73,5.29,65.85,58.0,10.14,10.98,87.8,93.54,99.6,11.28,39.6,30.13,48.71,64.3,93.65,56.6,40.04,60.66,43.6,17.06,7.07,23.79,44.53,4.03,5.07,,0
UZB,860,Uzbekistan,Europe & Central Asia,lower_middle_income,2002,25399980,3604.69,5.39,66.38,55.0,10.23,11.21,88.29,93.7,99.7,10.26,39.3,29.51,49.69,65.23,93.9,58.8,40.74,61.67,44.36,17.31,6.99,23.82,43.37,5.86,5.34,,0
UZB,860,Uzbekistan,Europe & Central Asia,lower_middle_income,2003,25711259,3711.78,5.02,66.85,51.9,10.32,11.44,88.77,93.85,99.5,9.22,38.94,28.94,50.69,66.17,94.04,61.07,41.39,62.67,45.01,17.66,7.25,24.11,42.11,7.65,5.7,,0
UZB,860,Uzbekistan,Europe & Central Asia,lower_middle_income,2004,26029350,3939.53,5.08,67.2,48.6,10.41,11.47,89.25,94.0,99.5,8.15,38.53,28.54,51.67,66.55,94.25,63.42,41.85,63.55,46.06,17.49,7.26,23.09,40.35,9.16,5.39,,0
UZB,860,Uzbekistan,Europe & Central Asia,lower_middle_income,2005,26356975,4160.96,4.76,67.48,45.2,10.5,11.54,89.72,94.15,99.4,7.09,38.08,28.42,52.67,67.05,94.42,65.77,42.0,64.38,47.04,17.34,6.94,22.72,38.23,10.63,5.23,,0
UZB,860,Uzbekistan,Europe & Central Asia,lower_middle_income,2006,26699043,4413.72,5.03,67.9,41.9,10.59,11.53,90.19,94.3,99.5,6.04,37.7,28.64,53.82,67.35,94.66,68.09,41.74,65.13,48.36,16.77,6.8,21.84,35.93,11.86,4.53,,0
UZB,860,Uzbekistan,Europe & Central Asia,lower_middle_income,2007,27076008,4764.56,4.85,68.48,38.6,10.69,11.62,90.66,94.44,99.5,4.99,37.35,29.22,55.16,67.92,94.86,70.36,41.07,65.87,49.58,16.29,6.64,21.04,34.23,13.33,3.27,,0
UZB,860,Uzbekistan,Europe & Central Asia,lower_middle_income,2008,27494774,5115.64,4.99,69.04,35.5,10.78,11.48,91.12,94.58,99.5,4.89,36.95,30.22,56.49,67.82,95.06,70.77,39.94,66.02,51.0,15.02,6.74,19.54,31.52,12.85,1.4,1.0,0
UZB,860,Uzbekistan,Europe & Central Asia,lower_middle_income,2009,27939328,5439.55,4.46,69.52,32.6,10.88,11.53,91.57,94.71,99.5,5.04,36.56,31.71,57.79,68.29,95.26,70.68,38.34,66.07,52.27,13.8,6.34,18.39,29.3,12.42,-1.05,,0
UZB,860,Uzbekistan,Europe & Central Asia,lower_middle_income,2010,28385506,5760.81,4.78,69.84,29.8,10.97,11.56,92.02,94.85,99.6,5.36,36.25,33.73,59.01,68.69,95.49,70.2,36.28,65.93,53.13,12.8,6.67,17.76,28.71,11.87,-3.44,,0
UZB,860,Uzbekistan,Europe & Central Asia,lower_middle_income,2011,28823196,6100.25,4.81,70.14,27.3,11.07,11.57,92.44,94.97,99.7,4.96,35.96,44.2,60.19,69.06,95.7,71.16,27.25,64.67,54.1,10.57,6.66,16.86,27.33,12.61,-11.17,,0
UZB,860,Uzbekistan,Europe & Central Asia,lower_middle_income,2012,29261903,6435.56,4.21,70.41,25.0,11.17,11.68,92.82,95.09,99.7,4.87,35.69,43.9,61.35,69.67,95.87,71.47,27.48,65.17,54.74,10.43,7.0,16.46,25.84,12.63,-10.73,,0
UZB,860,Uzbekistan,Europe & Central Asia,lower_middle_income,2013,29724065,6797.77,4.08,70.69,23.0,11.27,11.66,93.22,95.21,99.8,4.86,35.44,42.95,62.48,69.96,96.07,71.63,28.21,65.67,55.77,9.9,7.12,15.96,24.43,12.23,-11.49,,0
UZB,860,Uzbekistan,Europe & Central Asia,lower_middle_income,2014,30222994,7145.11,3.74,70.97,21.3,11.34,11.69,93.61,95.33,99.8,5.09,35.17,39.49,63.53,70.29,96.25,71.31,31.02,66.48,56.83,9.65,7.0,15.28,23.13,11.9,-10.11,,0
UZB,860,Uzbekistan,Europe & Central Asia,lower_middle_income,2015,30749346,7529.76,3.5,71.33,19.7,11.36,11.72,94.01,95.45,99.9,5.15,34.95,37.84,64.65,70.42,96.45,71.3,32.44,67.05,57.44,9.61,7.05,14.2,21.19,11.89,-6.89,3.0,0
UZB,860,Uzbekistan,Europe & Central Asia,lower_middle_income,2016,31284568,7839.98,3.64,71.58,18.4,11.67,11.83,94.41,95.57,99.9,5.16,34.75,37.55,65.58,71.76,96.63,71.39,32.7,67.61,58.25,9.36,7.16,14.74,20.44,11.35,-8.12,,0
UZB,860,Uzbekistan,Europe & Central Asia,lower_middle_income,2017,31819178,8047.05,3.72,71.74,17.3,11.72,11.96,94.81,95.69,100.0,5.83,34.52,35.21,66.37,72.3,96.83,70.17,34.84,68.1,58.95,9.16,7.5,14.97,19.2,10.24,-7.45,,0
UZB,860,Uzbekistan,Europe & Central Asia,lower_middle_income,2018,32373490,8348.96,3.48,72.0,16.4,11.77,12.13,95.22,95.82,100.0,5.39,34.2,34.84,67.15,72.94,97.01,71.21,35.2,68.7,59.42,9.29,7.59,14.92,18.26,10.54,-6.84,,0
UZB,860,Uzbekistan,Europe & Central Asia,lower_middle_income,2019,32964701,8755.13,3.49,72.09,15.7,11.9,12.35,95.63,95.94,100.0,4.94,33.96,34.13,67.7,73.96,97.19,72.26,35.88,69.4,60.65,8.74,7.31,14.84,16.73,11.39,-7.83,,0
UZB,860,Uzbekistan,Europe & Central Asia,lower_middle_income,2020,33586372,8727.41,3.69,71.46,15.1,11.89,12.05,95.96,96.06,100.0,5.29,34.38,31.96,67.64,73.11,97.34,71.32,38.08,69.5,61.28,8.22,6.89,12.69,14.65,12.75,-6.85,,0
UZB,860,Uzbekistan,Europe & Central Asia,lower_middle_income,2021,34243696,9247.64,3.92,71.68,14.6,11.88,11.99,96.29,96.18,99.9,5.36,34.01,31.96,68.17,72.92,97.46,71.37,38.08,69.6,61.56,8.04,7.68,12.03,13.45,11.49,-6.89,,1
UZB,860,Uzbekistan,Europe & Central Asia,lower_middle_income,2022,34938955,9607.56,3.69,72.15,14.1,11.91,11.99,96.62,96.31,100.0,4.46,33.88,31.96,68.91,73.02,97.64,73.26,38.08,70.18,62.79,7.39,6.14,11.53,12.56,10.82,-7.15,3.0,1
VNM,704,Vietnam,East Asia & Pacific,lower_middle_income,2000,77154011,4349.22,0.73,72.75,30.3,5.64,10.87,80.65,49.15,88.2,2.26,73.71,27.23,61.06,49.0,72.67,56.69,43.42,56.57,46.99,9.57,16.16,5.42,15.1,2.49,6.59,1.0,0
VNM,704,Vietnam,East Asia & Pacific,lower_middle_income,2001,77969361,4570.27,0.8,72.98,29.0,5.85,11.21,81.48,51.11,88.9,2.76,71.18,27.27,61.72,50.65,73.83,57.02,43.37,57.32,48.02,9.3,15.33,5.91,14.57,2.89,6.15,,0
VNM,704,Vietnam,East Asia & Pacific,lower_middle_income,2002,78772224,4809.62,0.93,73.14,27.9,6.07,11.55,82.31,53.06,89.1,2.12,71.57,27.37,62.26,52.3,74.82,58.09,43.25,58.15,49.24,8.91,14.39,6.27,13.37,3.42,5.26,,0
VNM,704,Vietnam,East Asia & Pacific,lower_middle_income,2003,79563777,5090.29,0.98,73.24,26.9,6.28,11.74,83.13,55.0,90.3,2.25,70.11,27.47,62.73,53.53,76.14,58.6,43.13,58.83,50.43,8.4,13.64,6.36,12.23,3.23,4.65,,0
VNM,704,Vietnam,East Asia & Pacific,lower_middle_income,2004,80338971,5421.1,1.14,73.06,26.1,6.49,11.92,83.94,56.93,91.0,2.14,66.37,27.49,62.93,54.76,77.29,60.79,43.11,59.78,51.38,8.4,12.97,6.24,11.72,4.45,3.94,,0
VNM,704,Vietnam,East Asia & Pacific,lower_middle_income,2005,81088313,5776.36,1.24,73.2,25.4,6.7,12.11,84.75,58.97,96.1,2.08,65.83,27.36,63.33,55.99,79.94,61.2,43.26,60.74,52.52,8.22,11.88,6.4,12.13,3.67,3.61,,0
VNM,704,Vietnam,East Asia & Pacific,lower_middle_income,2006,82167897,6098.24,1.26,73.29,24.8,6.91,12.3,85.55,61.0,96.0,2.05,65.3,27.0,63.66,57.21,80.85,61.54,43.71,61.39,53.71,7.68,11.1,6.66,10.9,2.69,3.79,,0
VNM,704,Vietnam,East Asia & Pacific,lower_middle_income,2007,83633375,6418.54,1.37,73.39,24.3,7.12,12.35,86.34,63.03,93.1,2.03,64.78,26.36,63.95,58.06,80.82,61.85,44.51,61.84,54.6,7.24,10.23,6.44,9.86,2.14,4.22,,0
VNM,704,Vietnam,East Asia & Pacific,lower_middle_income,2008,85175788,6659.14,1.48,73.46,23.8,7.33,12.41,87.13,65.05,93.8,1.89,63.17,25.47,64.23,58.91,81.99,62.97,45.65,62.75,55.38,7.37,9.82,6.5,9.46,2.56,5.06,1.0,0
VNM,704,Vietnam,East Asia & Pacific,lower_middle_income,2009,86460018,6914.34,1.63,73.53,23.4,7.54,12.46,87.9,67.06,96.1,1.74,61.62,24.37,64.47,59.76,83.69,64.09,47.13,63.83,56.31,7.52,8.81,5.96,9.55,3.72,5.68,,0
VNM,704,Vietnam,East Asia & Pacific,lower_middle_income,2010,87455152,7274.73,1.79,73.61,23.1,7.63,12.51,88.67,69.07,97.4,1.11,62.73,23.08,64.67,60.19,85.05,64.76,48.95,64.72,57.11,7.61,8.23,5.43,10.28,4.38,7.11,,0
VNM,704,Vietnam,East Asia & Pacific,lower_middle_income,2011,88468314,7652.62,1.77,73.71,22.8,7.71,12.57,89.43,71.07,99.0,1.0,62.44,20.49,64.9,60.61,86.5,65.14,52.92,66.01,57.93,8.08,7.52,4.63,10.49,4.55,12.27,,0
VNM,704,Vietnam,East Asia & Pacific,lower_middle_income,2012,89510356,7979.87,1.75,73.76,22.5,7.79,12.62,90.19,73.06,97.9,1.03,62.54,21.51,65.08,61.03,87.05,65.03,51.29,65.9,58.3,7.59,7.22,4.16,10.12,4.27,10.64,,0
VNM,704,Vietnam,East Asia & Pacific,lower_middle_income,2013,90573104,8324.2,1.8,73.82,22.3,7.88,12.67,90.93,75.04,98.5,1.32,62.65,23.23,65.22,61.45,88.16,64.39,48.73,65.59,59.0,6.6,6.58,3.96,10.22,3.14,7.27,,0
VNM,704,Vietnam,East Asia & Pacific,lower_middle_income,2014,91679578,8751.88,1.95,73.89,22.0,7.96,12.73,91.67,77.01,99.2,1.26,62.25,20.4,65.42,61.88,89.29,64.73,53.06,66.87,60.1,6.77,5.63,3.31,9.78,3.63,10.11,,0
VNM,704,Vietnam,East Asia & Pacific,lower_middle_income,2015,92823254,9248.02,2.16,73.96,21.6,8.04,12.78,92.39,78.97,99.3,1.85,57.76,19.38,65.67,62.3,90.22,65.9,54.78,67.77,60.76,7.02,4.78,2.49,8.55,4.89,13.01,3.0,0
VNM,704,Vietnam,East Asia & Pacific,lower_middle_income,2016,94000117,9743.19,2.38,73.98,21.3,8.12,12.83,93.11,80.91,99.2,1.85,55.92,20.33,65.84,62.73,91.07,66.87,53.18,67.94,61.6,6.34,4.06,1.91,8.24,5.21,9.96,,0
VNM,704,Vietnam,East Asia & Pacific,lower_middle_income,2017,95176977,10290.55,2.41,74.03,20.9,8.21,12.89,93.81,82.85,100.0,1.87,55.12,18.58,66.08,63.15,92.22,67.24,56.18,68.98,62.62,6.36,3.45,1.54,7.34,5.68,11.39,,0
VNM,704,Vietnam,East Asia & Pacific,lower_middle_income,2018,96237319,10936.89,2.93,74.1,20.5,8.29,12.94,94.83,84.77,100.0,1.16,53.91,20.16,66.35,63.58,93.2,69.3,53.45,69.18,63.36,5.81,2.72,0.94,6.94,6.85,8.71,,0
VNM,704,Vietnam,East Asia & Pacific,lower_middle_income,2019,97173776,11628.61,3.46,74.21,20.0,8.37,13.0,95.63,86.68,99.4,1.68,53.23,20.83,66.7,64.01,93.9,68.62,52.36,69.12,64.7,4.42,2.07,0.08,6.07,5.92,5.58,,0
VNM,704,Vietnam,East Asia & Pacific,lower_middle_income,2020,98079191,11851.4,3.55,75.38,19.5,8.46,13.05,96.29,88.57,99.8,2.1,53.13,20.8,67.88,64.44,94.89,67.83,52.41,69.49,65.71,3.78,2.79,-1.1,4.73,7.17,3.83,,0
VNM,704,Vietnam,East Asia & Pacific,lower_middle_income,2021,98935098,12048.9,3.4,74.14,18.9,8.46,13.05,96.93,90.46,100.0,2.38,53.15,20.8,67.26,64.44,95.79,67.26,52.41,69.43,65.28,4.15,3.18,-0.77,5.74,5.42,4.29,,1
VNM,704,Vietnam,East Asia & Pacific,lower_middle_income,2022,99680655,12979.76,3.45,74.5,18.4,8.46,13.05,97.55,92.32,100.0,1.57,52.8,20.8,67.83,64.44,96.62,69.07,52.41,70.08,66.94,3.14,0.9,-1.78,5.08,4.12,3.81,3.0,1
ZAF,710,South Africa,Sub-Saharan Africa,upper_middle_income,2000,47159719,11183.83,7.36,58.37,71.4,7.26,13.28,85.96,60.5,72.4,22.79,10.85,24.36,40.7,61.09,72.95,48.71,47.14,54.12,61.84,-7.72,-19.61,2.69,-13.81,-13.33,1.08,1.0,0
ZAF,710,South Africa,Sub-Saharan Africa,upper_middle_income,2001,47566800,11387.49,7.51,57.16,74.5,7.46,13.31,86.46,61.28,70.2,22.65,11.18,24.06,39.31,61.82,72.65,48.81,47.55,54.03,62.56,-8.53,-22.07,2.27,-14.69,-12.66,1.21,,0
ZAF,710,South Africa,Sub-Saharan Africa,upper_middle_income,2002,48019415,11697.57,7.72,55.58,77.0,8.52,13.33,86.98,62.06,76.7,22.58,11.08,23.59,37.73,65.43,75.25,49.01,48.21,55.13,63.18,-8.05,-24.71,4.91,-12.74,-12.47,1.6,,0
ZAF,710,South Africa,Sub-Saharan Africa,upper_middle_income,2003,48500348,11923.12,8.11,54.24,79.2,8.76,13.35,87.49,62.85,78.8,22.68,10.93,23.08,36.4,66.28,76.38,48.89,48.95,55.38,63.78,-8.4,-26.77,5.07,-12.11,-12.73,2.02,,0
ZAF,710,South Africa,Sub-Saharan Africa,upper_middle_income,2004,48991421,12341.21,8.69,53.96,80.7,8.82,13.37,87.99,63.62,80.6,22.57,10.69,22.67,35.98,66.55,77.4,49.24,49.54,55.74,64.06,-8.32,-27.56,4.75,-11.36,-13.29,2.44,,0
ZAF,710,South Africa,Sub-Saharan Africa,upper_middle_income,2005,49490033,12861.56,8.82,53.91,79.8,8.9,13.39,88.48,64.39,80.8,22.47,11.49,22.5,36.06,66.87,77.89,49.01,49.79,55.92,64.63,-8.71,-28.31,4.34,-11.37,-14.87,2.46,,0
ZAF,710,South Africa,Sub-Saharan Africa,upper_middle_income,2006,49998277,13444.23,8.81,54.22,76.9,8.95,13.41,88.96,65.15,80.7,22.3,11.41,22.72,36.7,67.1,78.27,49.39,49.47,56.19,65.28,-9.1,-28.07,4.05,-11.58,-16.06,2.14,,0
ZAF,710,South Africa,Sub-Saharan Africa,upper_middle_income,2007,50528584,14016.24,9.1,54.95,71.2,9.08,13.44,89.43,65.91,82.0,22.26,10.4,23.24,38.1,67.57,79.11,50.01,48.71,56.7,65.88,-9.18,-27.4,3.85,-10.89,-16.42,1.22,,0
ZAF,710,South Africa,Sub-Saharan Africa,upper_middle_income,2008,51114599,14297.69,9.55,55.98,63.7,9.22,13.46,89.9,66.65,81.9,22.41,10.2,23.9,40.1,68.1,79.48,49.82,47.78,57.06,66.32,-9.27,-25.84,3.77,-10.93,-17.65,-0.0,1.0,0
ZAF,710,South Africa,Sub-Saharan Africa,upper_middle_income,2009,51728516,13910.7,8.83,57.41,56.9,9.6,13.48,90.35,67.39,82.6,23.52,10.09,24.5,42.43,69.44,80.11,47.64,46.95,57.32,66.25,-8.93,-23.95,4.56,-10.56,-18.03,-1.25,,0
ZAF,710,South Africa,Sub-Saharan Africa,upper_middle_income,2010,52344051,14165.0,8.87,58.89,50.3,9.67,13.5,90.79,68.12,82.8,24.68,10.15,24.86,44.9,69.73,80.57,45.29,46.46,57.39,66.52,-9.13,-21.81,4.48,-10.29,-19.86,-1.72,,0
ZAF,710,South Africa,Sub-Saharan Africa,upper_middle_income,2011,52995205,14434.26,8.38,60.6,45.6,9.69,13.52,91.23,68.84,83.6,24.64,10.14,25.0,47.28,69.87,81.22,45.39,46.28,58.01,66.8,-8.79,-19.87,3.89,-10.15,-20.18,-0.95,,0
ZAF,710,South Africa,Sub-Saharan Africa,upper_middle_income,2012,53782567,14563.76,8.58,61.74,43.1,9.93,13.54,91.66,69.55,85.2,24.73,10.09,24.64,48.77,70.73,82.14,45.24,46.75,58.73,66.76,-8.03,-18.25,4.33,-9.4,-20.33,-0.82,,0
ZAF,710,South Africa,Sub-Saharan Africa,upper_middle_income,2013,54678791,14681.1,8.69,62.39,41.4,10.04,13.91,92.08,70.25,85.2,24.56,9.53,24.16,49.71,72.11,82.51,45.86,47.42,59.52,66.98,-7.46,-17.66,5.04,-9.3,-20.23,-0.1,,0
ZAF,710,South Africa,Sub-Saharan Africa,upper_middle_income,2014,55594838,14643.34,8.75,63.18,39.7,10.15,14.28,92.48,70.94,85.9,24.89,8.83,24.55,50.77,73.49,83.11,45.57,46.88,59.97,67.48,-7.51,-16.83,5.97,-8.79,-19.7,-1.28,,0
ZAF,710,South Africa,Sub-Saharan Africa,upper_middle_income,2015,56723537,14541.67,8.15,64.05,38.2,10.23,14.61,92.28,71.63,85.3,25.15,9.43,24.6,51.86,74.68,83.07,45.04,46.82,60.29,67.26,-6.97,-15.95,7.02,-8.96,-19.71,-0.73,1.0,0
ZAF,710,South Africa,Sub-Saharan Africa,upper_middle_income,2016,57259551,14501.28,8.04,64.75,36.8,9.27,14.24,92.06,72.3,83.9,26.54,9.59,24.15,52.8,70.47,82.76,44.96,47.43,59.68,67.35,-7.66,-14.97,2.7,-9.3,-20.01,-0.87,,0
ZAF,710,South Africa,Sub-Saharan Africa,upper_middle_income,2017,57635162,14573.6,8.15,65.42,35.7,10.14,14.27,91.84,72.97,84.4,27.04,9.92,23.75,53.65,73.43,83.07,44.78,47.98,60.58,67.51,-6.92,-14.24,5.71,-9.05,-19.49,-1.1,,0
ZAF,710,South Africa,Sub-Saharan Africa,upper_middle_income,2018,58613001,14553.56,8.08,65.73,34.9,10.76,14.08,91.62,73.63,84.7,26.91,10.32,23.81,54.13,74.97,83.32,44.57,47.9,60.98,67.44,-6.47,-13.83,7.36,-8.73,-20.11,-0.44,,0
ZAF,710,South Africa,Sub-Saharan Africa,upper_middle_income,2019,59587885,14352.67,8.01,66.07,34.3,11.37,14.21,91.39,74.28,85.0,28.47,10.67,23.19,54.58,77.39,83.56,44.39,48.78,61.74,67.65,-5.91,-13.22,9.87,-8.45,-19.79,-0.79,,0
ZAF,710,South Africa,Sub-Saharan Africa,upper_middle_income,2020,60562381,13250.57,7.44,65.15,33.9,10.55,13.98,91.16,74.92,90.0,29.22,10.68,23.75,54.0,74.03,85.36,44.38,47.98,61.15,67.27,-6.12,-12.76,6.62,-6.76,-17.16,-2.09,,0
ZAF,710,South Africa,Sub-Saharan Africa,upper_middle_income,2021,61502603,13681.95,7.29,62.01,34.0,11.61,14.26,90.92,75.55,89.3,34.01,11.04,23.75,51.55,78.31,85.26,44.19,47.98,61.46,67.04,-5.58,-14.37,11.05,-6.86,-18.74,-1.77,,1
ZAF,710,South Africa,Sub-Saharan Africa,upper_middle_income,2022,62378410,13767.5,6.88,65.45,34.3,11.61,14.26,90.68,76.17,86.5,33.27,11.26,23.75,54.11,78.31,84.45,44.07,47.98,61.79,67.73,-5.95,-13.64,11.16,-7.96,-21.42,-1.36,1.0,1
ZMB,894,Zambia,Sub-Saharan Africa,lower_middle_income,2000,10017631,2220.57,0.19,46.58,151.8,5.39,8.56,46.23,21.04,16.7,12.93,82.3,24.39,23.44,41.75,27.99,30.82,47.1,34.22,37.34,-3.12,-10.54,8.63,-7.21,-20.27,13.86,0.0,0
ZMB,894,Zambia,Sub-Saharan Africa,lower_middle_income,2001,10325185,2268.97,0.19,47.41,143.2,5.48,8.66,47.33,21.68,20.2,13.4,82.53,24.43,24.71,42.34,29.74,29.75,47.04,34.72,37.71,-2.99,-10.07,8.42,-5.61,-21.21,13.68,,0
ZMB,894,Zambia,Sub-Saharan Africa,lower_middle_income,2002,10647949,2299.33,0.19,48.46,132.9,5.57,8.77,48.57,22.41,17.4,14.13,82.68,24.45,26.33,42.93,29.46,28.22,47.02,34.79,38.33,-3.54,-9.31,8.13,-6.8,-23.01,13.08,,0
ZMB,894,Zambia,Sub-Saharan Africa,lower_middle_income,2003,10983595,2383.88,0.2,49.62,122.1,5.66,9.21,49.79,23.14,18.5,14.7,82.82,24.46,28.14,44.47,30.48,27.0,47.01,35.42,39.3,-3.89,-8.61,8.42,-7.86,-24.66,12.54,,0
ZMB,894,Zambia,Sub-Saharan Africa,lower_middle_income,2004,11338198,2471.72,0.2,50.54,111.7,5.76,9.65,51.01,23.87,20.3,15.33,82.87,24.47,29.82,46.0,31.73,25.72,46.99,36.05,40.04,-3.99,-7.88,8.85,-7.89,-26.4,11.92,,0
ZMB,894,Zambia,Sub-Saharan Africa,lower_middle_income,2005,11718819,2564.48,0.21,51.62,102.7,5.85,10.1,52.22,24.59,23.3,15.9,83.0,24.51,31.56,47.54,33.37,24.52,46.94,36.78,40.75,-3.96,-7.28,9.56,-7.83,-28.08,11.61,,0
ZMB,894,Zambia,Sub-Saharan Africa,lower_middle_income,2006,12129553,2673.46,0.2,52.69,94.8,5.94,10.54,53.42,25.3,24.1,13.23,82.9,24.58,33.25,49.07,34.27,29.91,46.84,38.67,41.63,-2.96,-6.66,10.0,-8.75,-23.17,11.33,,0
ZMB,894,Zambia,Sub-Saharan Africa,lower_middle_income,2007,12565085,2796.35,0.17,53.73,89.1,6.03,10.98,54.6,26.01,18.5,10.56,82.86,24.69,34.72,50.61,33.04,35.27,46.69,40.07,42.31,-2.25,-6.19,10.64,-11.0,-18.1,10.98,,0
ZMB,894,Zambia,Sub-Saharan Africa,lower_middle_income,2008,13021324,2908.14,0.2,54.84,84.2,6.12,10.99,55.78,26.71,25.7,7.93,82.84,24.87,36.19,50.92,36.06,40.54,46.45,42.03,43.15,-1.12,-5.47,9.98,-9.7,-13.24,10.4,0.0,0
ZMB,894,Zambia,Sub-Saharan Africa,lower_middle_income,2009,13490389,3065.84,0.21,55.89,78.4,6.21,10.99,56.94,27.41,26.6,10.58,81.42,25.11,37.77,51.23,36.98,35.98,46.13,41.62,43.87,-2.25,-5.36,9.08,-10.43,-18.09,9.89,,0
ZMB,894,Zambia,Sub-Saharan Africa,lower_middle_income,2010,13965594,3266.51,0.23,56.9,74.3,6.3,10.99,58.1,28.09,22.0,13.19,79.89,25.42,39.13,51.54,36.06,31.57,45.72,40.81,44.77,-3.97,-4.83,8.31,-12.35,-22.62,9.43,,0
ZMB,894,Zambia,Sub-Saharan Africa,lower_middle_income,2011,14437796,3335.64,0.24,57.84,71.8,6.39,10.99,59.24,28.77,28.3,10.55,80.07,26.57,40.23,51.85,38.77,36.76,44.25,42.37,45.12,-2.75,-4.61,8.16,-10.44,-17.38,10.12,,0
ZMB,894,Zambia,Sub-Saharan Africa,lower_middle_income,2012,14913629,3474.55,0.29,58.7,69.2,6.48,11.0,60.38,29.44,29.2,7.85,80.35,26.87,41.3,52.16,39.67,42.01,43.87,43.8,45.42,-1.62,-4.39,7.92,-10.97,-12.18,11.04,,0
ZMB,894,Zambia,Sub-Saharan Africa,lower_middle_income,2013,15398997,3535.22,0.31,59.44,66.0,6.57,11.0,61.51,30.11,30.1,7.27,77.76,25.65,42.38,52.47,40.57,44.53,45.42,45.07,46.43,-1.36,-3.96,7.88,-11.08,-9.93,9.79,,0
ZMB,894,Zambia,Sub-Saharan Africa,lower_middle_income,2014,15895315,3585.58,0.35,60.11,62.6,6.67,11.0,62.63,30.76,27.9,6.58,75.43,26.07,43.46,52.78,40.43,47.15,44.88,45.74,46.75,-1.01,-3.38,7.79,-11.66,-7.24,8.77,,0
ZMB,894,Zambia,Sub-Saharan Africa,lower_middle_income,2015,16399089,3576.93,0.36,60.73,60.2,6.76,11.01,63.73,31.41,31.1,5.95,73.37,25.68,44.37,53.09,42.08,49.48,45.38,46.88,46.17,0.71,-2.84,7.77,-10.41,-4.67,13.97,0.0,0
ZMB,894,Zambia,Sub-Saharan Africa,lower_middle_income,2016,16914423,3598.17,0.37,61.13,57.1,6.85,11.01,64.84,32.05,35.4,5.24,73.06,26.17,45.25,53.4,44.09,51.06,44.75,47.71,46.81,0.9,-2.5,7.71,-8.5,-3.4,11.91,,0
ZMB,894,Zambia,Sub-Saharan Africa,lower_middle_income,2017,17441320,3612.51,0.46,61.56,55.2,6.94,11.01,65.93,32.67,40.3,4.53,72.82,23.76,45.95,53.71,46.3,52.62,47.98,49.31,47.42,1.89,-2.09,7.8,-7.26,-1.94,13.39,,0
ZMB,894,Zambia,Sub-Saharan Africa,lower_middle_income,2018,17973569,3646.96,0.51,62.14,54.7,7.03,11.01,67.01,33.29,40.2,5.03,72.54,23.34,46.49,54.02,46.83,51.76,48.57,49.53,47.83,1.71,-2.05,7.73,-7.95,-3.2,13.85,,0
ZMB,894,Zambia,Sub-Saharan Africa,lower_middle_income,2019,18513839,3591.56,0.49,62.91,53.5,7.16,11.02,68.08,33.89,43.0,5.54,73.14,23.2,47.33,54.46,48.32,50.43,48.76,49.86,48.2,1.66,-1.38,7.99,-6.2,-4.23,12.37,,0
ZMB,894,Zambia,Sub-Saharan Africa,lower_middle_income,2020,19059395,3391.6,0.5,63.36,52.5,7.28,11.02,69.14,34.49,44.6,6.03,73.27,24.31,47.88,54.89,49.41,49.38,47.21,49.75,47.9,1.85,-0.69,7.86,-5.55,-3.16,11.23,,0
ZMB,894,Zambia,Sub-Saharan Africa,lower_middle_income,2021,19603607,3503.03,0.49,62.36,50.4,7.28,11.02,70.22,35.24,46.7,5.2,69.68,24.31,47.55,54.89,50.72,52.93,47.21,50.66,48.24,2.42,-0.94,7.65,-6.01,-0.12,11.15,,1
ZMB,894,Zambia,Sub-Saharan Africa,lower_middle_income,2022,20152938,3585.12,0.52,65.28,49.5,7.28,11.02,71.3,36.0,47.8,5.99,70.88,24.31,49.99,54.89,51.7,50.71,47.21,50.9,49.07,1.83,-0.21,7.48,-6.11,-4.15,10.96,0.0,1
ZWE,716,Zimbabwe,Sub-Saharan Africa,lower_middle_income,2000,11892055,6170.33,1.23,46.03,99.4,6.55,10.42,67.92,44.52,33.7,5.68,65.53,20.27,27.62,50.76,48.71,54.14,53.28,46.9,53.09,-6.18,-23.5,1.31,-21.46,-3.07,12.65,0.0,0
ZWE,716,Zimbabwe,Sub-Saharan Africa,lower_middle_income,2001,11971901,6217.41,1.22,44.52,96.3,6.7,10.92,68.09,44.63,34.2,5.31,65.53,20.31,26.8,52.66,48.97,54.88,53.22,47.31,53.49,-6.18,-25.11,2.6,-21.53,-1.7,12.57,,0
ZWE,716,Zimbabwe,Sub-Saharan Africa,lower_middle_income,2002,12087653,5610.19,1.1,45.94,93.8,6.85,10.53,68.27,44.82,34.2,5.0,65.73,20.33,28.17,52.09,49.1,55.4,53.18,47.59,51.88,-4.3,-22.48,3.56,-17.92,-0.44,13.68,,0
ZWE,716,Zimbabwe,Sub-Saharan Africa,lower_middle_income,2003,12232323,4601.66,0.89,45.37,91.9,6.96,10.29,68.23,44.86,35.1,4.74,66.24,20.35,27.96,51.77,49.4,55.66,53.15,47.59,48.63,-1.04,-19.26,6.28,-10.58,0.98,15.62,,0
ZWE,716,Zimbabwe,Sub-Saharan Africa,lower_middle_income,2004,12365896,4287.6,0.84,46.04,91.2,7.06,10.36,68.16,44.88,35.6,4.39,66.65,20.37,28.56,52.31,49.55,56.14,53.11,47.93,47.43,0.5,-17.25,7.55,-7.45,1.36,16.01,,0
ZWE,716,Zimbabwe,Sub-Saharan Africa,lower_middle_income,2005,12483432,4004.66,0.92,46.57,91.6,7.16,10.43,68.09,44.26,36.1,4.63,66.94,20.42,28.92,52.85,49.48,55.51,53.03,47.96,46.44,1.52,-16.2,9.08,-5.38,0.61,16.54,,0
ZWE,716,Zimbabwe,Sub-Saharan Africa,lower_middle_income,2006,12636445,3819.23,0.85,47.06,87.6,7.26,10.51,68.02,43.63,37.2,4.77,66.99,20.49,29.78,53.39,49.62,55.21,52.91,48.18,46.09,2.08,-14.93,9.96,-4.22,0.06,16.73,,0
ZWE,716,Zimbabwe,Sub-Saharan Africa,lower_middle_income,2007,12804058,3631.54,0.83,47.58,90.6,7.36,10.58,67.94,43.01,37.2,5.01,67.44,20.61,29.81,53.93,49.38,54.49,52.71,48.07,45.53,2.53,-14.53,10.82,-2.47,-0.47,16.55,,0
ZWE,716,Zimbabwe,Sub-Saharan Africa,lower_middle_income,2008,12959149,2954.1,0.64,48.46,91.1,7.46,10.65,67.87,42.39,37.7,5.4,67.97,20.8,30.43,54.47,49.32,53.43,52.41,48.01,43.35,4.66,-11.43,13.34,3.07,-0.45,16.33,0.0,0
ZWE,716,Zimbabwe,Sub-Saharan Africa,lower_middle_income,2009,13142790,3299.41,0.6,49.75,89.8,7.56,10.72,67.79,41.77,43.4,5.48,68.4,21.09,31.58,55.01,50.99,53.05,51.96,48.52,44.82,3.69,-12.47,11.98,1.29,-1.48,15.54,,0
ZWE,716,Zimbabwe,Sub-Saharan Africa,lower_middle_income,2010,13356548,3885.39,0.75,51.92,85.2,7.67,10.8,67.71,41.16,38.9,5.47,68.43,21.49,33.82,55.55,49.26,53.04,51.33,48.6,47.04,1.56,-12.38,10.24,-4.56,-2.25,14.52,,0
ZWE,716,Zimbabwe,Sub-Saharan Africa,lower_middle_income,2011,13595424,4358.93,1.17,53.91,77.2,7.77,10.87,67.63,40.54,36.9,5.37,68.24,23.62,36.42,56.09,48.36,53.35,48.18,48.48,48.77,-0.29,-11.86,9.04,-9.12,-2.51,12.88,,0
ZWE,716,Zimbabwe,Sub-Saharan Africa,lower_middle_income,2012,13817887,5003.49,0.92,55.39,68.0,7.87,10.94,67.55,39.93,44.0,5.06,68.39,23.54,38.93,56.63,50.49,53.89,48.28,49.65,50.6,-0.95,-11.49,7.51,-11.43,-2.78,13.04,,0
ZWE,716,Zimbabwe,Sub-Saharan Africa,lower_middle_income,2013,14013808,5031.69,0.91,56.84,62.6,7.99,10.81,67.47,39.32,40.6,4.95,68.57,22.6,40.95,56.65,49.13,54.01,49.65,50.08,51.14,-1.06,-9.78,7.58,-13.26,-2.82,12.53,,0
ZWE,716,Zimbabwe,Sub-Saharan Africa,lower_middle_income,2014,14207359,5081.11,0.89,58.11,59.8,8.11,10.84,67.39,38.72,32.3,4.77,68.83,23.43,42.42,57.14,46.14,54.23,48.44,49.67,51.48,-1.81,-8.81,7.78,-16.38,-2.43,10.53,,0
ZWE,716,Zimbabwe,Sub-Saharan Africa,lower_middle_income,2015,14399013,5102.71,0.88,58.99,59.2,8.39,10.87,67.33,38.12,33.7,5.4,68.63,23.1,43.21,58.15,46.38,53.08,48.91,49.95,51.14,-1.19,-8.39,8.39,-16.82,-3.33,14.72,0.0,0
ZWE,716,Zimbabwe,Sub-Saharan Africa,lower_middle_income,2016,14600294,5070.4,0.77,59.76,57.5,8.43,10.9,67.28,37.53,42.5,5.9,68.49,22.57,44.12,58.36,49.1,52.16,49.69,50.69,51.38,-0.7,-7.79,8.45,-13.52,-4.51,14.37,,0
ZWE,716,Zimbabwe,Sub-Saharan Africa,lower_middle_income,2017,14812482,5234.38,0.71,60.26,56.7,8.46,10.93,67.24,36.94,44.0,6.35,68.23,18.0,44.66,58.57,49.39,51.39,57.25,52.25,52.31,-0.06,-7.83,8.25,-15.12,-5.57,20.16,,0
ZWE,716,Zimbabwe,Sub-Saharan Africa,lower_middle_income,2018,15034452,5415.47,0.82,60.91,56.3,8.57,10.96,67.2,36.36,45.4,6.79,68.11,19.11,45.23,59.03,49.65,50.58,55.24,51.95,52.89,-0.94,-8.01,8.02,-16.37,-7.03,18.0,,0
ZWE,716,Zimbabwe,Sub-Saharan Africa,lower_middle_income,2019,15271368,4993.84,0.73,61.06,58.6,8.69,10.99,67.18,35.77,46.7,7.37,68.04,18.53,44.91,59.5,49.88,49.44,56.28,52.0,52.34,-0.34,-7.6,9.21,-14.0,-7.35,18.27,,0
ZWE,716,Zimbabwe,Sub-Saharan Africa,lower_middle_income,2020,15526888,4527.72,0.58,61.53,61.7,8.81,11.03,67.17,35.19,52.7,8.62,68.46,19.49,44.71,59.99,51.69,46.73,54.58,51.54,51.38,0.16,-7.12,9.85,-11.54,-7.39,17.16,,0
ZWE,716,Zimbabwe,Sub-Saharan Africa,lower_middle_income,2021,15797210,4827.09,0.69,60.14,62.4,8.81,11.03,67.16,34.61,49.0,9.54,68.45,19.49,43.52,59.99,50.26,44.89,54.58,50.65,52.11,-1.47,-8.54,9.19,-15.42,-10.22,16.73,,1
ZWE,716,Zimbabwe,Sub-Saharan Africa,lower_middle_income,2022,16069056,5036.76,0.72,62.36,64.0,8.81,11.03,67.17,34.62,50.1,10.09,68.93,19.49,44.96,59.99,50.63,43.55,54.58,50.74,53.36,-2.62,-9.13,8.66,-16.58,-13.7,16.36,1.0,1
